CREATE DATABASE instituto;
USE instituto;

-- phpMyAdmin SQL Dump
-- version 5.2.1
-- https://www.phpmyadmin.net/
--
-- Servidor: 127.0.0.1
-- Tiempo de generación: 13-12-2024 a las 04:56:11
-- Versión del servidor: 10.4.32-MariaDB
-- Versión de PHP: 8.2.12

SET SQL_MODE = "NO_AUTO_VALUE_ON_ZERO";
START TRANSACTION;
SET time_zone = "+00:00";


/*!40101 SET @OLD_CHARACTER_SET_CLIENT=@@CHARACTER_SET_CLIENT */;
/*!40101 SET @OLD_CHARACTER_SET_RESULTS=@@CHARACTER_SET_RESULTS */;
/*!40101 SET @OLD_COLLATION_CONNECTION=@@COLLATION_CONNECTION */;
/*!40101 SET NAMES utf8mb4 */;

--
-- Base de datos: `instituto`
--

-- --------------------------------------------------------

--
-- Estructura de tabla para la tabla `activities`
--

CREATE TABLE `activities` (
  `id` bigint(20) UNSIGNED NOT NULL,
  `activity_code` varchar(191) NOT NULL,
  `name` varchar(191) NOT NULL,
  `description` text DEFAULT NULL,
  `course_id` bigint(20) UNSIGNED NOT NULL,
  `start_date` date NOT NULL,
  `end_date` date NOT NULL,
  `created_at` timestamp NULL DEFAULT NULL,
  `updated_at` timestamp NULL DEFAULT NULL
) ENGINE=InnoDB DEFAULT CHARSET=utf8mb4 COLLATE=utf8mb4_unicode_ci;

--
-- Volcado de datos para la tabla `activities`
--

INSERT INTO `activities` (`id`, `activity_code`, `name`, `description`, `course_id`, `start_date`, `end_date`, `created_at`, `updated_at`) VALUES
(1, 'ACT-671D9FF88FF7A', 'Actividad para el Curso 1', 'Descripción de la actividad para el curso 1', 1, '2024-11-24', '2024-12-14', '2024-10-27 07:05:44', '2024-10-27 07:05:44'),
(2, 'ACT-671D9FF890DCF', 'Actividad para el Curso 2', 'Descripción de la actividad para el curso 2', 2, '2024-11-17', '2024-12-22', '2024-10-27 07:05:44', '2024-10-27 07:05:44'),
(3, 'ACT-671D9FF8914E6', 'Actividad para el Curso 3', 'Descripción de la actividad para el curso 3', 3, '2024-11-18', '2024-12-05', '2024-10-27 07:05:44', '2024-10-27 07:05:44'),
(4, 'ACT-671D9FF89239F', 'Actividad para el Curso 4', 'Descripción de la actividad para el curso 4', 4, '2024-11-05', '2024-12-01', '2024-10-27 07:05:44', '2024-10-27 07:05:44'),
(5, 'ACT-671D9FF892C72', 'Actividad para el Curso 5', 'Descripción de la actividad para el curso 5', 5, '2024-11-01', '2024-12-21', '2024-10-27 07:05:44', '2024-10-27 07:05:44'),
(6, 'ACT-671D9FF895102', 'Actividad para el Curso 6', 'Descripción de la actividad para el curso 6', 6, '2024-11-10', '2024-12-15', '2024-10-27 07:05:44', '2024-10-27 07:05:44'),
(7, 'ACT-671D9FF8959EF', 'Actividad para el Curso 7', 'Descripción de la actividad para el curso 7', 7, '2024-11-17', '2024-12-23', '2024-10-27 07:05:44', '2024-10-27 07:05:44'),
(8, 'ACT-671D9FF89D95A', 'Actividad para el Curso 8', 'Descripción de la actividad para el curso 8', 8, '2024-11-24', '2024-12-22', '2024-10-27 07:05:44', '2024-10-27 07:05:44'),
(9, 'ACT-671D9FF89E052', 'Actividad para el Curso 9', 'Descripción de la actividad para el curso 9', 9, '2024-11-11', '2024-12-26', '2024-10-27 07:05:44', '2024-10-27 07:05:44'),
(10, 'ACT-671D9FF89EA8D', 'Actividad para el Curso 10', 'Descripción de la actividad para el curso 10', 10, '2024-11-09', '2024-12-05', '2024-10-27 07:05:44', '2024-10-27 07:05:44'),
(11, 'ACT-671D9FF89EFB5', 'Actividad para el Curso 11', 'Descripción de la actividad para el curso 11', 11, '2024-11-06', '2024-12-02', '2024-10-27 07:05:44', '2024-10-27 07:05:44'),
(12, 'ACT-671D9FF89F72F', 'Actividad para el Curso 12', 'Descripción de la actividad para el curso 12', 12, '2024-11-17', '2024-12-13', '2024-10-27 07:05:44', '2024-10-27 07:05:44'),
(13, 'ACT-671D9FF89FF84', 'Actividad para el Curso 13', 'Descripción de la actividad para el curso 13', 13, '2024-11-10', '2024-12-26', '2024-10-27 07:05:44', '2024-10-27 07:05:44'),
(14, 'ACT-671D9FF8A0974', 'Actividad para el Curso 14', 'Descripción de la actividad para el curso 14', 14, '2024-11-13', '2024-12-11', '2024-10-27 07:05:44', '2024-10-27 07:05:44'),
(15, 'ACT-671D9FF8A1447', 'Actividad para el Curso 15', 'Descripción de la actividad para el curso 15', 15, '2024-11-22', '2024-12-04', '2024-10-27 07:05:44', '2024-10-27 07:05:44');

-- --------------------------------------------------------

--
-- Estructura de tabla para la tabla `activity_submissions`
--

CREATE TABLE `activity_submissions` (
  `id` bigint(20) UNSIGNED NOT NULL,
  `user_id` bigint(20) UNSIGNED NOT NULL,
  `activity_id` bigint(20) UNSIGNED NOT NULL,
  `filepath` varchar(191) DEFAULT NULL,
  `text_content` text DEFAULT NULL,
  `created_at` timestamp NULL DEFAULT NULL,
  `updated_at` timestamp NULL DEFAULT NULL
) ENGINE=InnoDB DEFAULT CHARSET=utf8mb4 COLLATE=utf8mb4_unicode_ci;

--
-- Volcado de datos para la tabla `activity_submissions`
--

INSERT INTO `activity_submissions` (`id`, `user_id`, `activity_id`, `filepath`, `text_content`, `created_at`, `updated_at`) VALUES
(1, 1, 7, '', '', '2024-10-27 07:05:44', '2024-10-27 07:05:44'),
(2, 1, 13, '', '', '2024-10-27 07:05:44', '2024-10-27 07:05:44'),
(3, 2, 6, '', '', '2024-10-27 07:05:44', '2024-10-27 07:05:44'),
(4, 3, 11, '', '', '2024-10-27 07:05:44', '2024-10-27 07:05:44'),
(5, 4, 6, '', '', '2024-10-27 07:05:44', '2024-10-27 07:05:44'),
(6, 4, 13, '', '', '2024-10-27 07:05:44', '2024-10-27 07:05:44'),
(7, 5, 9, '', '', '2024-10-27 07:05:44', '2024-10-27 07:05:44'),
(8, 6, 11, '', '', '2024-10-27 07:05:44', '2024-10-27 07:05:44'),
(9, 6, 15, '', '', '2024-10-27 07:05:44', '2024-10-27 07:05:44'),
(10, 7, 3, '', '', '2024-10-27 07:05:44', '2024-10-27 07:05:44'),
(11, 7, 5, '', '', '2024-10-27 07:05:44', '2024-10-27 07:05:44'),
(12, 8, 4, '', '', '2024-10-27 07:05:44', '2024-10-27 07:05:44'),
(13, 8, 7, '', '', '2024-10-27 07:05:44', '2024-10-27 07:05:44'),
(14, 9, 3, '', '', '2024-10-27 07:05:44', '2024-10-27 07:05:44'),
(15, 9, 5, '', '', '2024-10-27 07:05:44', '2024-10-27 07:05:44'),
(16, 9, 13, '', '', '2024-10-27 07:05:44', '2024-10-27 07:05:44'),
(17, 10, 7, '', '', '2024-10-27 07:05:44', '2024-10-27 07:05:44'),
(18, 10, 13, '', '', '2024-10-27 07:05:44', '2024-10-27 07:05:44'),
(19, 10, 15, '', '', '2024-10-27 07:05:44', '2024-10-27 07:05:44'),
(20, 11, 2, '', '', '2024-10-27 07:05:44', '2024-10-27 07:05:44'),
(21, 11, 9, '', '', '2024-10-27 07:05:44', '2024-10-27 07:05:44'),
(22, 11, 11, '', '', '2024-10-27 07:05:44', '2024-10-27 07:05:44'),
(23, 12, 5, '', '', '2024-10-27 07:05:44', '2024-10-27 07:05:44'),
(24, 12, 10, '', '', '2024-10-27 07:05:44', '2024-10-27 07:05:44'),
(25, 13, 10, '', '', '2024-10-27 07:05:44', '2024-10-27 07:05:44'),
(26, 13, 11, '', '', '2024-10-27 07:05:44', '2024-10-27 07:05:44'),
(27, 14, 10, '', '', '2024-10-27 07:05:44', '2024-10-27 07:05:44'),
(28, 15, 3, '', '', '2024-10-27 07:05:44', '2024-10-27 07:05:44'),
(29, 16, 9, '', '', '2024-10-27 07:05:44', '2024-10-27 07:05:44'),
(30, 17, 9, '', '', '2024-10-27 07:05:44', '2024-10-27 07:05:44'),
(31, 17, 12, '', '', '2024-10-27 07:05:44', '2024-10-27 07:05:44'),
(32, 17, 14, '', '', '2024-10-27 07:05:44', '2024-10-27 07:05:44'),
(33, 18, 7, '', '', '2024-10-27 07:05:44', '2024-10-27 07:05:44'),
(34, 18, 11, '', '', '2024-10-27 07:05:44', '2024-10-27 07:05:44'),
(35, 19, 15, '', '', '2024-10-27 07:05:44', '2024-10-27 07:05:44'),
(36, 20, 5, '', '', '2024-10-27 07:05:44', '2024-10-27 07:05:44'),
(37, 20, 6, '', '', '2024-10-27 07:05:44', '2024-10-27 07:05:44'),
(38, 20, 7, '', '', '2024-10-27 07:05:44', '2024-10-27 07:05:44'),
(39, 21, 4, '', '', '2024-10-27 07:05:44', '2024-10-27 07:05:44'),
(40, 21, 7, '', '', '2024-10-27 07:05:44', '2024-10-27 07:05:44'),
(41, 21, 11, '', '', '2024-10-27 07:05:44', '2024-10-27 07:05:44'),
(42, 22, 15, '', '', '2024-10-27 07:05:44', '2024-10-27 07:05:44'),
(43, 23, 5, '', '', '2024-10-27 07:05:44', '2024-10-27 07:05:44'),
(44, 23, 15, '', '', '2024-10-27 07:05:44', '2024-10-27 07:05:44'),
(45, 24, 2, '', '', '2024-10-27 07:05:44', '2024-10-27 07:05:44'),
(46, 25, 12, '', '', '2024-10-27 07:05:44', '2024-10-27 07:05:44'),
(47, 26, 8, '', '', '2024-10-27 07:05:44', '2024-10-27 07:05:44'),
(48, 26, 12, '', '', '2024-10-27 07:05:44', '2024-10-27 07:05:44'),
(49, 27, 8, '', '', '2024-10-27 07:05:44', '2024-10-27 07:05:44'),
(50, 27, 11, '', '', '2024-10-27 07:05:44', '2024-10-27 07:05:44'),
(51, 27, 15, '', '', '2024-10-27 07:05:44', '2024-10-27 07:05:44'),
(52, 28, 13, '', '', '2024-10-27 07:05:44', '2024-10-27 07:05:44'),
(53, 28, 15, '', '', '2024-10-27 07:05:44', '2024-10-27 07:05:44'),
(54, 29, 5, '', '', '2024-10-27 07:05:44', '2024-10-27 07:05:44'),
(55, 30, 8, '', '', '2024-10-27 07:05:44', '2024-10-27 07:05:44');

-- --------------------------------------------------------

--
-- Estructura de tabla para la tabla `activity_user`
--

CREATE TABLE `activity_user` (
  `id` bigint(20) UNSIGNED NOT NULL,
  `user_id` bigint(20) UNSIGNED NOT NULL,
  `activity_id` bigint(20) UNSIGNED NOT NULL,
  `created_at` timestamp NULL DEFAULT NULL,
  `updated_at` timestamp NULL DEFAULT NULL
) ENGINE=InnoDB DEFAULT CHARSET=utf8mb4 COLLATE=utf8mb4_unicode_ci;

-- --------------------------------------------------------

--
-- Estructura de tabla para la tabla `attendance`
--

CREATE TABLE `attendance` (
  `id` bigint(20) UNSIGNED NOT NULL,
  `user_id` bigint(20) UNSIGNED NOT NULL,
  `course_id` bigint(20) UNSIGNED NOT NULL,
  `attendance_date` date NOT NULL,
  `status` enum('present','absent','late') NOT NULL,
  `created_at` timestamp NULL DEFAULT NULL,
  `updated_at` timestamp NULL DEFAULT NULL
) ENGINE=InnoDB DEFAULT CHARSET=utf8mb4 COLLATE=utf8mb4_unicode_ci;

--
-- Volcado de datos para la tabla `attendance`
--

INSERT INTO `attendance` (`id`, `user_id`, `course_id`, `attendance_date`, `status`, `created_at`, `updated_at`) VALUES
(1, 1, 1, '2024-07-23', 'late', '2024-10-27 07:05:44', '2024-10-27 07:05:44'),
(2, 1, 2, '2024-07-23', 'late', '2024-10-27 07:05:44', '2024-10-27 07:05:44'),
(3, 1, 3, '2024-07-23', 'late', '2024-10-27 07:05:44', '2024-10-27 07:05:44'),
(4, 1, 4, '2024-07-23', 'present', '2024-10-27 07:05:44', '2024-10-27 07:05:44'),
(5, 1, 5, '2024-07-23', 'present', '2024-10-27 07:05:44', '2024-10-27 07:05:44'),
(6, 1, 6, '2024-07-23', 'absent', '2024-10-27 07:05:44', '2024-10-27 07:05:44'),
(7, 1, 7, '2024-07-23', 'late', '2024-10-27 07:05:44', '2024-10-27 07:05:44'),
(8, 1, 8, '2024-07-23', 'absent', '2024-10-27 07:05:44', '2024-10-27 07:05:44'),
(9, 1, 9, '2024-07-23', 'present', '2024-10-27 07:05:44', '2024-10-27 07:05:44'),
(10, 1, 10, '2024-07-23', 'late', '2024-10-27 07:05:44', '2024-10-27 07:05:44'),
(11, 1, 11, '2024-07-23', 'absent', '2024-10-27 07:05:44', '2024-10-27 07:05:44'),
(12, 1, 12, '2024-07-23', 'late', '2024-10-27 07:05:44', '2024-10-27 07:05:44'),
(13, 1, 13, '2024-07-23', 'present', '2024-10-27 07:05:44', '2024-10-27 07:05:44'),
(14, 1, 14, '2024-07-23', 'late', '2024-10-27 07:05:44', '2024-10-27 07:05:44'),
(15, 1, 15, '2024-07-23', 'absent', '2024-10-27 07:05:44', '2024-10-27 07:05:44'),
(16, 1, 1, '2024-06-12', 'late', '2024-10-27 07:05:44', '2024-10-27 07:05:44'),
(17, 1, 2, '2024-06-12', 'absent', '2024-10-27 07:05:44', '2024-10-27 07:05:44'),
(18, 1, 3, '2024-06-12', 'present', '2024-10-27 07:05:44', '2024-10-27 07:05:44'),
(19, 1, 4, '2024-06-12', 'absent', '2024-10-27 07:05:44', '2024-10-27 07:05:44'),
(20, 1, 5, '2024-06-12', 'absent', '2024-10-27 07:05:44', '2024-10-27 07:05:44'),
(21, 1, 6, '2024-06-12', 'absent', '2024-10-27 07:05:44', '2024-10-27 07:05:44'),
(22, 1, 7, '2024-06-12', 'present', '2024-10-27 07:05:44', '2024-10-27 07:05:44'),
(23, 1, 8, '2024-06-12', 'absent', '2024-10-27 07:05:44', '2024-10-27 07:05:44'),
(24, 1, 9, '2024-06-12', 'present', '2024-10-27 07:05:44', '2024-10-27 07:05:44'),
(25, 1, 10, '2024-06-12', 'present', '2024-10-27 07:05:45', '2024-10-27 07:05:45'),
(26, 1, 11, '2024-06-12', 'present', '2024-10-27 07:05:45', '2024-10-27 07:05:45'),
(27, 1, 12, '2024-06-12', 'absent', '2024-10-27 07:05:45', '2024-10-27 07:05:45'),
(28, 1, 13, '2024-06-12', 'late', '2024-10-27 07:05:45', '2024-10-27 07:05:45'),
(29, 1, 14, '2024-06-12', 'absent', '2024-10-27 07:05:45', '2024-10-27 07:05:45'),
(30, 1, 15, '2024-06-12', 'present', '2024-10-27 07:05:45', '2024-10-27 07:05:45'),
(31, 1, 1, '2024-05-30', 'absent', '2024-10-27 07:05:45', '2024-10-27 07:05:45'),
(32, 1, 2, '2024-05-30', 'absent', '2024-10-27 07:05:45', '2024-10-27 07:05:45'),
(33, 1, 3, '2024-05-30', 'absent', '2024-10-27 07:05:45', '2024-10-27 07:05:45'),
(34, 1, 4, '2024-05-30', 'late', '2024-10-27 07:05:45', '2024-10-27 07:05:45'),
(35, 1, 5, '2024-05-30', 'present', '2024-10-27 07:05:45', '2024-10-27 07:05:45'),
(36, 1, 6, '2024-05-30', 'absent', '2024-10-27 07:05:45', '2024-10-27 07:05:45'),
(37, 1, 7, '2024-05-30', 'late', '2024-10-27 07:05:45', '2024-10-27 07:05:45'),
(38, 1, 8, '2024-05-30', 'late', '2024-10-27 07:05:45', '2024-10-27 07:05:45'),
(39, 1, 9, '2024-05-30', 'absent', '2024-10-27 07:05:45', '2024-10-27 07:05:45'),
(40, 1, 10, '2024-05-30', 'present', '2024-10-27 07:05:45', '2024-10-27 07:05:45'),
(41, 1, 11, '2024-05-30', 'late', '2024-10-27 07:05:45', '2024-10-27 07:05:45'),
(42, 1, 12, '2024-05-30', 'late', '2024-10-27 07:05:45', '2024-10-27 07:05:45'),
(43, 1, 13, '2024-05-30', 'absent', '2024-10-27 07:05:45', '2024-10-27 07:05:45'),
(44, 1, 14, '2024-05-30', 'present', '2024-10-27 07:05:45', '2024-10-27 07:05:45'),
(45, 1, 15, '2024-05-30', 'present', '2024-10-27 07:05:45', '2024-10-27 07:05:45'),
(46, 1, 1, '2024-06-21', 'late', '2024-10-27 07:05:45', '2024-10-27 07:05:45'),
(47, 1, 2, '2024-06-21', 'absent', '2024-10-27 07:05:45', '2024-10-27 07:05:45'),
(48, 1, 3, '2024-06-21', 'present', '2024-10-27 07:05:45', '2024-10-27 07:05:45'),
(49, 1, 4, '2024-06-21', 'late', '2024-10-27 07:05:45', '2024-10-27 07:05:45'),
(50, 1, 5, '2024-06-21', 'late', '2024-10-27 07:05:45', '2024-10-27 07:05:45'),
(51, 1, 6, '2024-06-21', 'present', '2024-10-27 07:05:45', '2024-10-27 07:05:45'),
(52, 1, 7, '2024-06-21', 'absent', '2024-10-27 07:05:45', '2024-10-27 07:05:45'),
(53, 1, 8, '2024-06-21', 'absent', '2024-10-27 07:05:45', '2024-10-27 07:05:45'),
(54, 1, 9, '2024-06-21', 'late', '2024-10-27 07:05:45', '2024-10-27 07:05:45'),
(55, 1, 10, '2024-06-21', 'late', '2024-10-27 07:05:45', '2024-10-27 07:05:45'),
(56, 1, 11, '2024-06-21', 'late', '2024-10-27 07:05:45', '2024-10-27 07:05:45'),
(57, 1, 12, '2024-06-21', 'present', '2024-10-27 07:05:45', '2024-10-27 07:05:45'),
(58, 1, 13, '2024-06-21', 'late', '2024-10-27 07:05:45', '2024-10-27 07:05:45'),
(59, 1, 14, '2024-06-21', 'present', '2024-10-27 07:05:45', '2024-10-27 07:05:45'),
(60, 1, 15, '2024-06-21', 'present', '2024-10-27 07:05:45', '2024-10-27 07:05:45'),
(61, 1, 1, '2024-07-16', 'absent', '2024-10-27 07:05:45', '2024-10-27 07:05:45'),
(62, 1, 2, '2024-07-16', 'present', '2024-10-27 07:05:45', '2024-10-27 07:05:45'),
(63, 1, 3, '2024-07-16', 'absent', '2024-10-27 07:05:45', '2024-10-27 07:05:45'),
(64, 1, 4, '2024-07-16', 'present', '2024-10-27 07:05:45', '2024-10-27 07:05:45'),
(65, 1, 5, '2024-07-16', 'present', '2024-10-27 07:05:45', '2024-10-27 07:05:45'),
(66, 1, 6, '2024-07-16', 'absent', '2024-10-27 07:05:45', '2024-10-27 07:05:45'),
(67, 1, 7, '2024-07-16', 'absent', '2024-10-27 07:05:45', '2024-10-27 07:05:45'),
(68, 1, 8, '2024-07-16', 'present', '2024-10-27 07:05:45', '2024-10-27 07:05:45'),
(69, 1, 9, '2024-07-16', 'absent', '2024-10-27 07:05:45', '2024-10-27 07:05:45'),
(70, 1, 10, '2024-07-16', 'late', '2024-10-27 07:05:45', '2024-10-27 07:05:45'),
(71, 1, 11, '2024-07-16', 'absent', '2024-10-27 07:05:45', '2024-10-27 07:05:45'),
(72, 1, 12, '2024-07-16', 'present', '2024-10-27 07:05:45', '2024-10-27 07:05:45'),
(73, 1, 13, '2024-07-16', 'absent', '2024-10-27 07:05:45', '2024-10-27 07:05:45'),
(74, 1, 14, '2024-07-16', 'absent', '2024-10-27 07:05:45', '2024-10-27 07:05:45'),
(75, 1, 15, '2024-07-16', 'present', '2024-10-27 07:05:45', '2024-10-27 07:05:45'),
(76, 1, 1, '2024-07-01', 'absent', '2024-10-27 07:05:45', '2024-10-27 07:05:45'),
(77, 1, 2, '2024-07-01', 'present', '2024-10-27 07:05:45', '2024-10-27 07:05:45'),
(78, 1, 3, '2024-07-01', 'late', '2024-10-27 07:05:45', '2024-10-27 07:05:45'),
(79, 1, 4, '2024-07-01', 'late', '2024-10-27 07:05:45', '2024-10-27 07:05:45'),
(80, 1, 5, '2024-07-01', 'late', '2024-10-27 07:05:45', '2024-10-27 07:05:45'),
(81, 1, 6, '2024-07-01', 'absent', '2024-10-27 07:05:45', '2024-10-27 07:05:45'),
(82, 1, 7, '2024-07-01', 'absent', '2024-10-27 07:05:45', '2024-10-27 07:05:45'),
(83, 1, 8, '2024-07-01', 'present', '2024-10-27 07:05:45', '2024-10-27 07:05:45'),
(84, 1, 9, '2024-07-01', 'present', '2024-10-27 07:05:45', '2024-10-27 07:05:45'),
(85, 1, 10, '2024-07-01', 'late', '2024-10-27 07:05:45', '2024-10-27 07:05:45'),
(86, 1, 11, '2024-07-01', 'absent', '2024-10-27 07:05:45', '2024-10-27 07:05:45'),
(87, 1, 12, '2024-07-01', 'absent', '2024-10-27 07:05:45', '2024-10-27 07:05:45'),
(88, 1, 13, '2024-07-01', 'late', '2024-10-27 07:05:45', '2024-10-27 07:05:45'),
(89, 1, 14, '2024-07-01', 'late', '2024-10-27 07:05:45', '2024-10-27 07:05:45'),
(90, 1, 15, '2024-07-01', 'late', '2024-10-27 07:05:45', '2024-10-27 07:05:45'),
(91, 1, 1, '2024-05-22', 'present', '2024-10-27 07:05:45', '2024-10-27 07:05:45'),
(92, 1, 2, '2024-05-22', 'late', '2024-10-27 07:05:45', '2024-10-27 07:05:45'),
(93, 1, 3, '2024-05-22', 'absent', '2024-10-27 07:05:45', '2024-10-27 07:05:45'),
(94, 1, 4, '2024-05-22', 'absent', '2024-10-27 07:05:45', '2024-10-27 07:05:45'),
(95, 1, 5, '2024-05-22', 'present', '2024-10-27 07:05:45', '2024-10-27 07:05:45'),
(96, 1, 6, '2024-05-22', 'present', '2024-10-27 07:05:45', '2024-10-27 07:05:45'),
(97, 1, 7, '2024-05-22', 'absent', '2024-10-27 07:05:45', '2024-10-27 07:05:45'),
(98, 1, 8, '2024-05-22', 'absent', '2024-10-27 07:05:45', '2024-10-27 07:05:45'),
(99, 1, 9, '2024-05-22', 'present', '2024-10-27 07:05:45', '2024-10-27 07:05:45'),
(100, 1, 10, '2024-05-22', 'late', '2024-10-27 07:05:45', '2024-10-27 07:05:45'),
(101, 1, 11, '2024-05-22', 'late', '2024-10-27 07:05:45', '2024-10-27 07:05:45'),
(102, 1, 12, '2024-05-22', 'absent', '2024-10-27 07:05:45', '2024-10-27 07:05:45'),
(103, 1, 13, '2024-05-22', 'absent', '2024-10-27 07:05:45', '2024-10-27 07:05:45'),
(104, 1, 14, '2024-05-22', 'present', '2024-10-27 07:05:45', '2024-10-27 07:05:45'),
(105, 1, 15, '2024-05-22', 'late', '2024-10-27 07:05:45', '2024-10-27 07:05:45'),
(106, 1, 1, '2024-04-26', 'absent', '2024-10-27 07:05:45', '2024-10-27 07:05:45'),
(107, 1, 2, '2024-04-26', 'absent', '2024-10-27 07:05:45', '2024-10-27 07:05:45'),
(108, 1, 3, '2024-04-26', 'late', '2024-10-27 07:05:45', '2024-10-27 07:05:45'),
(109, 1, 4, '2024-04-26', 'absent', '2024-10-27 07:05:45', '2024-10-27 07:05:45'),
(110, 1, 5, '2024-04-26', 'present', '2024-10-27 07:05:45', '2024-10-27 07:05:45'),
(111, 1, 6, '2024-04-26', 'absent', '2024-10-27 07:05:45', '2024-10-27 07:05:45'),
(112, 1, 7, '2024-04-26', 'present', '2024-10-27 07:05:45', '2024-10-27 07:05:45'),
(113, 1, 8, '2024-04-26', 'present', '2024-10-27 07:05:45', '2024-10-27 07:05:45'),
(114, 1, 9, '2024-04-26', 'present', '2024-10-27 07:05:45', '2024-10-27 07:05:45'),
(115, 1, 10, '2024-04-26', 'present', '2024-10-27 07:05:45', '2024-10-27 07:05:45'),
(116, 1, 11, '2024-04-26', 'late', '2024-10-27 07:05:45', '2024-10-27 07:05:45'),
(117, 1, 12, '2024-04-26', 'present', '2024-10-27 07:05:45', '2024-10-27 07:05:45'),
(118, 1, 13, '2024-04-26', 'present', '2024-10-27 07:05:45', '2024-10-27 07:05:45'),
(119, 1, 14, '2024-04-26', 'late', '2024-10-27 07:05:45', '2024-10-27 07:05:45'),
(120, 1, 15, '2024-04-26', 'late', '2024-10-27 07:05:45', '2024-10-27 07:05:45'),
(121, 1, 1, '2024-05-04', 'present', '2024-10-27 07:05:45', '2024-10-27 07:05:45'),
(122, 1, 2, '2024-05-04', 'late', '2024-10-27 07:05:45', '2024-10-27 07:05:45'),
(123, 1, 3, '2024-05-04', 'present', '2024-10-27 07:05:45', '2024-10-27 07:05:45'),
(124, 1, 4, '2024-05-04', 'present', '2024-10-27 07:05:45', '2024-10-27 07:05:45'),
(125, 1, 5, '2024-05-04', 'present', '2024-10-27 07:05:45', '2024-10-27 07:05:45'),
(126, 1, 6, '2024-05-04', 'present', '2024-10-27 07:05:45', '2024-10-27 07:05:45'),
(127, 1, 7, '2024-05-04', 'present', '2024-10-27 07:05:45', '2024-10-27 07:05:45'),
(128, 1, 8, '2024-05-04', 'present', '2024-10-27 07:05:45', '2024-10-27 07:05:45'),
(129, 1, 9, '2024-05-04', 'present', '2024-10-27 07:05:45', '2024-10-27 07:05:45'),
(130, 1, 10, '2024-05-04', 'present', '2024-10-27 07:05:45', '2024-10-27 07:05:45'),
(131, 1, 11, '2024-05-04', 'absent', '2024-10-27 07:05:45', '2024-10-27 07:05:45'),
(132, 1, 12, '2024-05-04', 'late', '2024-10-27 07:05:45', '2024-10-27 07:05:45'),
(133, 1, 13, '2024-05-04', 'present', '2024-10-27 07:05:45', '2024-10-27 07:05:45'),
(134, 1, 14, '2024-05-04', 'present', '2024-10-27 07:05:45', '2024-10-27 07:05:45'),
(135, 1, 15, '2024-05-04', 'absent', '2024-10-27 07:05:45', '2024-10-27 07:05:45'),
(136, 2, 1, '2024-05-10', 'late', '2024-10-27 07:05:45', '2024-10-27 07:05:45'),
(137, 2, 2, '2024-05-10', 'late', '2024-10-27 07:05:45', '2024-10-27 07:05:45'),
(138, 2, 3, '2024-05-10', 'late', '2024-10-27 07:05:45', '2024-10-27 07:05:45'),
(139, 2, 4, '2024-05-10', 'absent', '2024-10-27 07:05:45', '2024-10-27 07:05:45'),
(140, 2, 5, '2024-05-10', 'late', '2024-10-27 07:05:45', '2024-10-27 07:05:45'),
(141, 2, 6, '2024-05-10', 'late', '2024-10-27 07:05:45', '2024-10-27 07:05:45'),
(142, 2, 7, '2024-05-10', 'absent', '2024-10-27 07:05:45', '2024-10-27 07:05:45'),
(143, 2, 8, '2024-05-10', 'late', '2024-10-27 07:05:45', '2024-10-27 07:05:45'),
(144, 2, 9, '2024-05-10', 'present', '2024-10-27 07:05:45', '2024-10-27 07:05:45'),
(145, 2, 10, '2024-05-10', 'absent', '2024-10-27 07:05:45', '2024-10-27 07:05:45'),
(146, 2, 11, '2024-05-10', 'present', '2024-10-27 07:05:45', '2024-10-27 07:05:45'),
(147, 2, 12, '2024-05-10', 'late', '2024-10-27 07:05:45', '2024-10-27 07:05:45'),
(148, 2, 13, '2024-05-10', 'absent', '2024-10-27 07:05:45', '2024-10-27 07:05:45'),
(149, 2, 14, '2024-05-10', 'present', '2024-10-27 07:05:45', '2024-10-27 07:05:45'),
(150, 2, 15, '2024-05-10', 'absent', '2024-10-27 07:05:45', '2024-10-27 07:05:45'),
(151, 2, 1, '2024-06-14', 'absent', '2024-10-27 07:05:45', '2024-10-27 07:05:45'),
(152, 2, 2, '2024-06-14', 'present', '2024-10-27 07:05:45', '2024-10-27 07:05:45'),
(153, 2, 3, '2024-06-14', 'absent', '2024-10-27 07:05:45', '2024-10-27 07:05:45'),
(154, 2, 4, '2024-06-14', 'late', '2024-10-27 07:05:45', '2024-10-27 07:05:45'),
(155, 2, 5, '2024-06-14', 'absent', '2024-10-27 07:05:45', '2024-10-27 07:05:45'),
(156, 2, 6, '2024-06-14', 'absent', '2024-10-27 07:05:45', '2024-10-27 07:05:45'),
(157, 2, 7, '2024-06-14', 'absent', '2024-10-27 07:05:45', '2024-10-27 07:05:45'),
(158, 2, 8, '2024-06-14', 'present', '2024-10-27 07:05:45', '2024-10-27 07:05:45'),
(159, 2, 9, '2024-06-14', 'present', '2024-10-27 07:05:45', '2024-10-27 07:05:45'),
(160, 2, 10, '2024-06-14', 'absent', '2024-10-27 07:05:45', '2024-10-27 07:05:45'),
(161, 2, 11, '2024-06-14', 'present', '2024-10-27 07:05:45', '2024-10-27 07:05:45'),
(162, 2, 12, '2024-06-14', 'late', '2024-10-27 07:05:45', '2024-10-27 07:05:45'),
(163, 2, 13, '2024-06-14', 'absent', '2024-10-27 07:05:45', '2024-10-27 07:05:45'),
(164, 2, 14, '2024-06-14', 'absent', '2024-10-27 07:05:45', '2024-10-27 07:05:45'),
(165, 2, 15, '2024-06-14', 'present', '2024-10-27 07:05:45', '2024-10-27 07:05:45'),
(166, 2, 1, '2024-05-03', 'absent', '2024-10-27 07:05:45', '2024-10-27 07:05:45'),
(167, 2, 2, '2024-05-03', 'absent', '2024-10-27 07:05:45', '2024-10-27 07:05:45'),
(168, 2, 3, '2024-05-03', 'present', '2024-10-27 07:05:45', '2024-10-27 07:05:45'),
(169, 2, 4, '2024-05-03', 'present', '2024-10-27 07:05:45', '2024-10-27 07:05:45'),
(170, 2, 5, '2024-05-03', 'present', '2024-10-27 07:05:45', '2024-10-27 07:05:45'),
(171, 2, 6, '2024-05-03', 'absent', '2024-10-27 07:05:45', '2024-10-27 07:05:45'),
(172, 2, 7, '2024-05-03', 'late', '2024-10-27 07:05:45', '2024-10-27 07:05:45'),
(173, 2, 8, '2024-05-03', 'absent', '2024-10-27 07:05:45', '2024-10-27 07:05:45'),
(174, 2, 9, '2024-05-03', 'present', '2024-10-27 07:05:45', '2024-10-27 07:05:45'),
(175, 2, 10, '2024-05-03', 'absent', '2024-10-27 07:05:45', '2024-10-27 07:05:45'),
(176, 2, 11, '2024-05-03', 'late', '2024-10-27 07:05:45', '2024-10-27 07:05:45'),
(177, 2, 12, '2024-05-03', 'late', '2024-10-27 07:05:45', '2024-10-27 07:05:45'),
(178, 2, 13, '2024-05-03', 'present', '2024-10-27 07:05:45', '2024-10-27 07:05:45'),
(179, 2, 14, '2024-05-03', 'late', '2024-10-27 07:05:45', '2024-10-27 07:05:45'),
(180, 2, 15, '2024-05-03', 'late', '2024-10-27 07:05:45', '2024-10-27 07:05:45'),
(181, 2, 1, '2024-05-13', 'absent', '2024-10-27 07:05:45', '2024-10-27 07:05:45'),
(182, 2, 2, '2024-05-13', 'present', '2024-10-27 07:05:45', '2024-10-27 07:05:45'),
(183, 2, 3, '2024-05-13', 'absent', '2024-10-27 07:05:45', '2024-10-27 07:05:45'),
(184, 2, 4, '2024-05-13', 'present', '2024-10-27 07:05:45', '2024-10-27 07:05:45'),
(185, 2, 5, '2024-05-13', 'late', '2024-10-27 07:05:45', '2024-10-27 07:05:45'),
(186, 2, 6, '2024-05-13', 'absent', '2024-10-27 07:05:45', '2024-10-27 07:05:45'),
(187, 2, 7, '2024-05-13', 'late', '2024-10-27 07:05:45', '2024-10-27 07:05:45'),
(188, 2, 8, '2024-05-13', 'present', '2024-10-27 07:05:45', '2024-10-27 07:05:45'),
(189, 2, 9, '2024-05-13', 'absent', '2024-10-27 07:05:45', '2024-10-27 07:05:45'),
(190, 2, 10, '2024-05-13', 'late', '2024-10-27 07:05:45', '2024-10-27 07:05:45'),
(191, 2, 11, '2024-05-13', 'absent', '2024-10-27 07:05:45', '2024-10-27 07:05:45'),
(192, 2, 12, '2024-05-13', 'present', '2024-10-27 07:05:45', '2024-10-27 07:05:45'),
(193, 2, 13, '2024-05-13', 'late', '2024-10-27 07:05:45', '2024-10-27 07:05:45'),
(194, 2, 14, '2024-05-13', 'present', '2024-10-27 07:05:45', '2024-10-27 07:05:45'),
(195, 2, 15, '2024-05-13', 'late', '2024-10-27 07:05:45', '2024-10-27 07:05:45'),
(196, 2, 1, '2024-05-30', 'late', '2024-10-27 07:05:45', '2024-10-27 07:05:45'),
(197, 2, 2, '2024-05-30', 'present', '2024-10-27 07:05:45', '2024-10-27 07:05:45'),
(198, 2, 3, '2024-05-30', 'absent', '2024-10-27 07:05:45', '2024-10-27 07:05:45'),
(199, 2, 4, '2024-05-30', 'late', '2024-10-27 07:05:45', '2024-10-27 07:05:45'),
(200, 2, 5, '2024-05-30', 'present', '2024-10-27 07:05:45', '2024-10-27 07:05:45'),
(201, 2, 6, '2024-05-30', 'absent', '2024-10-27 07:05:45', '2024-10-27 07:05:45'),
(202, 2, 7, '2024-05-30', 'late', '2024-10-27 07:05:45', '2024-10-27 07:05:45'),
(203, 2, 8, '2024-05-30', 'absent', '2024-10-27 07:05:45', '2024-10-27 07:05:45'),
(204, 2, 9, '2024-05-30', 'absent', '2024-10-27 07:05:45', '2024-10-27 07:05:45'),
(205, 2, 10, '2024-05-30', 'absent', '2024-10-27 07:05:45', '2024-10-27 07:05:45'),
(206, 2, 11, '2024-05-30', 'present', '2024-10-27 07:05:45', '2024-10-27 07:05:45'),
(207, 2, 12, '2024-05-30', 'absent', '2024-10-27 07:05:45', '2024-10-27 07:05:45'),
(208, 2, 13, '2024-05-30', 'late', '2024-10-27 07:05:45', '2024-10-27 07:05:45'),
(209, 2, 14, '2024-05-30', 'absent', '2024-10-27 07:05:45', '2024-10-27 07:05:45'),
(210, 2, 15, '2024-05-30', 'absent', '2024-10-27 07:05:45', '2024-10-27 07:05:45'),
(211, 2, 1, '2024-04-27', 'late', '2024-10-27 07:05:45', '2024-10-27 07:05:45'),
(212, 2, 2, '2024-04-27', 'late', '2024-10-27 07:05:45', '2024-10-27 07:05:45'),
(213, 2, 3, '2024-04-27', 'present', '2024-10-27 07:05:45', '2024-10-27 07:05:45'),
(214, 2, 4, '2024-04-27', 'absent', '2024-10-27 07:05:45', '2024-10-27 07:05:45'),
(215, 2, 5, '2024-04-27', 'late', '2024-10-27 07:05:45', '2024-10-27 07:05:45'),
(216, 2, 6, '2024-04-27', 'absent', '2024-10-27 07:05:45', '2024-10-27 07:05:45'),
(217, 2, 7, '2024-04-27', 'absent', '2024-10-27 07:05:45', '2024-10-27 07:05:45'),
(218, 2, 8, '2024-04-27', 'absent', '2024-10-27 07:05:45', '2024-10-27 07:05:45'),
(219, 2, 9, '2024-04-27', 'present', '2024-10-27 07:05:45', '2024-10-27 07:05:45'),
(220, 2, 10, '2024-04-27', 'present', '2024-10-27 07:05:45', '2024-10-27 07:05:45'),
(221, 2, 11, '2024-04-27', 'absent', '2024-10-27 07:05:45', '2024-10-27 07:05:45'),
(222, 2, 12, '2024-04-27', 'absent', '2024-10-27 07:05:45', '2024-10-27 07:05:45'),
(223, 2, 13, '2024-04-27', 'absent', '2024-10-27 07:05:45', '2024-10-27 07:05:45'),
(224, 2, 14, '2024-04-27', 'late', '2024-10-27 07:05:45', '2024-10-27 07:05:45'),
(225, 2, 15, '2024-04-27', 'late', '2024-10-27 07:05:45', '2024-10-27 07:05:45'),
(226, 2, 1, '2024-06-28', 'absent', '2024-10-27 07:05:45', '2024-10-27 07:05:45'),
(227, 2, 2, '2024-06-28', 'late', '2024-10-27 07:05:45', '2024-10-27 07:05:45'),
(228, 2, 3, '2024-06-28', 'late', '2024-10-27 07:05:45', '2024-10-27 07:05:45'),
(229, 2, 4, '2024-06-28', 'absent', '2024-10-27 07:05:45', '2024-10-27 07:05:45'),
(230, 2, 5, '2024-06-28', 'late', '2024-10-27 07:05:45', '2024-10-27 07:05:45'),
(231, 2, 6, '2024-06-28', 'absent', '2024-10-27 07:05:45', '2024-10-27 07:05:45'),
(232, 2, 7, '2024-06-28', 'absent', '2024-10-27 07:05:45', '2024-10-27 07:05:45'),
(233, 2, 8, '2024-06-28', 'late', '2024-10-27 07:05:45', '2024-10-27 07:05:45'),
(234, 2, 9, '2024-06-28', 'present', '2024-10-27 07:05:45', '2024-10-27 07:05:45'),
(235, 2, 10, '2024-06-28', 'present', '2024-10-27 07:05:45', '2024-10-27 07:05:45'),
(236, 2, 11, '2024-06-28', 'present', '2024-10-27 07:05:45', '2024-10-27 07:05:45'),
(237, 2, 12, '2024-06-28', 'absent', '2024-10-27 07:05:45', '2024-10-27 07:05:45'),
(238, 2, 13, '2024-06-28', 'present', '2024-10-27 07:05:45', '2024-10-27 07:05:45'),
(239, 2, 14, '2024-06-28', 'absent', '2024-10-27 07:05:45', '2024-10-27 07:05:45'),
(240, 2, 15, '2024-06-28', 'absent', '2024-10-27 07:05:45', '2024-10-27 07:05:45'),
(241, 3, 1, '2024-07-04', 'absent', '2024-10-27 07:05:45', '2024-10-27 07:05:45'),
(242, 3, 2, '2024-07-04', 'late', '2024-10-27 07:05:45', '2024-10-27 07:05:45'),
(243, 3, 3, '2024-07-04', 'absent', '2024-10-27 07:05:45', '2024-10-27 07:05:45'),
(244, 3, 4, '2024-07-04', 'present', '2024-10-27 07:05:45', '2024-10-27 07:05:45'),
(245, 3, 5, '2024-07-04', 'present', '2024-10-27 07:05:45', '2024-10-27 07:05:45'),
(246, 3, 6, '2024-07-04', 'late', '2024-10-27 07:05:45', '2024-10-27 07:05:45'),
(247, 3, 7, '2024-07-04', 'absent', '2024-10-27 07:05:45', '2024-10-27 07:05:45'),
(248, 3, 8, '2024-07-04', 'present', '2024-10-27 07:05:45', '2024-10-27 07:05:45'),
(249, 3, 9, '2024-07-04', 'late', '2024-10-27 07:05:45', '2024-10-27 07:05:45'),
(250, 3, 10, '2024-07-04', 'present', '2024-10-27 07:05:45', '2024-10-27 07:05:45'),
(251, 3, 11, '2024-07-04', 'absent', '2024-10-27 07:05:45', '2024-10-27 07:05:45'),
(252, 3, 12, '2024-07-04', 'late', '2024-10-27 07:05:45', '2024-10-27 07:05:45'),
(253, 3, 13, '2024-07-04', 'absent', '2024-10-27 07:05:45', '2024-10-27 07:05:45'),
(254, 3, 14, '2024-07-04', 'late', '2024-10-27 07:05:45', '2024-10-27 07:05:45'),
(255, 3, 15, '2024-07-04', 'absent', '2024-10-27 07:05:45', '2024-10-27 07:05:45'),
(256, 3, 1, '2024-05-23', 'absent', '2024-10-27 07:05:45', '2024-10-27 07:05:45'),
(257, 3, 2, '2024-05-23', 'present', '2024-10-27 07:05:45', '2024-10-27 07:05:45'),
(258, 3, 3, '2024-05-23', 'late', '2024-10-27 07:05:45', '2024-10-27 07:05:45'),
(259, 3, 4, '2024-05-23', 'absent', '2024-10-27 07:05:45', '2024-10-27 07:05:45'),
(260, 3, 5, '2024-05-23', 'late', '2024-10-27 07:05:45', '2024-10-27 07:05:45'),
(261, 3, 6, '2024-05-23', 'present', '2024-10-27 07:05:45', '2024-10-27 07:05:45'),
(262, 3, 7, '2024-05-23', 'present', '2024-10-27 07:05:45', '2024-10-27 07:05:45'),
(263, 3, 8, '2024-05-23', 'present', '2024-10-27 07:05:45', '2024-10-27 07:05:45'),
(264, 3, 9, '2024-05-23', 'late', '2024-10-27 07:05:45', '2024-10-27 07:05:45'),
(265, 3, 10, '2024-05-23', 'absent', '2024-10-27 07:05:45', '2024-10-27 07:05:45'),
(266, 3, 11, '2024-05-23', 'present', '2024-10-27 07:05:45', '2024-10-27 07:05:45'),
(267, 3, 12, '2024-05-23', 'absent', '2024-10-27 07:05:45', '2024-10-27 07:05:45'),
(268, 3, 13, '2024-05-23', 'absent', '2024-10-27 07:05:45', '2024-10-27 07:05:45'),
(269, 3, 14, '2024-05-23', 'late', '2024-10-27 07:05:45', '2024-10-27 07:05:45'),
(270, 3, 15, '2024-05-23', 'present', '2024-10-27 07:05:45', '2024-10-27 07:05:45'),
(271, 3, 1, '2024-06-14', 'absent', '2024-10-27 07:05:45', '2024-10-27 07:05:45'),
(272, 3, 2, '2024-06-14', 'present', '2024-10-27 07:05:45', '2024-10-27 07:05:45'),
(273, 3, 3, '2024-06-14', 'absent', '2024-10-27 07:05:45', '2024-10-27 07:05:45'),
(274, 3, 4, '2024-06-14', 'absent', '2024-10-27 07:05:45', '2024-10-27 07:05:45'),
(275, 3, 5, '2024-06-14', 'absent', '2024-10-27 07:05:45', '2024-10-27 07:05:45'),
(276, 3, 6, '2024-06-14', 'late', '2024-10-27 07:05:45', '2024-10-27 07:05:45'),
(277, 3, 7, '2024-06-14', 'present', '2024-10-27 07:05:45', '2024-10-27 07:05:45'),
(278, 3, 8, '2024-06-14', 'late', '2024-10-27 07:05:45', '2024-10-27 07:05:45'),
(279, 3, 9, '2024-06-14', 'late', '2024-10-27 07:05:45', '2024-10-27 07:05:45'),
(280, 3, 10, '2024-06-14', 'absent', '2024-10-27 07:05:45', '2024-10-27 07:05:45'),
(281, 3, 11, '2024-06-14', 'late', '2024-10-27 07:05:45', '2024-10-27 07:05:45'),
(282, 3, 12, '2024-06-14', 'late', '2024-10-27 07:05:45', '2024-10-27 07:05:45'),
(283, 3, 13, '2024-06-14', 'absent', '2024-10-27 07:05:45', '2024-10-27 07:05:45'),
(284, 3, 14, '2024-06-14', 'late', '2024-10-27 07:05:45', '2024-10-27 07:05:45'),
(285, 3, 15, '2024-06-14', 'present', '2024-10-27 07:05:45', '2024-10-27 07:05:45'),
(286, 3, 1, '2024-06-21', 'present', '2024-10-27 07:05:45', '2024-10-27 07:05:45'),
(287, 3, 2, '2024-06-21', 'late', '2024-10-27 07:05:45', '2024-10-27 07:05:45'),
(288, 3, 3, '2024-06-21', 'absent', '2024-10-27 07:05:45', '2024-10-27 07:05:45'),
(289, 3, 4, '2024-06-21', 'present', '2024-10-27 07:05:45', '2024-10-27 07:05:45'),
(290, 3, 5, '2024-06-21', 'absent', '2024-10-27 07:05:45', '2024-10-27 07:05:45'),
(291, 3, 6, '2024-06-21', 'absent', '2024-10-27 07:05:45', '2024-10-27 07:05:45'),
(292, 3, 7, '2024-06-21', 'late', '2024-10-27 07:05:45', '2024-10-27 07:05:45'),
(293, 3, 8, '2024-06-21', 'late', '2024-10-27 07:05:45', '2024-10-27 07:05:45'),
(294, 3, 9, '2024-06-21', 'late', '2024-10-27 07:05:45', '2024-10-27 07:05:45'),
(295, 3, 10, '2024-06-21', 'late', '2024-10-27 07:05:45', '2024-10-27 07:05:45'),
(296, 3, 11, '2024-06-21', 'absent', '2024-10-27 07:05:45', '2024-10-27 07:05:45'),
(297, 3, 12, '2024-06-21', 'absent', '2024-10-27 07:05:45', '2024-10-27 07:05:45'),
(298, 3, 13, '2024-06-21', 'absent', '2024-10-27 07:05:45', '2024-10-27 07:05:45'),
(299, 3, 14, '2024-06-21', 'absent', '2024-10-27 07:05:45', '2024-10-27 07:05:45'),
(300, 3, 15, '2024-06-21', 'late', '2024-10-27 07:05:45', '2024-10-27 07:05:45'),
(301, 3, 1, '2024-07-08', 'present', '2024-10-27 07:05:45', '2024-10-27 07:05:45'),
(302, 3, 2, '2024-07-08', 'late', '2024-10-27 07:05:45', '2024-10-27 07:05:45'),
(303, 3, 3, '2024-07-08', 'present', '2024-10-27 07:05:45', '2024-10-27 07:05:45'),
(304, 3, 4, '2024-07-08', 'late', '2024-10-27 07:05:45', '2024-10-27 07:05:45'),
(305, 3, 5, '2024-07-08', 'late', '2024-10-27 07:05:45', '2024-10-27 07:05:45'),
(306, 3, 6, '2024-07-08', 'absent', '2024-10-27 07:05:45', '2024-10-27 07:05:45'),
(307, 3, 7, '2024-07-08', 'late', '2024-10-27 07:05:45', '2024-10-27 07:05:45'),
(308, 3, 8, '2024-07-08', 'present', '2024-10-27 07:05:45', '2024-10-27 07:05:45'),
(309, 3, 9, '2024-07-08', 'absent', '2024-10-27 07:05:45', '2024-10-27 07:05:45'),
(310, 3, 10, '2024-07-08', 'late', '2024-10-27 07:05:45', '2024-10-27 07:05:45'),
(311, 3, 11, '2024-07-08', 'present', '2024-10-27 07:05:45', '2024-10-27 07:05:45'),
(312, 3, 12, '2024-07-08', 'late', '2024-10-27 07:05:45', '2024-10-27 07:05:45'),
(313, 3, 13, '2024-07-08', 'present', '2024-10-27 07:05:45', '2024-10-27 07:05:45'),
(314, 3, 14, '2024-07-08', 'absent', '2024-10-27 07:05:45', '2024-10-27 07:05:45'),
(315, 3, 15, '2024-07-08', 'absent', '2024-10-27 07:05:45', '2024-10-27 07:05:45'),
(316, 3, 1, '2024-07-10', 'present', '2024-10-27 07:05:45', '2024-10-27 07:05:45'),
(317, 3, 2, '2024-07-10', 'present', '2024-10-27 07:05:45', '2024-10-27 07:05:45'),
(318, 3, 3, '2024-07-10', 'present', '2024-10-27 07:05:45', '2024-10-27 07:05:45'),
(319, 3, 4, '2024-07-10', 'present', '2024-10-27 07:05:45', '2024-10-27 07:05:45'),
(320, 3, 5, '2024-07-10', 'present', '2024-10-27 07:05:45', '2024-10-27 07:05:45'),
(321, 3, 6, '2024-07-10', 'present', '2024-10-27 07:05:45', '2024-10-27 07:05:45'),
(322, 3, 7, '2024-07-10', 'absent', '2024-10-27 07:05:45', '2024-10-27 07:05:45'),
(323, 3, 8, '2024-07-10', 'late', '2024-10-27 07:05:45', '2024-10-27 07:05:45'),
(324, 3, 9, '2024-07-10', 'present', '2024-10-27 07:05:45', '2024-10-27 07:05:45'),
(325, 3, 10, '2024-07-10', 'absent', '2024-10-27 07:05:45', '2024-10-27 07:05:45'),
(326, 3, 11, '2024-07-10', 'present', '2024-10-27 07:05:45', '2024-10-27 07:05:45'),
(327, 3, 12, '2024-07-10', 'late', '2024-10-27 07:05:45', '2024-10-27 07:05:45'),
(328, 3, 13, '2024-07-10', 'absent', '2024-10-27 07:05:45', '2024-10-27 07:05:45'),
(329, 3, 14, '2024-07-10', 'absent', '2024-10-27 07:05:45', '2024-10-27 07:05:45'),
(330, 3, 15, '2024-07-10', 'present', '2024-10-27 07:05:45', '2024-10-27 07:05:45'),
(331, 3, 1, '2024-06-28', 'late', '2024-10-27 07:05:45', '2024-10-27 07:05:45'),
(332, 3, 2, '2024-06-28', 'absent', '2024-10-27 07:05:45', '2024-10-27 07:05:45'),
(333, 3, 3, '2024-06-28', 'late', '2024-10-27 07:05:45', '2024-10-27 07:05:45'),
(334, 3, 4, '2024-06-28', 'late', '2024-10-27 07:05:45', '2024-10-27 07:05:45'),
(335, 3, 5, '2024-06-28', 'present', '2024-10-27 07:05:45', '2024-10-27 07:05:45'),
(336, 3, 6, '2024-06-28', 'late', '2024-10-27 07:05:45', '2024-10-27 07:05:45'),
(337, 3, 7, '2024-06-28', 'late', '2024-10-27 07:05:45', '2024-10-27 07:05:45'),
(338, 3, 8, '2024-06-28', 'absent', '2024-10-27 07:05:45', '2024-10-27 07:05:45'),
(339, 3, 9, '2024-06-28', 'present', '2024-10-27 07:05:45', '2024-10-27 07:05:45'),
(340, 3, 10, '2024-06-28', 'present', '2024-10-27 07:05:45', '2024-10-27 07:05:45'),
(341, 3, 11, '2024-06-28', 'absent', '2024-10-27 07:05:45', '2024-10-27 07:05:45'),
(342, 3, 12, '2024-06-28', 'absent', '2024-10-27 07:05:45', '2024-10-27 07:05:45'),
(343, 3, 13, '2024-06-28', 'late', '2024-10-27 07:05:45', '2024-10-27 07:05:45'),
(344, 3, 14, '2024-06-28', 'absent', '2024-10-27 07:05:45', '2024-10-27 07:05:45'),
(345, 3, 15, '2024-06-28', 'present', '2024-10-27 07:05:45', '2024-10-27 07:05:45'),
(346, 3, 1, '2024-05-29', 'absent', '2024-10-27 07:05:45', '2024-10-27 07:05:45'),
(347, 3, 2, '2024-05-29', 'present', '2024-10-27 07:05:45', '2024-10-27 07:05:45'),
(348, 3, 3, '2024-05-29', 'present', '2024-10-27 07:05:45', '2024-10-27 07:05:45'),
(349, 3, 4, '2024-05-29', 'present', '2024-10-27 07:05:45', '2024-10-27 07:05:45'),
(350, 3, 5, '2024-05-29', 'absent', '2024-10-27 07:05:45', '2024-10-27 07:05:45'),
(351, 3, 6, '2024-05-29', 'present', '2024-10-27 07:05:45', '2024-10-27 07:05:45'),
(352, 3, 7, '2024-05-29', 'present', '2024-10-27 07:05:45', '2024-10-27 07:05:45'),
(353, 3, 8, '2024-05-29', 'present', '2024-10-27 07:05:45', '2024-10-27 07:05:45'),
(354, 3, 9, '2024-05-29', 'absent', '2024-10-27 07:05:45', '2024-10-27 07:05:45'),
(355, 3, 10, '2024-05-29', 'absent', '2024-10-27 07:05:45', '2024-10-27 07:05:45'),
(356, 3, 11, '2024-05-29', 'present', '2024-10-27 07:05:45', '2024-10-27 07:05:45'),
(357, 3, 12, '2024-05-29', 'absent', '2024-10-27 07:05:45', '2024-10-27 07:05:45'),
(358, 3, 13, '2024-05-29', 'present', '2024-10-27 07:05:45', '2024-10-27 07:05:45'),
(359, 3, 14, '2024-05-29', 'present', '2024-10-27 07:05:45', '2024-10-27 07:05:45'),
(360, 3, 15, '2024-05-29', 'late', '2024-10-27 07:05:45', '2024-10-27 07:05:45'),
(361, 4, 1, '2024-07-12', 'present', '2024-10-27 07:05:45', '2024-10-27 07:05:45'),
(362, 4, 2, '2024-07-12', 'absent', '2024-10-27 07:05:45', '2024-10-27 07:05:45'),
(363, 4, 3, '2024-07-12', 'present', '2024-10-27 07:05:45', '2024-10-27 07:05:45'),
(364, 4, 4, '2024-07-12', 'absent', '2024-10-27 07:05:45', '2024-10-27 07:05:45'),
(365, 4, 5, '2024-07-12', 'late', '2024-10-27 07:05:45', '2024-10-27 07:05:45'),
(366, 4, 6, '2024-07-12', 'absent', '2024-10-27 07:05:45', '2024-10-27 07:05:45'),
(367, 4, 7, '2024-07-12', 'absent', '2024-10-27 07:05:45', '2024-10-27 07:05:45'),
(368, 4, 8, '2024-07-12', 'absent', '2024-10-27 07:05:45', '2024-10-27 07:05:45'),
(369, 4, 9, '2024-07-12', 'absent', '2024-10-27 07:05:45', '2024-10-27 07:05:45'),
(370, 4, 10, '2024-07-12', 'present', '2024-10-27 07:05:45', '2024-10-27 07:05:45'),
(371, 4, 11, '2024-07-12', 'late', '2024-10-27 07:05:45', '2024-10-27 07:05:45'),
(372, 4, 12, '2024-07-12', 'present', '2024-10-27 07:05:45', '2024-10-27 07:05:45'),
(373, 4, 13, '2024-07-12', 'absent', '2024-10-27 07:05:45', '2024-10-27 07:05:45'),
(374, 4, 14, '2024-07-12', 'present', '2024-10-27 07:05:45', '2024-10-27 07:05:45'),
(375, 4, 15, '2024-07-12', 'absent', '2024-10-27 07:05:45', '2024-10-27 07:05:45'),
(376, 4, 1, '2024-04-30', 'late', '2024-10-27 07:05:45', '2024-10-27 07:05:45'),
(377, 4, 2, '2024-04-30', 'present', '2024-10-27 07:05:45', '2024-10-27 07:05:45'),
(378, 4, 3, '2024-04-30', 'present', '2024-10-27 07:05:45', '2024-10-27 07:05:45'),
(379, 4, 4, '2024-04-30', 'present', '2024-10-27 07:05:45', '2024-10-27 07:05:45'),
(380, 4, 5, '2024-04-30', 'late', '2024-10-27 07:05:45', '2024-10-27 07:05:45'),
(381, 4, 6, '2024-04-30', 'present', '2024-10-27 07:05:45', '2024-10-27 07:05:45'),
(382, 4, 7, '2024-04-30', 'late', '2024-10-27 07:05:45', '2024-10-27 07:05:45'),
(383, 4, 8, '2024-04-30', 'present', '2024-10-27 07:05:45', '2024-10-27 07:05:45'),
(384, 4, 9, '2024-04-30', 'present', '2024-10-27 07:05:45', '2024-10-27 07:05:45'),
(385, 4, 10, '2024-04-30', 'late', '2024-10-27 07:05:45', '2024-10-27 07:05:45'),
(386, 4, 11, '2024-04-30', 'absent', '2024-10-27 07:05:45', '2024-10-27 07:05:45'),
(387, 4, 12, '2024-04-30', 'absent', '2024-10-27 07:05:45', '2024-10-27 07:05:45'),
(388, 4, 13, '2024-04-30', 'present', '2024-10-27 07:05:45', '2024-10-27 07:05:45'),
(389, 4, 14, '2024-04-30', 'absent', '2024-10-27 07:05:45', '2024-10-27 07:05:45'),
(390, 4, 15, '2024-04-30', 'present', '2024-10-27 07:05:45', '2024-10-27 07:05:45'),
(391, 4, 1, '2024-06-16', 'absent', '2024-10-27 07:05:45', '2024-10-27 07:05:45'),
(392, 4, 2, '2024-06-16', 'present', '2024-10-27 07:05:45', '2024-10-27 07:05:45'),
(393, 4, 3, '2024-06-16', 'absent', '2024-10-27 07:05:45', '2024-10-27 07:05:45'),
(394, 4, 4, '2024-06-16', 'present', '2024-10-27 07:05:45', '2024-10-27 07:05:45'),
(395, 4, 5, '2024-06-16', 'late', '2024-10-27 07:05:45', '2024-10-27 07:05:45'),
(396, 4, 6, '2024-06-16', 'late', '2024-10-27 07:05:45', '2024-10-27 07:05:45'),
(397, 4, 7, '2024-06-16', 'present', '2024-10-27 07:05:45', '2024-10-27 07:05:45'),
(398, 4, 8, '2024-06-16', 'present', '2024-10-27 07:05:45', '2024-10-27 07:05:45'),
(399, 4, 9, '2024-06-16', 'late', '2024-10-27 07:05:45', '2024-10-27 07:05:45'),
(400, 4, 10, '2024-06-16', 'absent', '2024-10-27 07:05:45', '2024-10-27 07:05:45'),
(401, 4, 11, '2024-06-16', 'late', '2024-10-27 07:05:45', '2024-10-27 07:05:45'),
(402, 4, 12, '2024-06-16', 'absent', '2024-10-27 07:05:45', '2024-10-27 07:05:45'),
(403, 4, 13, '2024-06-16', 'present', '2024-10-27 07:05:45', '2024-10-27 07:05:45'),
(404, 4, 14, '2024-06-16', 'present', '2024-10-27 07:05:45', '2024-10-27 07:05:45'),
(405, 4, 15, '2024-06-16', 'present', '2024-10-27 07:05:45', '2024-10-27 07:05:45'),
(406, 4, 1, '2024-07-18', 'absent', '2024-10-27 07:05:45', '2024-10-27 07:05:45'),
(407, 4, 2, '2024-07-18', 'present', '2024-10-27 07:05:45', '2024-10-27 07:05:45'),
(408, 4, 3, '2024-07-18', 'absent', '2024-10-27 07:05:45', '2024-10-27 07:05:45'),
(409, 4, 4, '2024-07-18', 'absent', '2024-10-27 07:05:45', '2024-10-27 07:05:45'),
(410, 4, 5, '2024-07-18', 'late', '2024-10-27 07:05:45', '2024-10-27 07:05:45'),
(411, 4, 6, '2024-07-18', 'present', '2024-10-27 07:05:45', '2024-10-27 07:05:45'),
(412, 4, 7, '2024-07-18', 'absent', '2024-10-27 07:05:45', '2024-10-27 07:05:45'),
(413, 4, 8, '2024-07-18', 'absent', '2024-10-27 07:05:45', '2024-10-27 07:05:45'),
(414, 4, 9, '2024-07-18', 'absent', '2024-10-27 07:05:45', '2024-10-27 07:05:45'),
(415, 4, 10, '2024-07-18', 'present', '2024-10-27 07:05:45', '2024-10-27 07:05:45'),
(416, 4, 11, '2024-07-18', 'absent', '2024-10-27 07:05:45', '2024-10-27 07:05:45'),
(417, 4, 12, '2024-07-18', 'absent', '2024-10-27 07:05:45', '2024-10-27 07:05:45'),
(418, 4, 13, '2024-07-18', 'late', '2024-10-27 07:05:45', '2024-10-27 07:05:45'),
(419, 4, 14, '2024-07-18', 'absent', '2024-10-27 07:05:45', '2024-10-27 07:05:45'),
(420, 4, 15, '2024-07-18', 'absent', '2024-10-27 07:05:45', '2024-10-27 07:05:45'),
(421, 4, 1, '2024-05-19', 'late', '2024-10-27 07:05:45', '2024-10-27 07:05:45'),
(422, 4, 2, '2024-05-19', 'late', '2024-10-27 07:05:45', '2024-10-27 07:05:45'),
(423, 4, 3, '2024-05-19', 'late', '2024-10-27 07:05:45', '2024-10-27 07:05:45'),
(424, 4, 4, '2024-05-19', 'late', '2024-10-27 07:05:45', '2024-10-27 07:05:45'),
(425, 4, 5, '2024-05-19', 'late', '2024-10-27 07:05:45', '2024-10-27 07:05:45'),
(426, 4, 6, '2024-05-19', 'absent', '2024-10-27 07:05:45', '2024-10-27 07:05:45'),
(427, 4, 7, '2024-05-19', 'absent', '2024-10-27 07:05:45', '2024-10-27 07:05:45'),
(428, 4, 8, '2024-05-19', 'absent', '2024-10-27 07:05:45', '2024-10-27 07:05:45'),
(429, 4, 9, '2024-05-19', 'present', '2024-10-27 07:05:46', '2024-10-27 07:05:46'),
(430, 4, 10, '2024-05-19', 'absent', '2024-10-27 07:05:46', '2024-10-27 07:05:46'),
(431, 4, 11, '2024-05-19', 'present', '2024-10-27 07:05:46', '2024-10-27 07:05:46'),
(432, 4, 12, '2024-05-19', 'present', '2024-10-27 07:05:46', '2024-10-27 07:05:46'),
(433, 4, 13, '2024-05-19', 'present', '2024-10-27 07:05:46', '2024-10-27 07:05:46'),
(434, 4, 14, '2024-05-19', 'absent', '2024-10-27 07:05:46', '2024-10-27 07:05:46'),
(435, 4, 15, '2024-05-19', 'absent', '2024-10-27 07:05:46', '2024-10-27 07:05:46'),
(436, 4, 1, '2024-07-16', 'late', '2024-10-27 07:05:46', '2024-10-27 07:05:46'),
(437, 4, 2, '2024-07-16', 'absent', '2024-10-27 07:05:46', '2024-10-27 07:05:46'),
(438, 4, 3, '2024-07-16', 'late', '2024-10-27 07:05:46', '2024-10-27 07:05:46'),
(439, 4, 4, '2024-07-16', 'absent', '2024-10-27 07:05:46', '2024-10-27 07:05:46'),
(440, 4, 5, '2024-07-16', 'late', '2024-10-27 07:05:46', '2024-10-27 07:05:46'),
(441, 4, 6, '2024-07-16', 'late', '2024-10-27 07:05:46', '2024-10-27 07:05:46'),
(442, 4, 7, '2024-07-16', 'present', '2024-10-27 07:05:46', '2024-10-27 07:05:46'),
(443, 4, 8, '2024-07-16', 'present', '2024-10-27 07:05:46', '2024-10-27 07:05:46'),
(444, 4, 9, '2024-07-16', 'late', '2024-10-27 07:05:46', '2024-10-27 07:05:46'),
(445, 4, 10, '2024-07-16', 'present', '2024-10-27 07:05:46', '2024-10-27 07:05:46'),
(446, 4, 11, '2024-07-16', 'absent', '2024-10-27 07:05:46', '2024-10-27 07:05:46'),
(447, 4, 12, '2024-07-16', 'present', '2024-10-27 07:05:46', '2024-10-27 07:05:46'),
(448, 4, 13, '2024-07-16', 'late', '2024-10-27 07:05:46', '2024-10-27 07:05:46'),
(449, 4, 14, '2024-07-16', 'present', '2024-10-27 07:05:46', '2024-10-27 07:05:46'),
(450, 4, 15, '2024-07-16', 'present', '2024-10-27 07:05:46', '2024-10-27 07:05:46'),
(451, 4, 1, '2024-06-17', 'present', '2024-10-27 07:05:46', '2024-10-27 07:05:46'),
(452, 4, 2, '2024-06-17', 'present', '2024-10-27 07:05:46', '2024-10-27 07:05:46'),
(453, 4, 3, '2024-06-17', 'present', '2024-10-27 07:05:46', '2024-10-27 07:05:46'),
(454, 4, 4, '2024-06-17', 'late', '2024-10-27 07:05:46', '2024-10-27 07:05:46'),
(455, 4, 5, '2024-06-17', 'present', '2024-10-27 07:05:46', '2024-10-27 07:05:46'),
(456, 4, 6, '2024-06-17', 'late', '2024-10-27 07:05:46', '2024-10-27 07:05:46'),
(457, 4, 7, '2024-06-17', 'present', '2024-10-27 07:05:46', '2024-10-27 07:05:46'),
(458, 4, 8, '2024-06-17', 'absent', '2024-10-27 07:05:46', '2024-10-27 07:05:46'),
(459, 4, 9, '2024-06-17', 'late', '2024-10-27 07:05:46', '2024-10-27 07:05:46'),
(460, 4, 10, '2024-06-17', 'late', '2024-10-27 07:05:46', '2024-10-27 07:05:46'),
(461, 4, 11, '2024-06-17', 'absent', '2024-10-27 07:05:46', '2024-10-27 07:05:46'),
(462, 4, 12, '2024-06-17', 'present', '2024-10-27 07:05:46', '2024-10-27 07:05:46'),
(463, 4, 13, '2024-06-17', 'absent', '2024-10-27 07:05:46', '2024-10-27 07:05:46'),
(464, 4, 14, '2024-06-17', 'present', '2024-10-27 07:05:46', '2024-10-27 07:05:46'),
(465, 4, 15, '2024-06-17', 'present', '2024-10-27 07:05:46', '2024-10-27 07:05:46'),
(466, 4, 1, '2024-07-20', 'present', '2024-10-27 07:05:46', '2024-10-27 07:05:46'),
(467, 4, 2, '2024-07-20', 'absent', '2024-10-27 07:05:46', '2024-10-27 07:05:46'),
(468, 4, 3, '2024-07-20', 'absent', '2024-10-27 07:05:46', '2024-10-27 07:05:46'),
(469, 4, 4, '2024-07-20', 'absent', '2024-10-27 07:05:46', '2024-10-27 07:05:46'),
(470, 4, 5, '2024-07-20', 'absent', '2024-10-27 07:05:46', '2024-10-27 07:05:46'),
(471, 4, 6, '2024-07-20', 'present', '2024-10-27 07:05:46', '2024-10-27 07:05:46'),
(472, 4, 7, '2024-07-20', 'absent', '2024-10-27 07:05:46', '2024-10-27 07:05:46'),
(473, 4, 8, '2024-07-20', 'late', '2024-10-27 07:05:46', '2024-10-27 07:05:46'),
(474, 4, 9, '2024-07-20', 'late', '2024-10-27 07:05:46', '2024-10-27 07:05:46'),
(475, 4, 10, '2024-07-20', 'late', '2024-10-27 07:05:46', '2024-10-27 07:05:46'),
(476, 4, 11, '2024-07-20', 'present', '2024-10-27 07:05:46', '2024-10-27 07:05:46'),
(477, 4, 12, '2024-07-20', 'absent', '2024-10-27 07:05:46', '2024-10-27 07:05:46'),
(478, 4, 13, '2024-07-20', 'absent', '2024-10-27 07:05:46', '2024-10-27 07:05:46'),
(479, 4, 14, '2024-07-20', 'late', '2024-10-27 07:05:46', '2024-10-27 07:05:46'),
(480, 4, 15, '2024-07-20', 'absent', '2024-10-27 07:05:46', '2024-10-27 07:05:46'),
(481, 4, 1, '2024-07-08', 'absent', '2024-10-27 07:05:46', '2024-10-27 07:05:46'),
(482, 4, 2, '2024-07-08', 'late', '2024-10-27 07:05:46', '2024-10-27 07:05:46'),
(483, 4, 3, '2024-07-08', 'late', '2024-10-27 07:05:46', '2024-10-27 07:05:46'),
(484, 4, 4, '2024-07-08', 'present', '2024-10-27 07:05:46', '2024-10-27 07:05:46'),
(485, 4, 5, '2024-07-08', 'late', '2024-10-27 07:05:46', '2024-10-27 07:05:46'),
(486, 4, 6, '2024-07-08', 'present', '2024-10-27 07:05:46', '2024-10-27 07:05:46'),
(487, 4, 7, '2024-07-08', 'present', '2024-10-27 07:05:46', '2024-10-27 07:05:46'),
(488, 4, 8, '2024-07-08', 'absent', '2024-10-27 07:05:46', '2024-10-27 07:05:46'),
(489, 4, 9, '2024-07-08', 'absent', '2024-10-27 07:05:46', '2024-10-27 07:05:46'),
(490, 4, 10, '2024-07-08', 'absent', '2024-10-27 07:05:46', '2024-10-27 07:05:46'),
(491, 4, 11, '2024-07-08', 'present', '2024-10-27 07:05:46', '2024-10-27 07:05:46'),
(492, 4, 12, '2024-07-08', 'present', '2024-10-27 07:05:46', '2024-10-27 07:05:46'),
(493, 4, 13, '2024-07-08', 'absent', '2024-10-27 07:05:46', '2024-10-27 07:05:46'),
(494, 4, 14, '2024-07-08', 'present', '2024-10-27 07:05:46', '2024-10-27 07:05:46'),
(495, 4, 15, '2024-07-08', 'late', '2024-10-27 07:05:46', '2024-10-27 07:05:46'),
(496, 4, 1, '2024-06-10', 'absent', '2024-10-27 07:05:46', '2024-10-27 07:05:46'),
(497, 4, 2, '2024-06-10', 'late', '2024-10-27 07:05:46', '2024-10-27 07:05:46'),
(498, 4, 3, '2024-06-10', 'present', '2024-10-27 07:05:46', '2024-10-27 07:05:46'),
(499, 4, 4, '2024-06-10', 'absent', '2024-10-27 07:05:46', '2024-10-27 07:05:46'),
(500, 4, 5, '2024-06-10', 'present', '2024-10-27 07:05:46', '2024-10-27 07:05:46'),
(501, 4, 6, '2024-06-10', 'present', '2024-10-27 07:05:46', '2024-10-27 07:05:46'),
(502, 4, 7, '2024-06-10', 'absent', '2024-10-27 07:05:46', '2024-10-27 07:05:46'),
(503, 4, 8, '2024-06-10', 'present', '2024-10-27 07:05:46', '2024-10-27 07:05:46'),
(504, 4, 9, '2024-06-10', 'absent', '2024-10-27 07:05:46', '2024-10-27 07:05:46'),
(505, 4, 10, '2024-06-10', 'late', '2024-10-27 07:05:46', '2024-10-27 07:05:46'),
(506, 4, 11, '2024-06-10', 'late', '2024-10-27 07:05:46', '2024-10-27 07:05:46'),
(507, 4, 12, '2024-06-10', 'late', '2024-10-27 07:05:46', '2024-10-27 07:05:46'),
(508, 4, 13, '2024-06-10', 'absent', '2024-10-27 07:05:46', '2024-10-27 07:05:46'),
(509, 4, 14, '2024-06-10', 'late', '2024-10-27 07:05:46', '2024-10-27 07:05:46'),
(510, 4, 15, '2024-06-10', 'absent', '2024-10-27 07:05:46', '2024-10-27 07:05:46'),
(511, 5, 1, '2024-07-06', 'present', '2024-10-27 07:05:46', '2024-10-27 07:05:46'),
(512, 5, 2, '2024-07-06', 'late', '2024-10-27 07:05:46', '2024-10-27 07:05:46'),
(513, 5, 3, '2024-07-06', 'late', '2024-10-27 07:05:46', '2024-10-27 07:05:46'),
(514, 5, 4, '2024-07-06', 'late', '2024-10-27 07:05:46', '2024-10-27 07:05:46'),
(515, 5, 5, '2024-07-06', 'late', '2024-10-27 07:05:46', '2024-10-27 07:05:46'),
(516, 5, 6, '2024-07-06', 'late', '2024-10-27 07:05:46', '2024-10-27 07:05:46'),
(517, 5, 7, '2024-07-06', 'present', '2024-10-27 07:05:46', '2024-10-27 07:05:46'),
(518, 5, 8, '2024-07-06', 'present', '2024-10-27 07:05:46', '2024-10-27 07:05:46'),
(519, 5, 9, '2024-07-06', 'present', '2024-10-27 07:05:46', '2024-10-27 07:05:46'),
(520, 5, 10, '2024-07-06', 'present', '2024-10-27 07:05:46', '2024-10-27 07:05:46'),
(521, 5, 11, '2024-07-06', 'absent', '2024-10-27 07:05:46', '2024-10-27 07:05:46'),
(522, 5, 12, '2024-07-06', 'absent', '2024-10-27 07:05:46', '2024-10-27 07:05:46'),
(523, 5, 13, '2024-07-06', 'late', '2024-10-27 07:05:46', '2024-10-27 07:05:46'),
(524, 5, 14, '2024-07-06', 'late', '2024-10-27 07:05:46', '2024-10-27 07:05:46'),
(525, 5, 15, '2024-07-06', 'late', '2024-10-27 07:05:46', '2024-10-27 07:05:46'),
(526, 5, 1, '2024-07-12', 'present', '2024-10-27 07:05:46', '2024-10-27 07:05:46'),
(527, 5, 2, '2024-07-12', 'present', '2024-10-27 07:05:46', '2024-10-27 07:05:46'),
(528, 5, 3, '2024-07-12', 'late', '2024-10-27 07:05:46', '2024-10-27 07:05:46'),
(529, 5, 4, '2024-07-12', 'present', '2024-10-27 07:05:46', '2024-10-27 07:05:46'),
(530, 5, 5, '2024-07-12', 'absent', '2024-10-27 07:05:46', '2024-10-27 07:05:46'),
(531, 5, 6, '2024-07-12', 'absent', '2024-10-27 07:05:46', '2024-10-27 07:05:46'),
(532, 5, 7, '2024-07-12', 'present', '2024-10-27 07:05:46', '2024-10-27 07:05:46'),
(533, 5, 8, '2024-07-12', 'late', '2024-10-27 07:05:46', '2024-10-27 07:05:46'),
(534, 5, 9, '2024-07-12', 'late', '2024-10-27 07:05:46', '2024-10-27 07:05:46'),
(535, 5, 10, '2024-07-12', 'late', '2024-10-27 07:05:46', '2024-10-27 07:05:46'),
(536, 5, 11, '2024-07-12', 'late', '2024-10-27 07:05:46', '2024-10-27 07:05:46'),
(537, 5, 12, '2024-07-12', 'absent', '2024-10-27 07:05:46', '2024-10-27 07:05:46'),
(538, 5, 13, '2024-07-12', 'present', '2024-10-27 07:05:46', '2024-10-27 07:05:46'),
(539, 5, 14, '2024-07-12', 'present', '2024-10-27 07:05:46', '2024-10-27 07:05:46'),
(540, 5, 15, '2024-07-12', 'late', '2024-10-27 07:05:46', '2024-10-27 07:05:46'),
(541, 5, 1, '2024-07-12', 'absent', '2024-10-27 07:05:46', '2024-10-27 07:05:46'),
(542, 5, 2, '2024-07-12', 'absent', '2024-10-27 07:05:46', '2024-10-27 07:05:46'),
(543, 5, 3, '2024-07-12', 'absent', '2024-10-27 07:05:46', '2024-10-27 07:05:46'),
(544, 5, 4, '2024-07-12', 'present', '2024-10-27 07:05:46', '2024-10-27 07:05:46'),
(545, 5, 5, '2024-07-12', 'present', '2024-10-27 07:05:46', '2024-10-27 07:05:46'),
(546, 5, 6, '2024-07-12', 'present', '2024-10-27 07:05:46', '2024-10-27 07:05:46'),
(547, 5, 7, '2024-07-12', 'absent', '2024-10-27 07:05:46', '2024-10-27 07:05:46'),
(548, 5, 8, '2024-07-12', 'absent', '2024-10-27 07:05:46', '2024-10-27 07:05:46'),
(549, 5, 9, '2024-07-12', 'late', '2024-10-27 07:05:46', '2024-10-27 07:05:46'),
(550, 5, 10, '2024-07-12', 'late', '2024-10-27 07:05:46', '2024-10-27 07:05:46'),
(551, 5, 11, '2024-07-12', 'late', '2024-10-27 07:05:46', '2024-10-27 07:05:46'),
(552, 5, 12, '2024-07-12', 'present', '2024-10-27 07:05:46', '2024-10-27 07:05:46'),
(553, 5, 13, '2024-07-12', 'absent', '2024-10-27 07:05:46', '2024-10-27 07:05:46'),
(554, 5, 14, '2024-07-12', 'late', '2024-10-27 07:05:46', '2024-10-27 07:05:46'),
(555, 5, 15, '2024-07-12', 'absent', '2024-10-27 07:05:46', '2024-10-27 07:05:46'),
(556, 5, 1, '2024-05-06', 'absent', '2024-10-27 07:05:46', '2024-10-27 07:05:46'),
(557, 5, 2, '2024-05-06', 'present', '2024-10-27 07:05:46', '2024-10-27 07:05:46'),
(558, 5, 3, '2024-05-06', 'absent', '2024-10-27 07:05:46', '2024-10-27 07:05:46'),
(559, 5, 4, '2024-05-06', 'absent', '2024-10-27 07:05:46', '2024-10-27 07:05:46'),
(560, 5, 5, '2024-05-06', 'present', '2024-10-27 07:05:46', '2024-10-27 07:05:46'),
(561, 5, 6, '2024-05-06', 'late', '2024-10-27 07:05:46', '2024-10-27 07:05:46'),
(562, 5, 7, '2024-05-06', 'late', '2024-10-27 07:05:46', '2024-10-27 07:05:46'),
(563, 5, 8, '2024-05-06', 'present', '2024-10-27 07:05:46', '2024-10-27 07:05:46'),
(564, 5, 9, '2024-05-06', 'present', '2024-10-27 07:05:46', '2024-10-27 07:05:46'),
(565, 5, 10, '2024-05-06', 'present', '2024-10-27 07:05:46', '2024-10-27 07:05:46'),
(566, 5, 11, '2024-05-06', 'absent', '2024-10-27 07:05:46', '2024-10-27 07:05:46'),
(567, 5, 12, '2024-05-06', 'absent', '2024-10-27 07:05:46', '2024-10-27 07:05:46'),
(568, 5, 13, '2024-05-06', 'present', '2024-10-27 07:05:46', '2024-10-27 07:05:46'),
(569, 5, 14, '2024-05-06', 'late', '2024-10-27 07:05:46', '2024-10-27 07:05:46'),
(570, 5, 15, '2024-05-06', 'absent', '2024-10-27 07:05:46', '2024-10-27 07:05:46'),
(571, 5, 1, '2024-07-17', 'late', '2024-10-27 07:05:46', '2024-10-27 07:05:46'),
(572, 5, 2, '2024-07-17', 'present', '2024-10-27 07:05:46', '2024-10-27 07:05:46'),
(573, 5, 3, '2024-07-17', 'absent', '2024-10-27 07:05:46', '2024-10-27 07:05:46'),
(574, 5, 4, '2024-07-17', 'present', '2024-10-27 07:05:46', '2024-10-27 07:05:46'),
(575, 5, 5, '2024-07-17', 'present', '2024-10-27 07:05:46', '2024-10-27 07:05:46'),
(576, 5, 6, '2024-07-17', 'absent', '2024-10-27 07:05:46', '2024-10-27 07:05:46'),
(577, 5, 7, '2024-07-17', 'absent', '2024-10-27 07:05:46', '2024-10-27 07:05:46'),
(578, 5, 8, '2024-07-17', 'late', '2024-10-27 07:05:46', '2024-10-27 07:05:46'),
(579, 5, 9, '2024-07-17', 'present', '2024-10-27 07:05:46', '2024-10-27 07:05:46'),
(580, 5, 10, '2024-07-17', 'late', '2024-10-27 07:05:46', '2024-10-27 07:05:46'),
(581, 5, 11, '2024-07-17', 'present', '2024-10-27 07:05:46', '2024-10-27 07:05:46'),
(582, 5, 12, '2024-07-17', 'present', '2024-10-27 07:05:46', '2024-10-27 07:05:46'),
(583, 5, 13, '2024-07-17', 'late', '2024-10-27 07:05:46', '2024-10-27 07:05:46'),
(584, 5, 14, '2024-07-17', 'absent', '2024-10-27 07:05:46', '2024-10-27 07:05:46'),
(585, 5, 15, '2024-07-17', 'absent', '2024-10-27 07:05:46', '2024-10-27 07:05:46'),
(586, 5, 1, '2024-07-23', 'absent', '2024-10-27 07:05:46', '2024-10-27 07:05:46'),
(587, 5, 2, '2024-07-23', 'present', '2024-10-27 07:05:46', '2024-10-27 07:05:46'),
(588, 5, 3, '2024-07-23', 'late', '2024-10-27 07:05:46', '2024-10-27 07:05:46'),
(589, 5, 4, '2024-07-23', 'absent', '2024-10-27 07:05:46', '2024-10-27 07:05:46'),
(590, 5, 5, '2024-07-23', 'late', '2024-10-27 07:05:46', '2024-10-27 07:05:46'),
(591, 5, 6, '2024-07-23', 'late', '2024-10-27 07:05:46', '2024-10-27 07:05:46'),
(592, 5, 7, '2024-07-23', 'present', '2024-10-27 07:05:46', '2024-10-27 07:05:46'),
(593, 5, 8, '2024-07-23', 'absent', '2024-10-27 07:05:46', '2024-10-27 07:05:46'),
(594, 5, 9, '2024-07-23', 'present', '2024-10-27 07:05:46', '2024-10-27 07:05:46'),
(595, 5, 10, '2024-07-23', 'present', '2024-10-27 07:05:46', '2024-10-27 07:05:46'),
(596, 5, 11, '2024-07-23', 'late', '2024-10-27 07:05:46', '2024-10-27 07:05:46'),
(597, 5, 12, '2024-07-23', 'late', '2024-10-27 07:05:46', '2024-10-27 07:05:46'),
(598, 5, 13, '2024-07-23', 'present', '2024-10-27 07:05:46', '2024-10-27 07:05:46'),
(599, 5, 14, '2024-07-23', 'absent', '2024-10-27 07:05:46', '2024-10-27 07:05:46'),
(600, 5, 15, '2024-07-23', 'late', '2024-10-27 07:05:46', '2024-10-27 07:05:46'),
(601, 5, 1, '2024-06-16', 'late', '2024-10-27 07:05:46', '2024-10-27 07:05:46'),
(602, 5, 2, '2024-06-16', 'late', '2024-10-27 07:05:46', '2024-10-27 07:05:46'),
(603, 5, 3, '2024-06-16', 'absent', '2024-10-27 07:05:46', '2024-10-27 07:05:46'),
(604, 5, 4, '2024-06-16', 'late', '2024-10-27 07:05:46', '2024-10-27 07:05:46'),
(605, 5, 5, '2024-06-16', 'present', '2024-10-27 07:05:46', '2024-10-27 07:05:46'),
(606, 5, 6, '2024-06-16', 'present', '2024-10-27 07:05:46', '2024-10-27 07:05:46'),
(607, 5, 7, '2024-06-16', 'present', '2024-10-27 07:05:46', '2024-10-27 07:05:46'),
(608, 5, 8, '2024-06-16', 'present', '2024-10-27 07:05:46', '2024-10-27 07:05:46'),
(609, 5, 9, '2024-06-16', 'absent', '2024-10-27 07:05:46', '2024-10-27 07:05:46'),
(610, 5, 10, '2024-06-16', 'late', '2024-10-27 07:05:46', '2024-10-27 07:05:46'),
(611, 5, 11, '2024-06-16', 'present', '2024-10-27 07:05:46', '2024-10-27 07:05:46'),
(612, 5, 12, '2024-06-16', 'absent', '2024-10-27 07:05:46', '2024-10-27 07:05:46'),
(613, 5, 13, '2024-06-16', 'present', '2024-10-27 07:05:46', '2024-10-27 07:05:46'),
(614, 5, 14, '2024-06-16', 'late', '2024-10-27 07:05:46', '2024-10-27 07:05:46'),
(615, 5, 15, '2024-06-16', 'present', '2024-10-27 07:05:46', '2024-10-27 07:05:46');
INSERT INTO `attendance` (`id`, `user_id`, `course_id`, `attendance_date`, `status`, `created_at`, `updated_at`) VALUES
(616, 5, 1, '2024-05-08', 'present', '2024-10-27 07:05:46', '2024-10-27 07:05:46'),
(617, 5, 2, '2024-05-08', 'late', '2024-10-27 07:05:46', '2024-10-27 07:05:46'),
(618, 5, 3, '2024-05-08', 'absent', '2024-10-27 07:05:46', '2024-10-27 07:05:46'),
(619, 5, 4, '2024-05-08', 'late', '2024-10-27 07:05:46', '2024-10-27 07:05:46'),
(620, 5, 5, '2024-05-08', 'late', '2024-10-27 07:05:46', '2024-10-27 07:05:46'),
(621, 5, 6, '2024-05-08', 'present', '2024-10-27 07:05:46', '2024-10-27 07:05:46'),
(622, 5, 7, '2024-05-08', 'present', '2024-10-27 07:05:46', '2024-10-27 07:05:46'),
(623, 5, 8, '2024-05-08', 'present', '2024-10-27 07:05:46', '2024-10-27 07:05:46'),
(624, 5, 9, '2024-05-08', 'present', '2024-10-27 07:05:46', '2024-10-27 07:05:46'),
(625, 5, 10, '2024-05-08', 'late', '2024-10-27 07:05:46', '2024-10-27 07:05:46'),
(626, 5, 11, '2024-05-08', 'present', '2024-10-27 07:05:46', '2024-10-27 07:05:46'),
(627, 5, 12, '2024-05-08', 'late', '2024-10-27 07:05:46', '2024-10-27 07:05:46'),
(628, 5, 13, '2024-05-08', 'absent', '2024-10-27 07:05:46', '2024-10-27 07:05:46'),
(629, 5, 14, '2024-05-08', 'late', '2024-10-27 07:05:46', '2024-10-27 07:05:46'),
(630, 5, 15, '2024-05-08', 'present', '2024-10-27 07:05:46', '2024-10-27 07:05:46'),
(631, 6, 1, '2024-06-20', 'late', '2024-10-27 07:05:46', '2024-10-27 07:05:46'),
(632, 6, 2, '2024-06-20', 'late', '2024-10-27 07:05:46', '2024-10-27 07:05:46'),
(633, 6, 3, '2024-06-20', 'absent', '2024-10-27 07:05:46', '2024-10-27 07:05:46'),
(634, 6, 4, '2024-06-20', 'present', '2024-10-27 07:05:46', '2024-10-27 07:05:46'),
(635, 6, 5, '2024-06-20', 'absent', '2024-10-27 07:05:46', '2024-10-27 07:05:46'),
(636, 6, 6, '2024-06-20', 'present', '2024-10-27 07:05:46', '2024-10-27 07:05:46'),
(637, 6, 7, '2024-06-20', 'late', '2024-10-27 07:05:46', '2024-10-27 07:05:46'),
(638, 6, 8, '2024-06-20', 'late', '2024-10-27 07:05:46', '2024-10-27 07:05:46'),
(639, 6, 9, '2024-06-20', 'late', '2024-10-27 07:05:46', '2024-10-27 07:05:46'),
(640, 6, 10, '2024-06-20', 'late', '2024-10-27 07:05:46', '2024-10-27 07:05:46'),
(641, 6, 11, '2024-06-20', 'absent', '2024-10-27 07:05:46', '2024-10-27 07:05:46'),
(642, 6, 12, '2024-06-20', 'absent', '2024-10-27 07:05:46', '2024-10-27 07:05:46'),
(643, 6, 13, '2024-06-20', 'absent', '2024-10-27 07:05:46', '2024-10-27 07:05:46'),
(644, 6, 14, '2024-06-20', 'present', '2024-10-27 07:05:46', '2024-10-27 07:05:46'),
(645, 6, 15, '2024-06-20', 'present', '2024-10-27 07:05:46', '2024-10-27 07:05:46'),
(646, 6, 1, '2024-06-22', 'present', '2024-10-27 07:05:46', '2024-10-27 07:05:46'),
(647, 6, 2, '2024-06-22', 'absent', '2024-10-27 07:05:46', '2024-10-27 07:05:46'),
(648, 6, 3, '2024-06-22', 'present', '2024-10-27 07:05:46', '2024-10-27 07:05:46'),
(649, 6, 4, '2024-06-22', 'present', '2024-10-27 07:05:46', '2024-10-27 07:05:46'),
(650, 6, 5, '2024-06-22', 'late', '2024-10-27 07:05:46', '2024-10-27 07:05:46'),
(651, 6, 6, '2024-06-22', 'absent', '2024-10-27 07:05:46', '2024-10-27 07:05:46'),
(652, 6, 7, '2024-06-22', 'present', '2024-10-27 07:05:46', '2024-10-27 07:05:46'),
(653, 6, 8, '2024-06-22', 'present', '2024-10-27 07:05:46', '2024-10-27 07:05:46'),
(654, 6, 9, '2024-06-22', 'present', '2024-10-27 07:05:46', '2024-10-27 07:05:46'),
(655, 6, 10, '2024-06-22', 'present', '2024-10-27 07:05:46', '2024-10-27 07:05:46'),
(656, 6, 11, '2024-06-22', 'absent', '2024-10-27 07:05:46', '2024-10-27 07:05:46'),
(657, 6, 12, '2024-06-22', 'absent', '2024-10-27 07:05:46', '2024-10-27 07:05:46'),
(658, 6, 13, '2024-06-22', 'late', '2024-10-27 07:05:46', '2024-10-27 07:05:46'),
(659, 6, 14, '2024-06-22', 'late', '2024-10-27 07:05:46', '2024-10-27 07:05:46'),
(660, 6, 15, '2024-06-22', 'absent', '2024-10-27 07:05:46', '2024-10-27 07:05:46'),
(661, 6, 1, '2024-07-03', 'present', '2024-10-27 07:05:46', '2024-10-27 07:05:46'),
(662, 6, 2, '2024-07-03', 'late', '2024-10-27 07:05:46', '2024-10-27 07:05:46'),
(663, 6, 3, '2024-07-03', 'late', '2024-10-27 07:05:46', '2024-10-27 07:05:46'),
(664, 6, 4, '2024-07-03', 'late', '2024-10-27 07:05:46', '2024-10-27 07:05:46'),
(665, 6, 5, '2024-07-03', 'present', '2024-10-27 07:05:46', '2024-10-27 07:05:46'),
(666, 6, 6, '2024-07-03', 'late', '2024-10-27 07:05:46', '2024-10-27 07:05:46'),
(667, 6, 7, '2024-07-03', 'absent', '2024-10-27 07:05:46', '2024-10-27 07:05:46'),
(668, 6, 8, '2024-07-03', 'late', '2024-10-27 07:05:46', '2024-10-27 07:05:46'),
(669, 6, 9, '2024-07-03', 'late', '2024-10-27 07:05:46', '2024-10-27 07:05:46'),
(670, 6, 10, '2024-07-03', 'present', '2024-10-27 07:05:46', '2024-10-27 07:05:46'),
(671, 6, 11, '2024-07-03', 'absent', '2024-10-27 07:05:46', '2024-10-27 07:05:46'),
(672, 6, 12, '2024-07-03', 'present', '2024-10-27 07:05:46', '2024-10-27 07:05:46'),
(673, 6, 13, '2024-07-03', 'present', '2024-10-27 07:05:46', '2024-10-27 07:05:46'),
(674, 6, 14, '2024-07-03', 'late', '2024-10-27 07:05:46', '2024-10-27 07:05:46'),
(675, 6, 15, '2024-07-03', 'late', '2024-10-27 07:05:46', '2024-10-27 07:05:46'),
(676, 6, 1, '2024-07-09', 'late', '2024-10-27 07:05:46', '2024-10-27 07:05:46'),
(677, 6, 2, '2024-07-09', 'present', '2024-10-27 07:05:46', '2024-10-27 07:05:46'),
(678, 6, 3, '2024-07-09', 'absent', '2024-10-27 07:05:46', '2024-10-27 07:05:46'),
(679, 6, 4, '2024-07-09', 'present', '2024-10-27 07:05:46', '2024-10-27 07:05:46'),
(680, 6, 5, '2024-07-09', 'present', '2024-10-27 07:05:46', '2024-10-27 07:05:46'),
(681, 6, 6, '2024-07-09', 'present', '2024-10-27 07:05:46', '2024-10-27 07:05:46'),
(682, 6, 7, '2024-07-09', 'late', '2024-10-27 07:05:46', '2024-10-27 07:05:46'),
(683, 6, 8, '2024-07-09', 'late', '2024-10-27 07:05:46', '2024-10-27 07:05:46'),
(684, 6, 9, '2024-07-09', 'late', '2024-10-27 07:05:46', '2024-10-27 07:05:46'),
(685, 6, 10, '2024-07-09', 'present', '2024-10-27 07:05:46', '2024-10-27 07:05:46'),
(686, 6, 11, '2024-07-09', 'absent', '2024-10-27 07:05:46', '2024-10-27 07:05:46'),
(687, 6, 12, '2024-07-09', 'absent', '2024-10-27 07:05:46', '2024-10-27 07:05:46'),
(688, 6, 13, '2024-07-09', 'absent', '2024-10-27 07:05:46', '2024-10-27 07:05:46'),
(689, 6, 14, '2024-07-09', 'present', '2024-10-27 07:05:46', '2024-10-27 07:05:46'),
(690, 6, 15, '2024-07-09', 'absent', '2024-10-27 07:05:46', '2024-10-27 07:05:46'),
(691, 6, 1, '2024-06-07', 'absent', '2024-10-27 07:05:46', '2024-10-27 07:05:46'),
(692, 6, 2, '2024-06-07', 'present', '2024-10-27 07:05:46', '2024-10-27 07:05:46'),
(693, 6, 3, '2024-06-07', 'absent', '2024-10-27 07:05:46', '2024-10-27 07:05:46'),
(694, 6, 4, '2024-06-07', 'absent', '2024-10-27 07:05:46', '2024-10-27 07:05:46'),
(695, 6, 5, '2024-06-07', 'present', '2024-10-27 07:05:46', '2024-10-27 07:05:46'),
(696, 6, 6, '2024-06-07', 'absent', '2024-10-27 07:05:46', '2024-10-27 07:05:46'),
(697, 6, 7, '2024-06-07', 'late', '2024-10-27 07:05:46', '2024-10-27 07:05:46'),
(698, 6, 8, '2024-06-07', 'absent', '2024-10-27 07:05:46', '2024-10-27 07:05:46'),
(699, 6, 9, '2024-06-07', 'late', '2024-10-27 07:05:46', '2024-10-27 07:05:46'),
(700, 6, 10, '2024-06-07', 'present', '2024-10-27 07:05:46', '2024-10-27 07:05:46'),
(701, 6, 11, '2024-06-07', 'absent', '2024-10-27 07:05:46', '2024-10-27 07:05:46'),
(702, 6, 12, '2024-06-07', 'late', '2024-10-27 07:05:46', '2024-10-27 07:05:46'),
(703, 6, 13, '2024-06-07', 'late', '2024-10-27 07:05:46', '2024-10-27 07:05:46'),
(704, 6, 14, '2024-06-07', 'present', '2024-10-27 07:05:46', '2024-10-27 07:05:46'),
(705, 6, 15, '2024-06-07', 'present', '2024-10-27 07:05:46', '2024-10-27 07:05:46'),
(706, 6, 1, '2024-06-26', 'absent', '2024-10-27 07:05:46', '2024-10-27 07:05:46'),
(707, 6, 2, '2024-06-26', 'absent', '2024-10-27 07:05:46', '2024-10-27 07:05:46'),
(708, 6, 3, '2024-06-26', 'absent', '2024-10-27 07:05:46', '2024-10-27 07:05:46'),
(709, 6, 4, '2024-06-26', 'late', '2024-10-27 07:05:46', '2024-10-27 07:05:46'),
(710, 6, 5, '2024-06-26', 'late', '2024-10-27 07:05:46', '2024-10-27 07:05:46'),
(711, 6, 6, '2024-06-26', 'late', '2024-10-27 07:05:46', '2024-10-27 07:05:46'),
(712, 6, 7, '2024-06-26', 'absent', '2024-10-27 07:05:46', '2024-10-27 07:05:46'),
(713, 6, 8, '2024-06-26', 'present', '2024-10-27 07:05:46', '2024-10-27 07:05:46'),
(714, 6, 9, '2024-06-26', 'late', '2024-10-27 07:05:46', '2024-10-27 07:05:46'),
(715, 6, 10, '2024-06-26', 'late', '2024-10-27 07:05:46', '2024-10-27 07:05:46'),
(716, 6, 11, '2024-06-26', 'absent', '2024-10-27 07:05:46', '2024-10-27 07:05:46'),
(717, 6, 12, '2024-06-26', 'late', '2024-10-27 07:05:46', '2024-10-27 07:05:46'),
(718, 6, 13, '2024-06-26', 'absent', '2024-10-27 07:05:46', '2024-10-27 07:05:46'),
(719, 6, 14, '2024-06-26', 'present', '2024-10-27 07:05:46', '2024-10-27 07:05:46'),
(720, 6, 15, '2024-06-26', 'present', '2024-10-27 07:05:46', '2024-10-27 07:05:46'),
(721, 6, 1, '2024-05-26', 'absent', '2024-10-27 07:05:46', '2024-10-27 07:05:46'),
(722, 6, 2, '2024-05-26', 'present', '2024-10-27 07:05:46', '2024-10-27 07:05:46'),
(723, 6, 3, '2024-05-26', 'absent', '2024-10-27 07:05:46', '2024-10-27 07:05:46'),
(724, 6, 4, '2024-05-26', 'late', '2024-10-27 07:05:46', '2024-10-27 07:05:46'),
(725, 6, 5, '2024-05-26', 'late', '2024-10-27 07:05:46', '2024-10-27 07:05:46'),
(726, 6, 6, '2024-05-26', 'absent', '2024-10-27 07:05:46', '2024-10-27 07:05:46'),
(727, 6, 7, '2024-05-26', 'present', '2024-10-27 07:05:46', '2024-10-27 07:05:46'),
(728, 6, 8, '2024-05-26', 'absent', '2024-10-27 07:05:46', '2024-10-27 07:05:46'),
(729, 6, 9, '2024-05-26', 'absent', '2024-10-27 07:05:46', '2024-10-27 07:05:46'),
(730, 6, 10, '2024-05-26', 'present', '2024-10-27 07:05:46', '2024-10-27 07:05:46'),
(731, 6, 11, '2024-05-26', 'present', '2024-10-27 07:05:46', '2024-10-27 07:05:46'),
(732, 6, 12, '2024-05-26', 'late', '2024-10-27 07:05:46', '2024-10-27 07:05:46'),
(733, 6, 13, '2024-05-26', 'late', '2024-10-27 07:05:46', '2024-10-27 07:05:46'),
(734, 6, 14, '2024-05-26', 'present', '2024-10-27 07:05:46', '2024-10-27 07:05:46'),
(735, 6, 15, '2024-05-26', 'absent', '2024-10-27 07:05:46', '2024-10-27 07:05:46'),
(736, 7, 1, '2024-07-14', 'absent', '2024-10-27 07:05:46', '2024-10-27 07:05:46'),
(737, 7, 2, '2024-07-14', 'present', '2024-10-27 07:05:46', '2024-10-27 07:05:46'),
(738, 7, 3, '2024-07-14', 'present', '2024-10-27 07:05:46', '2024-10-27 07:05:46'),
(739, 7, 4, '2024-07-14', 'late', '2024-10-27 07:05:46', '2024-10-27 07:05:46'),
(740, 7, 5, '2024-07-14', 'present', '2024-10-27 07:05:46', '2024-10-27 07:05:46'),
(741, 7, 6, '2024-07-14', 'late', '2024-10-27 07:05:46', '2024-10-27 07:05:46'),
(742, 7, 7, '2024-07-14', 'present', '2024-10-27 07:05:46', '2024-10-27 07:05:46'),
(743, 7, 8, '2024-07-14', 'present', '2024-10-27 07:05:46', '2024-10-27 07:05:46'),
(744, 7, 9, '2024-07-14', 'late', '2024-10-27 07:05:46', '2024-10-27 07:05:46'),
(745, 7, 10, '2024-07-14', 'absent', '2024-10-27 07:05:46', '2024-10-27 07:05:46'),
(746, 7, 11, '2024-07-14', 'late', '2024-10-27 07:05:46', '2024-10-27 07:05:46'),
(747, 7, 12, '2024-07-14', 'present', '2024-10-27 07:05:46', '2024-10-27 07:05:46'),
(748, 7, 13, '2024-07-14', 'late', '2024-10-27 07:05:46', '2024-10-27 07:05:46'),
(749, 7, 14, '2024-07-14', 'late', '2024-10-27 07:05:46', '2024-10-27 07:05:46'),
(750, 7, 15, '2024-07-14', 'late', '2024-10-27 07:05:46', '2024-10-27 07:05:46'),
(751, 7, 1, '2024-05-11', 'absent', '2024-10-27 07:05:46', '2024-10-27 07:05:46'),
(752, 7, 2, '2024-05-11', 'present', '2024-10-27 07:05:46', '2024-10-27 07:05:46'),
(753, 7, 3, '2024-05-11', 'absent', '2024-10-27 07:05:46', '2024-10-27 07:05:46'),
(754, 7, 4, '2024-05-11', 'absent', '2024-10-27 07:05:46', '2024-10-27 07:05:46'),
(755, 7, 5, '2024-05-11', 'absent', '2024-10-27 07:05:46', '2024-10-27 07:05:46'),
(756, 7, 6, '2024-05-11', 'absent', '2024-10-27 07:05:46', '2024-10-27 07:05:46'),
(757, 7, 7, '2024-05-11', 'present', '2024-10-27 07:05:46', '2024-10-27 07:05:46'),
(758, 7, 8, '2024-05-11', 'present', '2024-10-27 07:05:46', '2024-10-27 07:05:46'),
(759, 7, 9, '2024-05-11', 'present', '2024-10-27 07:05:46', '2024-10-27 07:05:46'),
(760, 7, 10, '2024-05-11', 'late', '2024-10-27 07:05:46', '2024-10-27 07:05:46'),
(761, 7, 11, '2024-05-11', 'late', '2024-10-27 07:05:46', '2024-10-27 07:05:46'),
(762, 7, 12, '2024-05-11', 'present', '2024-10-27 07:05:46', '2024-10-27 07:05:46'),
(763, 7, 13, '2024-05-11', 'late', '2024-10-27 07:05:46', '2024-10-27 07:05:46'),
(764, 7, 14, '2024-05-11', 'present', '2024-10-27 07:05:46', '2024-10-27 07:05:46'),
(765, 7, 15, '2024-05-11', 'present', '2024-10-27 07:05:46', '2024-10-27 07:05:46'),
(766, 7, 1, '2024-06-17', 'present', '2024-10-27 07:05:46', '2024-10-27 07:05:46'),
(767, 7, 2, '2024-06-17', 'present', '2024-10-27 07:05:46', '2024-10-27 07:05:46'),
(768, 7, 3, '2024-06-17', 'absent', '2024-10-27 07:05:46', '2024-10-27 07:05:46'),
(769, 7, 4, '2024-06-17', 'absent', '2024-10-27 07:05:46', '2024-10-27 07:05:46'),
(770, 7, 5, '2024-06-17', 'present', '2024-10-27 07:05:46', '2024-10-27 07:05:46'),
(771, 7, 6, '2024-06-17', 'absent', '2024-10-27 07:05:46', '2024-10-27 07:05:46'),
(772, 7, 7, '2024-06-17', 'absent', '2024-10-27 07:05:46', '2024-10-27 07:05:46'),
(773, 7, 8, '2024-06-17', 'present', '2024-10-27 07:05:46', '2024-10-27 07:05:46'),
(774, 7, 9, '2024-06-17', 'absent', '2024-10-27 07:05:46', '2024-10-27 07:05:46'),
(775, 7, 10, '2024-06-17', 'present', '2024-10-27 07:05:46', '2024-10-27 07:05:46'),
(776, 7, 11, '2024-06-17', 'present', '2024-10-27 07:05:46', '2024-10-27 07:05:46'),
(777, 7, 12, '2024-06-17', 'present', '2024-10-27 07:05:46', '2024-10-27 07:05:46'),
(778, 7, 13, '2024-06-17', 'absent', '2024-10-27 07:05:46', '2024-10-27 07:05:46'),
(779, 7, 14, '2024-06-17', 'present', '2024-10-27 07:05:46', '2024-10-27 07:05:46'),
(780, 7, 15, '2024-06-17', 'late', '2024-10-27 07:05:46', '2024-10-27 07:05:46'),
(781, 7, 1, '2024-05-21', 'present', '2024-10-27 07:05:46', '2024-10-27 07:05:46'),
(782, 7, 2, '2024-05-21', 'absent', '2024-10-27 07:05:46', '2024-10-27 07:05:46'),
(783, 7, 3, '2024-05-21', 'absent', '2024-10-27 07:05:46', '2024-10-27 07:05:46'),
(784, 7, 4, '2024-05-21', 'absent', '2024-10-27 07:05:46', '2024-10-27 07:05:46'),
(785, 7, 5, '2024-05-21', 'late', '2024-10-27 07:05:46', '2024-10-27 07:05:46'),
(786, 7, 6, '2024-05-21', 'late', '2024-10-27 07:05:46', '2024-10-27 07:05:46'),
(787, 7, 7, '2024-05-21', 'present', '2024-10-27 07:05:46', '2024-10-27 07:05:46'),
(788, 7, 8, '2024-05-21', 'present', '2024-10-27 07:05:46', '2024-10-27 07:05:46'),
(789, 7, 9, '2024-05-21', 'present', '2024-10-27 07:05:46', '2024-10-27 07:05:46'),
(790, 7, 10, '2024-05-21', 'absent', '2024-10-27 07:05:46', '2024-10-27 07:05:46'),
(791, 7, 11, '2024-05-21', 'late', '2024-10-27 07:05:46', '2024-10-27 07:05:46'),
(792, 7, 12, '2024-05-21', 'late', '2024-10-27 07:05:46', '2024-10-27 07:05:46'),
(793, 7, 13, '2024-05-21', 'late', '2024-10-27 07:05:46', '2024-10-27 07:05:46'),
(794, 7, 14, '2024-05-21', 'absent', '2024-10-27 07:05:46', '2024-10-27 07:05:46'),
(795, 7, 15, '2024-05-21', 'present', '2024-10-27 07:05:46', '2024-10-27 07:05:46'),
(796, 7, 1, '2024-06-18', 'late', '2024-10-27 07:05:46', '2024-10-27 07:05:46'),
(797, 7, 2, '2024-06-18', 'absent', '2024-10-27 07:05:46', '2024-10-27 07:05:46'),
(798, 7, 3, '2024-06-18', 'late', '2024-10-27 07:05:46', '2024-10-27 07:05:46'),
(799, 7, 4, '2024-06-18', 'present', '2024-10-27 07:05:46', '2024-10-27 07:05:46'),
(800, 7, 5, '2024-06-18', 'late', '2024-10-27 07:05:46', '2024-10-27 07:05:46'),
(801, 7, 6, '2024-06-18', 'absent', '2024-10-27 07:05:46', '2024-10-27 07:05:46'),
(802, 7, 7, '2024-06-18', 'present', '2024-10-27 07:05:46', '2024-10-27 07:05:46'),
(803, 7, 8, '2024-06-18', 'present', '2024-10-27 07:05:46', '2024-10-27 07:05:46'),
(804, 7, 9, '2024-06-18', 'late', '2024-10-27 07:05:46', '2024-10-27 07:05:46'),
(805, 7, 10, '2024-06-18', 'late', '2024-10-27 07:05:46', '2024-10-27 07:05:46'),
(806, 7, 11, '2024-06-18', 'present', '2024-10-27 07:05:46', '2024-10-27 07:05:46'),
(807, 7, 12, '2024-06-18', 'absent', '2024-10-27 07:05:46', '2024-10-27 07:05:46'),
(808, 7, 13, '2024-06-18', 'present', '2024-10-27 07:05:46', '2024-10-27 07:05:46'),
(809, 7, 14, '2024-06-18', 'absent', '2024-10-27 07:05:46', '2024-10-27 07:05:46'),
(810, 7, 15, '2024-06-18', 'present', '2024-10-27 07:05:46', '2024-10-27 07:05:46'),
(811, 7, 1, '2024-05-26', 'late', '2024-10-27 07:05:46', '2024-10-27 07:05:46'),
(812, 7, 2, '2024-05-26', 'late', '2024-10-27 07:05:46', '2024-10-27 07:05:46'),
(813, 7, 3, '2024-05-26', 'late', '2024-10-27 07:05:46', '2024-10-27 07:05:46'),
(814, 7, 4, '2024-05-26', 'present', '2024-10-27 07:05:46', '2024-10-27 07:05:46'),
(815, 7, 5, '2024-05-26', 'present', '2024-10-27 07:05:46', '2024-10-27 07:05:46'),
(816, 7, 6, '2024-05-26', 'present', '2024-10-27 07:05:46', '2024-10-27 07:05:46'),
(817, 7, 7, '2024-05-26', 'late', '2024-10-27 07:05:46', '2024-10-27 07:05:46'),
(818, 7, 8, '2024-05-26', 'present', '2024-10-27 07:05:46', '2024-10-27 07:05:46'),
(819, 7, 9, '2024-05-26', 'absent', '2024-10-27 07:05:46', '2024-10-27 07:05:46'),
(820, 7, 10, '2024-05-26', 'present', '2024-10-27 07:05:46', '2024-10-27 07:05:46'),
(821, 7, 11, '2024-05-26', 'present', '2024-10-27 07:05:46', '2024-10-27 07:05:46'),
(822, 7, 12, '2024-05-26', 'late', '2024-10-27 07:05:46', '2024-10-27 07:05:46'),
(823, 7, 13, '2024-05-26', 'present', '2024-10-27 07:05:46', '2024-10-27 07:05:46'),
(824, 7, 14, '2024-05-26', 'late', '2024-10-27 07:05:46', '2024-10-27 07:05:46'),
(825, 7, 15, '2024-05-26', 'late', '2024-10-27 07:05:46', '2024-10-27 07:05:46'),
(826, 7, 1, '2024-07-13', 'late', '2024-10-27 07:05:46', '2024-10-27 07:05:46'),
(827, 7, 2, '2024-07-13', 'absent', '2024-10-27 07:05:46', '2024-10-27 07:05:46'),
(828, 7, 3, '2024-07-13', 'late', '2024-10-27 07:05:46', '2024-10-27 07:05:46'),
(829, 7, 4, '2024-07-13', 'late', '2024-10-27 07:05:46', '2024-10-27 07:05:46'),
(830, 7, 5, '2024-07-13', 'present', '2024-10-27 07:05:46', '2024-10-27 07:05:46'),
(831, 7, 6, '2024-07-13', 'present', '2024-10-27 07:05:46', '2024-10-27 07:05:46'),
(832, 7, 7, '2024-07-13', 'absent', '2024-10-27 07:05:46', '2024-10-27 07:05:46'),
(833, 7, 8, '2024-07-13', 'late', '2024-10-27 07:05:46', '2024-10-27 07:05:46'),
(834, 7, 9, '2024-07-13', 'late', '2024-10-27 07:05:46', '2024-10-27 07:05:46'),
(835, 7, 10, '2024-07-13', 'absent', '2024-10-27 07:05:46', '2024-10-27 07:05:46'),
(836, 7, 11, '2024-07-13', 'present', '2024-10-27 07:05:46', '2024-10-27 07:05:46'),
(837, 7, 12, '2024-07-13', 'absent', '2024-10-27 07:05:46', '2024-10-27 07:05:46'),
(838, 7, 13, '2024-07-13', 'present', '2024-10-27 07:05:46', '2024-10-27 07:05:46'),
(839, 7, 14, '2024-07-13', 'absent', '2024-10-27 07:05:46', '2024-10-27 07:05:46'),
(840, 7, 15, '2024-07-13', 'present', '2024-10-27 07:05:46', '2024-10-27 07:05:46'),
(841, 8, 1, '2024-06-16', 'absent', '2024-10-27 07:05:46', '2024-10-27 07:05:46'),
(842, 8, 2, '2024-06-16', 'present', '2024-10-27 07:05:46', '2024-10-27 07:05:46'),
(843, 8, 3, '2024-06-16', 'late', '2024-10-27 07:05:46', '2024-10-27 07:05:46'),
(844, 8, 4, '2024-06-16', 'present', '2024-10-27 07:05:46', '2024-10-27 07:05:46'),
(845, 8, 5, '2024-06-16', 'absent', '2024-10-27 07:05:46', '2024-10-27 07:05:46'),
(846, 8, 6, '2024-06-16', 'late', '2024-10-27 07:05:46', '2024-10-27 07:05:46'),
(847, 8, 7, '2024-06-16', 'absent', '2024-10-27 07:05:46', '2024-10-27 07:05:46'),
(848, 8, 8, '2024-06-16', 'absent', '2024-10-27 07:05:46', '2024-10-27 07:05:46'),
(849, 8, 9, '2024-06-16', 'present', '2024-10-27 07:05:46', '2024-10-27 07:05:46'),
(850, 8, 10, '2024-06-16', 'absent', '2024-10-27 07:05:46', '2024-10-27 07:05:46'),
(851, 8, 11, '2024-06-16', 'absent', '2024-10-27 07:05:46', '2024-10-27 07:05:46'),
(852, 8, 12, '2024-06-16', 'present', '2024-10-27 07:05:46', '2024-10-27 07:05:46'),
(853, 8, 13, '2024-06-16', 'late', '2024-10-27 07:05:46', '2024-10-27 07:05:46'),
(854, 8, 14, '2024-06-16', 'present', '2024-10-27 07:05:46', '2024-10-27 07:05:46'),
(855, 8, 15, '2024-06-16', 'late', '2024-10-27 07:05:46', '2024-10-27 07:05:46'),
(856, 8, 1, '2024-05-18', 'late', '2024-10-27 07:05:46', '2024-10-27 07:05:46'),
(857, 8, 2, '2024-05-18', 'absent', '2024-10-27 07:05:46', '2024-10-27 07:05:46'),
(858, 8, 3, '2024-05-18', 'present', '2024-10-27 07:05:46', '2024-10-27 07:05:46'),
(859, 8, 4, '2024-05-18', 'absent', '2024-10-27 07:05:46', '2024-10-27 07:05:46'),
(860, 8, 5, '2024-05-18', 'present', '2024-10-27 07:05:46', '2024-10-27 07:05:46'),
(861, 8, 6, '2024-05-18', 'late', '2024-10-27 07:05:46', '2024-10-27 07:05:46'),
(862, 8, 7, '2024-05-18', 'present', '2024-10-27 07:05:46', '2024-10-27 07:05:46'),
(863, 8, 8, '2024-05-18', 'present', '2024-10-27 07:05:46', '2024-10-27 07:05:46'),
(864, 8, 9, '2024-05-18', 'present', '2024-10-27 07:05:46', '2024-10-27 07:05:46'),
(865, 8, 10, '2024-05-18', 'absent', '2024-10-27 07:05:46', '2024-10-27 07:05:46'),
(866, 8, 11, '2024-05-18', 'late', '2024-10-27 07:05:46', '2024-10-27 07:05:46'),
(867, 8, 12, '2024-05-18', 'late', '2024-10-27 07:05:46', '2024-10-27 07:05:46'),
(868, 8, 13, '2024-05-18', 'absent', '2024-10-27 07:05:46', '2024-10-27 07:05:46'),
(869, 8, 14, '2024-05-18', 'late', '2024-10-27 07:05:46', '2024-10-27 07:05:46'),
(870, 8, 15, '2024-05-18', 'late', '2024-10-27 07:05:46', '2024-10-27 07:05:46'),
(871, 8, 1, '2024-07-26', 'absent', '2024-10-27 07:05:46', '2024-10-27 07:05:46'),
(872, 8, 2, '2024-07-26', 'late', '2024-10-27 07:05:46', '2024-10-27 07:05:46'),
(873, 8, 3, '2024-07-26', 'late', '2024-10-27 07:05:46', '2024-10-27 07:05:46'),
(874, 8, 4, '2024-07-26', 'late', '2024-10-27 07:05:46', '2024-10-27 07:05:46'),
(875, 8, 5, '2024-07-26', 'absent', '2024-10-27 07:05:46', '2024-10-27 07:05:46'),
(876, 8, 6, '2024-07-26', 'late', '2024-10-27 07:05:46', '2024-10-27 07:05:46'),
(877, 8, 7, '2024-07-26', 'absent', '2024-10-27 07:05:46', '2024-10-27 07:05:46'),
(878, 8, 8, '2024-07-26', 'absent', '2024-10-27 07:05:46', '2024-10-27 07:05:46'),
(879, 8, 9, '2024-07-26', 'late', '2024-10-27 07:05:46', '2024-10-27 07:05:46'),
(880, 8, 10, '2024-07-26', 'absent', '2024-10-27 07:05:46', '2024-10-27 07:05:46'),
(881, 8, 11, '2024-07-26', 'absent', '2024-10-27 07:05:46', '2024-10-27 07:05:46'),
(882, 8, 12, '2024-07-26', 'absent', '2024-10-27 07:05:46', '2024-10-27 07:05:46'),
(883, 8, 13, '2024-07-26', 'late', '2024-10-27 07:05:46', '2024-10-27 07:05:46'),
(884, 8, 14, '2024-07-26', 'present', '2024-10-27 07:05:46', '2024-10-27 07:05:46'),
(885, 8, 15, '2024-07-26', 'absent', '2024-10-27 07:05:46', '2024-10-27 07:05:46'),
(886, 8, 1, '2024-06-02', 'late', '2024-10-27 07:05:46', '2024-10-27 07:05:46'),
(887, 8, 2, '2024-06-02', 'late', '2024-10-27 07:05:46', '2024-10-27 07:05:46'),
(888, 8, 3, '2024-06-02', 'present', '2024-10-27 07:05:46', '2024-10-27 07:05:46'),
(889, 8, 4, '2024-06-02', 'absent', '2024-10-27 07:05:46', '2024-10-27 07:05:46'),
(890, 8, 5, '2024-06-02', 'present', '2024-10-27 07:05:46', '2024-10-27 07:05:46'),
(891, 8, 6, '2024-06-02', 'present', '2024-10-27 07:05:46', '2024-10-27 07:05:46'),
(892, 8, 7, '2024-06-02', 'present', '2024-10-27 07:05:46', '2024-10-27 07:05:46'),
(893, 8, 8, '2024-06-02', 'present', '2024-10-27 07:05:46', '2024-10-27 07:05:46'),
(894, 8, 9, '2024-06-02', 'present', '2024-10-27 07:05:46', '2024-10-27 07:05:46'),
(895, 8, 10, '2024-06-02', 'absent', '2024-10-27 07:05:46', '2024-10-27 07:05:46'),
(896, 8, 11, '2024-06-02', 'present', '2024-10-27 07:05:46', '2024-10-27 07:05:46'),
(897, 8, 12, '2024-06-02', 'present', '2024-10-27 07:05:46', '2024-10-27 07:05:46'),
(898, 8, 13, '2024-06-02', 'absent', '2024-10-27 07:05:46', '2024-10-27 07:05:46'),
(899, 8, 14, '2024-06-02', 'absent', '2024-10-27 07:05:46', '2024-10-27 07:05:46'),
(900, 8, 15, '2024-06-02', 'absent', '2024-10-27 07:05:46', '2024-10-27 07:05:46'),
(901, 8, 1, '2024-06-18', 'present', '2024-10-27 07:05:46', '2024-10-27 07:05:46'),
(902, 8, 2, '2024-06-18', 'late', '2024-10-27 07:05:46', '2024-10-27 07:05:46'),
(903, 8, 3, '2024-06-18', 'absent', '2024-10-27 07:05:46', '2024-10-27 07:05:46'),
(904, 8, 4, '2024-06-18', 'absent', '2024-10-27 07:05:46', '2024-10-27 07:05:46'),
(905, 8, 5, '2024-06-18', 'present', '2024-10-27 07:05:46', '2024-10-27 07:05:46'),
(906, 8, 6, '2024-06-18', 'late', '2024-10-27 07:05:46', '2024-10-27 07:05:46'),
(907, 8, 7, '2024-06-18', 'present', '2024-10-27 07:05:46', '2024-10-27 07:05:46'),
(908, 8, 8, '2024-06-18', 'late', '2024-10-27 07:05:46', '2024-10-27 07:05:46'),
(909, 8, 9, '2024-06-18', 'late', '2024-10-27 07:05:46', '2024-10-27 07:05:46'),
(910, 8, 10, '2024-06-18', 'absent', '2024-10-27 07:05:46', '2024-10-27 07:05:46'),
(911, 8, 11, '2024-06-18', 'late', '2024-10-27 07:05:46', '2024-10-27 07:05:46'),
(912, 8, 12, '2024-06-18', 'late', '2024-10-27 07:05:46', '2024-10-27 07:05:46'),
(913, 8, 13, '2024-06-18', 'late', '2024-10-27 07:05:46', '2024-10-27 07:05:46'),
(914, 8, 14, '2024-06-18', 'late', '2024-10-27 07:05:46', '2024-10-27 07:05:46'),
(915, 8, 15, '2024-06-18', 'present', '2024-10-27 07:05:46', '2024-10-27 07:05:46'),
(916, 8, 1, '2024-05-21', 'late', '2024-10-27 07:05:46', '2024-10-27 07:05:46'),
(917, 8, 2, '2024-05-21', 'absent', '2024-10-27 07:05:46', '2024-10-27 07:05:46'),
(918, 8, 3, '2024-05-21', 'late', '2024-10-27 07:05:46', '2024-10-27 07:05:46'),
(919, 8, 4, '2024-05-21', 'absent', '2024-10-27 07:05:46', '2024-10-27 07:05:46'),
(920, 8, 5, '2024-05-21', 'present', '2024-10-27 07:05:46', '2024-10-27 07:05:46'),
(921, 8, 6, '2024-05-21', 'present', '2024-10-27 07:05:47', '2024-10-27 07:05:47'),
(922, 8, 7, '2024-05-21', 'absent', '2024-10-27 07:05:47', '2024-10-27 07:05:47'),
(923, 8, 8, '2024-05-21', 'late', '2024-10-27 07:05:47', '2024-10-27 07:05:47'),
(924, 8, 9, '2024-05-21', 'present', '2024-10-27 07:05:47', '2024-10-27 07:05:47'),
(925, 8, 10, '2024-05-21', 'late', '2024-10-27 07:05:47', '2024-10-27 07:05:47'),
(926, 8, 11, '2024-05-21', 'late', '2024-10-27 07:05:47', '2024-10-27 07:05:47'),
(927, 8, 12, '2024-05-21', 'present', '2024-10-27 07:05:47', '2024-10-27 07:05:47'),
(928, 8, 13, '2024-05-21', 'present', '2024-10-27 07:05:47', '2024-10-27 07:05:47'),
(929, 8, 14, '2024-05-21', 'absent', '2024-10-27 07:05:47', '2024-10-27 07:05:47'),
(930, 8, 15, '2024-05-21', 'present', '2024-10-27 07:05:47', '2024-10-27 07:05:47'),
(931, 8, 1, '2024-06-29', 'late', '2024-10-27 07:05:47', '2024-10-27 07:05:47'),
(932, 8, 2, '2024-06-29', 'present', '2024-10-27 07:05:47', '2024-10-27 07:05:47'),
(933, 8, 3, '2024-06-29', 'absent', '2024-10-27 07:05:47', '2024-10-27 07:05:47'),
(934, 8, 4, '2024-06-29', 'present', '2024-10-27 07:05:47', '2024-10-27 07:05:47'),
(935, 8, 5, '2024-06-29', 'absent', '2024-10-27 07:05:47', '2024-10-27 07:05:47'),
(936, 8, 6, '2024-06-29', 'late', '2024-10-27 07:05:47', '2024-10-27 07:05:47'),
(937, 8, 7, '2024-06-29', 'absent', '2024-10-27 07:05:47', '2024-10-27 07:05:47'),
(938, 8, 8, '2024-06-29', 'absent', '2024-10-27 07:05:47', '2024-10-27 07:05:47'),
(939, 8, 9, '2024-06-29', 'absent', '2024-10-27 07:05:47', '2024-10-27 07:05:47'),
(940, 8, 10, '2024-06-29', 'present', '2024-10-27 07:05:47', '2024-10-27 07:05:47'),
(941, 8, 11, '2024-06-29', 'late', '2024-10-27 07:05:47', '2024-10-27 07:05:47'),
(942, 8, 12, '2024-06-29', 'late', '2024-10-27 07:05:47', '2024-10-27 07:05:47'),
(943, 8, 13, '2024-06-29', 'absent', '2024-10-27 07:05:47', '2024-10-27 07:05:47'),
(944, 8, 14, '2024-06-29', 'late', '2024-10-27 07:05:47', '2024-10-27 07:05:47'),
(945, 8, 15, '2024-06-29', 'absent', '2024-10-27 07:05:47', '2024-10-27 07:05:47'),
(946, 8, 1, '2024-06-17', 'late', '2024-10-27 07:05:47', '2024-10-27 07:05:47'),
(947, 8, 2, '2024-06-17', 'late', '2024-10-27 07:05:47', '2024-10-27 07:05:47'),
(948, 8, 3, '2024-06-17', 'late', '2024-10-27 07:05:47', '2024-10-27 07:05:47'),
(949, 8, 4, '2024-06-17', 'present', '2024-10-27 07:05:47', '2024-10-27 07:05:47'),
(950, 8, 5, '2024-06-17', 'present', '2024-10-27 07:05:47', '2024-10-27 07:05:47'),
(951, 8, 6, '2024-06-17', 'late', '2024-10-27 07:05:47', '2024-10-27 07:05:47'),
(952, 8, 7, '2024-06-17', 'present', '2024-10-27 07:05:47', '2024-10-27 07:05:47'),
(953, 8, 8, '2024-06-17', 'late', '2024-10-27 07:05:47', '2024-10-27 07:05:47'),
(954, 8, 9, '2024-06-17', 'late', '2024-10-27 07:05:47', '2024-10-27 07:05:47'),
(955, 8, 10, '2024-06-17', 'late', '2024-10-27 07:05:47', '2024-10-27 07:05:47'),
(956, 8, 11, '2024-06-17', 'absent', '2024-10-27 07:05:47', '2024-10-27 07:05:47'),
(957, 8, 12, '2024-06-17', 'absent', '2024-10-27 07:05:47', '2024-10-27 07:05:47'),
(958, 8, 13, '2024-06-17', 'absent', '2024-10-27 07:05:47', '2024-10-27 07:05:47'),
(959, 8, 14, '2024-06-17', 'late', '2024-10-27 07:05:47', '2024-10-27 07:05:47'),
(960, 8, 15, '2024-06-17', 'absent', '2024-10-27 07:05:47', '2024-10-27 07:05:47'),
(961, 8, 1, '2024-06-20', 'absent', '2024-10-27 07:05:47', '2024-10-27 07:05:47'),
(962, 8, 2, '2024-06-20', 'absent', '2024-10-27 07:05:47', '2024-10-27 07:05:47'),
(963, 8, 3, '2024-06-20', 'absent', '2024-10-27 07:05:47', '2024-10-27 07:05:47'),
(964, 8, 4, '2024-06-20', 'absent', '2024-10-27 07:05:47', '2024-10-27 07:05:47'),
(965, 8, 5, '2024-06-20', 'late', '2024-10-27 07:05:47', '2024-10-27 07:05:47'),
(966, 8, 6, '2024-06-20', 'absent', '2024-10-27 07:05:47', '2024-10-27 07:05:47'),
(967, 8, 7, '2024-06-20', 'late', '2024-10-27 07:05:47', '2024-10-27 07:05:47'),
(968, 8, 8, '2024-06-20', 'present', '2024-10-27 07:05:47', '2024-10-27 07:05:47'),
(969, 8, 9, '2024-06-20', 'present', '2024-10-27 07:05:47', '2024-10-27 07:05:47'),
(970, 8, 10, '2024-06-20', 'present', '2024-10-27 07:05:47', '2024-10-27 07:05:47'),
(971, 8, 11, '2024-06-20', 'late', '2024-10-27 07:05:47', '2024-10-27 07:05:47'),
(972, 8, 12, '2024-06-20', 'late', '2024-10-27 07:05:47', '2024-10-27 07:05:47'),
(973, 8, 13, '2024-06-20', 'absent', '2024-10-27 07:05:47', '2024-10-27 07:05:47'),
(974, 8, 14, '2024-06-20', 'absent', '2024-10-27 07:05:47', '2024-10-27 07:05:47'),
(975, 8, 15, '2024-06-20', 'present', '2024-10-27 07:05:47', '2024-10-27 07:05:47'),
(976, 8, 1, '2024-06-26', 'late', '2024-10-27 07:05:47', '2024-10-27 07:05:47'),
(977, 8, 2, '2024-06-26', 'late', '2024-10-27 07:05:47', '2024-10-27 07:05:47'),
(978, 8, 3, '2024-06-26', 'absent', '2024-10-27 07:05:47', '2024-10-27 07:05:47'),
(979, 8, 4, '2024-06-26', 'absent', '2024-10-27 07:05:47', '2024-10-27 07:05:47'),
(980, 8, 5, '2024-06-26', 'late', '2024-10-27 07:05:47', '2024-10-27 07:05:47'),
(981, 8, 6, '2024-06-26', 'late', '2024-10-27 07:05:47', '2024-10-27 07:05:47'),
(982, 8, 7, '2024-06-26', 'absent', '2024-10-27 07:05:47', '2024-10-27 07:05:47'),
(983, 8, 8, '2024-06-26', 'present', '2024-10-27 07:05:47', '2024-10-27 07:05:47'),
(984, 8, 9, '2024-06-26', 'absent', '2024-10-27 07:05:47', '2024-10-27 07:05:47'),
(985, 8, 10, '2024-06-26', 'absent', '2024-10-27 07:05:47', '2024-10-27 07:05:47'),
(986, 8, 11, '2024-06-26', 'late', '2024-10-27 07:05:47', '2024-10-27 07:05:47'),
(987, 8, 12, '2024-06-26', 'late', '2024-10-27 07:05:47', '2024-10-27 07:05:47'),
(988, 8, 13, '2024-06-26', 'present', '2024-10-27 07:05:47', '2024-10-27 07:05:47'),
(989, 8, 14, '2024-06-26', 'late', '2024-10-27 07:05:47', '2024-10-27 07:05:47'),
(990, 8, 15, '2024-06-26', 'present', '2024-10-27 07:05:47', '2024-10-27 07:05:47'),
(991, 9, 1, '2024-05-04', 'present', '2024-10-27 07:05:47', '2024-10-27 07:05:47'),
(992, 9, 2, '2024-05-04', 'present', '2024-10-27 07:05:47', '2024-10-27 07:05:47'),
(993, 9, 3, '2024-05-04', 'absent', '2024-10-27 07:05:47', '2024-10-27 07:05:47'),
(994, 9, 4, '2024-05-04', 'absent', '2024-10-27 07:05:47', '2024-10-27 07:05:47'),
(995, 9, 5, '2024-05-04', 'late', '2024-10-27 07:05:47', '2024-10-27 07:05:47'),
(996, 9, 6, '2024-05-04', 'late', '2024-10-27 07:05:47', '2024-10-27 07:05:47'),
(997, 9, 7, '2024-05-04', 'absent', '2024-10-27 07:05:47', '2024-10-27 07:05:47'),
(998, 9, 8, '2024-05-04', 'absent', '2024-10-27 07:05:47', '2024-10-27 07:05:47'),
(999, 9, 9, '2024-05-04', 'late', '2024-10-27 07:05:47', '2024-10-27 07:05:47'),
(1000, 9, 10, '2024-05-04', 'late', '2024-10-27 07:05:47', '2024-10-27 07:05:47'),
(1001, 9, 11, '2024-05-04', 'present', '2024-10-27 07:05:47', '2024-10-27 07:05:47'),
(1002, 9, 12, '2024-05-04', 'present', '2024-10-27 07:05:47', '2024-10-27 07:05:47'),
(1003, 9, 13, '2024-05-04', 'absent', '2024-10-27 07:05:47', '2024-10-27 07:05:47'),
(1004, 9, 14, '2024-05-04', 'late', '2024-10-27 07:05:47', '2024-10-27 07:05:47'),
(1005, 9, 15, '2024-05-04', 'late', '2024-10-27 07:05:47', '2024-10-27 07:05:47'),
(1006, 9, 1, '2024-05-24', 'late', '2024-10-27 07:05:47', '2024-10-27 07:05:47'),
(1007, 9, 2, '2024-05-24', 'absent', '2024-10-27 07:05:47', '2024-10-27 07:05:47'),
(1008, 9, 3, '2024-05-24', 'late', '2024-10-27 07:05:47', '2024-10-27 07:05:47'),
(1009, 9, 4, '2024-05-24', 'absent', '2024-10-27 07:05:47', '2024-10-27 07:05:47'),
(1010, 9, 5, '2024-05-24', 'present', '2024-10-27 07:05:47', '2024-10-27 07:05:47'),
(1011, 9, 6, '2024-05-24', 'absent', '2024-10-27 07:05:47', '2024-10-27 07:05:47'),
(1012, 9, 7, '2024-05-24', 'absent', '2024-10-27 07:05:47', '2024-10-27 07:05:47'),
(1013, 9, 8, '2024-05-24', 'present', '2024-10-27 07:05:47', '2024-10-27 07:05:47'),
(1014, 9, 9, '2024-05-24', 'present', '2024-10-27 07:05:47', '2024-10-27 07:05:47'),
(1015, 9, 10, '2024-05-24', 'present', '2024-10-27 07:05:47', '2024-10-27 07:05:47'),
(1016, 9, 11, '2024-05-24', 'late', '2024-10-27 07:05:47', '2024-10-27 07:05:47'),
(1017, 9, 12, '2024-05-24', 'late', '2024-10-27 07:05:47', '2024-10-27 07:05:47'),
(1018, 9, 13, '2024-05-24', 'absent', '2024-10-27 07:05:47', '2024-10-27 07:05:47'),
(1019, 9, 14, '2024-05-24', 'late', '2024-10-27 07:05:47', '2024-10-27 07:05:47'),
(1020, 9, 15, '2024-05-24', 'absent', '2024-10-27 07:05:47', '2024-10-27 07:05:47'),
(1021, 9, 1, '2024-05-31', 'absent', '2024-10-27 07:05:47', '2024-10-27 07:05:47'),
(1022, 9, 2, '2024-05-31', 'present', '2024-10-27 07:05:47', '2024-10-27 07:05:47'),
(1023, 9, 3, '2024-05-31', 'late', '2024-10-27 07:05:47', '2024-10-27 07:05:47'),
(1024, 9, 4, '2024-05-31', 'late', '2024-10-27 07:05:47', '2024-10-27 07:05:47'),
(1025, 9, 5, '2024-05-31', 'absent', '2024-10-27 07:05:47', '2024-10-27 07:05:47'),
(1026, 9, 6, '2024-05-31', 'absent', '2024-10-27 07:05:47', '2024-10-27 07:05:47'),
(1027, 9, 7, '2024-05-31', 'late', '2024-10-27 07:05:47', '2024-10-27 07:05:47'),
(1028, 9, 8, '2024-05-31', 'absent', '2024-10-27 07:05:47', '2024-10-27 07:05:47'),
(1029, 9, 9, '2024-05-31', 'present', '2024-10-27 07:05:47', '2024-10-27 07:05:47'),
(1030, 9, 10, '2024-05-31', 'absent', '2024-10-27 07:05:47', '2024-10-27 07:05:47'),
(1031, 9, 11, '2024-05-31', 'absent', '2024-10-27 07:05:47', '2024-10-27 07:05:47'),
(1032, 9, 12, '2024-05-31', 'late', '2024-10-27 07:05:47', '2024-10-27 07:05:47'),
(1033, 9, 13, '2024-05-31', 'late', '2024-10-27 07:05:47', '2024-10-27 07:05:47'),
(1034, 9, 14, '2024-05-31', 'present', '2024-10-27 07:05:47', '2024-10-27 07:05:47'),
(1035, 9, 15, '2024-05-31', 'absent', '2024-10-27 07:05:47', '2024-10-27 07:05:47'),
(1036, 9, 1, '2024-05-13', 'present', '2024-10-27 07:05:47', '2024-10-27 07:05:47'),
(1037, 9, 2, '2024-05-13', 'present', '2024-10-27 07:05:47', '2024-10-27 07:05:47'),
(1038, 9, 3, '2024-05-13', 'present', '2024-10-27 07:05:47', '2024-10-27 07:05:47'),
(1039, 9, 4, '2024-05-13', 'present', '2024-10-27 07:05:47', '2024-10-27 07:05:47'),
(1040, 9, 5, '2024-05-13', 'late', '2024-10-27 07:05:47', '2024-10-27 07:05:47'),
(1041, 9, 6, '2024-05-13', 'present', '2024-10-27 07:05:47', '2024-10-27 07:05:47'),
(1042, 9, 7, '2024-05-13', 'late', '2024-10-27 07:05:47', '2024-10-27 07:05:47'),
(1043, 9, 8, '2024-05-13', 'late', '2024-10-27 07:05:47', '2024-10-27 07:05:47'),
(1044, 9, 9, '2024-05-13', 'present', '2024-10-27 07:05:47', '2024-10-27 07:05:47'),
(1045, 9, 10, '2024-05-13', 'present', '2024-10-27 07:05:47', '2024-10-27 07:05:47'),
(1046, 9, 11, '2024-05-13', 'absent', '2024-10-27 07:05:47', '2024-10-27 07:05:47'),
(1047, 9, 12, '2024-05-13', 'present', '2024-10-27 07:05:47', '2024-10-27 07:05:47'),
(1048, 9, 13, '2024-05-13', 'present', '2024-10-27 07:05:47', '2024-10-27 07:05:47'),
(1049, 9, 14, '2024-05-13', 'late', '2024-10-27 07:05:47', '2024-10-27 07:05:47'),
(1050, 9, 15, '2024-05-13', 'present', '2024-10-27 07:05:47', '2024-10-27 07:05:47'),
(1051, 9, 1, '2024-06-28', 'present', '2024-10-27 07:05:47', '2024-10-27 07:05:47'),
(1052, 9, 2, '2024-06-28', 'absent', '2024-10-27 07:05:47', '2024-10-27 07:05:47'),
(1053, 9, 3, '2024-06-28', 'present', '2024-10-27 07:05:47', '2024-10-27 07:05:47'),
(1054, 9, 4, '2024-06-28', 'late', '2024-10-27 07:05:47', '2024-10-27 07:05:47'),
(1055, 9, 5, '2024-06-28', 'late', '2024-10-27 07:05:47', '2024-10-27 07:05:47'),
(1056, 9, 6, '2024-06-28', 'absent', '2024-10-27 07:05:47', '2024-10-27 07:05:47'),
(1057, 9, 7, '2024-06-28', 'late', '2024-10-27 07:05:47', '2024-10-27 07:05:47'),
(1058, 9, 8, '2024-06-28', 'absent', '2024-10-27 07:05:47', '2024-10-27 07:05:47'),
(1059, 9, 9, '2024-06-28', 'present', '2024-10-27 07:05:47', '2024-10-27 07:05:47'),
(1060, 9, 10, '2024-06-28', 'present', '2024-10-27 07:05:47', '2024-10-27 07:05:47'),
(1061, 9, 11, '2024-06-28', 'present', '2024-10-27 07:05:47', '2024-10-27 07:05:47'),
(1062, 9, 12, '2024-06-28', 'present', '2024-10-27 07:05:47', '2024-10-27 07:05:47'),
(1063, 9, 13, '2024-06-28', 'late', '2024-10-27 07:05:47', '2024-10-27 07:05:47'),
(1064, 9, 14, '2024-06-28', 'present', '2024-10-27 07:05:47', '2024-10-27 07:05:47'),
(1065, 9, 15, '2024-06-28', 'late', '2024-10-27 07:05:47', '2024-10-27 07:05:47'),
(1066, 9, 1, '2024-06-10', 'late', '2024-10-27 07:05:47', '2024-10-27 07:05:47'),
(1067, 9, 2, '2024-06-10', 'late', '2024-10-27 07:05:47', '2024-10-27 07:05:47'),
(1068, 9, 3, '2024-06-10', 'absent', '2024-10-27 07:05:47', '2024-10-27 07:05:47'),
(1069, 9, 4, '2024-06-10', 'absent', '2024-10-27 07:05:47', '2024-10-27 07:05:47'),
(1070, 9, 5, '2024-06-10', 'late', '2024-10-27 07:05:47', '2024-10-27 07:05:47'),
(1071, 9, 6, '2024-06-10', 'late', '2024-10-27 07:05:47', '2024-10-27 07:05:47'),
(1072, 9, 7, '2024-06-10', 'absent', '2024-10-27 07:05:47', '2024-10-27 07:05:47'),
(1073, 9, 8, '2024-06-10', 'absent', '2024-10-27 07:05:47', '2024-10-27 07:05:47'),
(1074, 9, 9, '2024-06-10', 'present', '2024-10-27 07:05:47', '2024-10-27 07:05:47'),
(1075, 9, 10, '2024-06-10', 'present', '2024-10-27 07:05:47', '2024-10-27 07:05:47'),
(1076, 9, 11, '2024-06-10', 'present', '2024-10-27 07:05:47', '2024-10-27 07:05:47'),
(1077, 9, 12, '2024-06-10', 'present', '2024-10-27 07:05:47', '2024-10-27 07:05:47'),
(1078, 9, 13, '2024-06-10', 'present', '2024-10-27 07:05:47', '2024-10-27 07:05:47'),
(1079, 9, 14, '2024-06-10', 'present', '2024-10-27 07:05:47', '2024-10-27 07:05:47'),
(1080, 9, 15, '2024-06-10', 'late', '2024-10-27 07:05:47', '2024-10-27 07:05:47'),
(1081, 10, 1, '2024-07-26', 'present', '2024-10-27 07:05:47', '2024-10-27 07:05:47'),
(1082, 10, 2, '2024-07-26', 'late', '2024-10-27 07:05:47', '2024-10-27 07:05:47'),
(1083, 10, 3, '2024-07-26', 'absent', '2024-10-27 07:05:47', '2024-10-27 07:05:47'),
(1084, 10, 4, '2024-07-26', 'present', '2024-10-27 07:05:47', '2024-10-27 07:05:47'),
(1085, 10, 5, '2024-07-26', 'absent', '2024-10-27 07:05:47', '2024-10-27 07:05:47'),
(1086, 10, 6, '2024-07-26', 'present', '2024-10-27 07:05:47', '2024-10-27 07:05:47'),
(1087, 10, 7, '2024-07-26', 'present', '2024-10-27 07:05:47', '2024-10-27 07:05:47'),
(1088, 10, 8, '2024-07-26', 'absent', '2024-10-27 07:05:47', '2024-10-27 07:05:47'),
(1089, 10, 9, '2024-07-26', 'absent', '2024-10-27 07:05:47', '2024-10-27 07:05:47'),
(1090, 10, 10, '2024-07-26', 'absent', '2024-10-27 07:05:47', '2024-10-27 07:05:47'),
(1091, 10, 11, '2024-07-26', 'late', '2024-10-27 07:05:47', '2024-10-27 07:05:47'),
(1092, 10, 12, '2024-07-26', 'late', '2024-10-27 07:05:47', '2024-10-27 07:05:47'),
(1093, 10, 13, '2024-07-26', 'late', '2024-10-27 07:05:47', '2024-10-27 07:05:47'),
(1094, 10, 14, '2024-07-26', 'late', '2024-10-27 07:05:47', '2024-10-27 07:05:47'),
(1095, 10, 15, '2024-07-26', 'absent', '2024-10-27 07:05:47', '2024-10-27 07:05:47'),
(1096, 10, 1, '2024-05-25', 'late', '2024-10-27 07:05:47', '2024-10-27 07:05:47'),
(1097, 10, 2, '2024-05-25', 'absent', '2024-10-27 07:05:47', '2024-10-27 07:05:47'),
(1098, 10, 3, '2024-05-25', 'present', '2024-10-27 07:05:47', '2024-10-27 07:05:47'),
(1099, 10, 4, '2024-05-25', 'present', '2024-10-27 07:05:47', '2024-10-27 07:05:47'),
(1100, 10, 5, '2024-05-25', 'present', '2024-10-27 07:05:47', '2024-10-27 07:05:47'),
(1101, 10, 6, '2024-05-25', 'present', '2024-10-27 07:05:47', '2024-10-27 07:05:47'),
(1102, 10, 7, '2024-05-25', 'present', '2024-10-27 07:05:47', '2024-10-27 07:05:47'),
(1103, 10, 8, '2024-05-25', 'present', '2024-10-27 07:05:47', '2024-10-27 07:05:47'),
(1104, 10, 9, '2024-05-25', 'absent', '2024-10-27 07:05:47', '2024-10-27 07:05:47'),
(1105, 10, 10, '2024-05-25', 'present', '2024-10-27 07:05:47', '2024-10-27 07:05:47'),
(1106, 10, 11, '2024-05-25', 'late', '2024-10-27 07:05:47', '2024-10-27 07:05:47'),
(1107, 10, 12, '2024-05-25', 'present', '2024-10-27 07:05:47', '2024-10-27 07:05:47'),
(1108, 10, 13, '2024-05-25', 'late', '2024-10-27 07:05:47', '2024-10-27 07:05:47'),
(1109, 10, 14, '2024-05-25', 'present', '2024-10-27 07:05:47', '2024-10-27 07:05:47'),
(1110, 10, 15, '2024-05-25', 'absent', '2024-10-27 07:05:47', '2024-10-27 07:05:47'),
(1111, 10, 1, '2024-06-01', 'present', '2024-10-27 07:05:47', '2024-10-27 07:05:47'),
(1112, 10, 2, '2024-06-01', 'present', '2024-10-27 07:05:47', '2024-10-27 07:05:47'),
(1113, 10, 3, '2024-06-01', 'present', '2024-10-27 07:05:47', '2024-10-27 07:05:47'),
(1114, 10, 4, '2024-06-01', 'present', '2024-10-27 07:05:47', '2024-10-27 07:05:47'),
(1115, 10, 5, '2024-06-01', 'late', '2024-10-27 07:05:47', '2024-10-27 07:05:47'),
(1116, 10, 6, '2024-06-01', 'late', '2024-10-27 07:05:47', '2024-10-27 07:05:47'),
(1117, 10, 7, '2024-06-01', 'late', '2024-10-27 07:05:47', '2024-10-27 07:05:47'),
(1118, 10, 8, '2024-06-01', 'absent', '2024-10-27 07:05:47', '2024-10-27 07:05:47'),
(1119, 10, 9, '2024-06-01', 'present', '2024-10-27 07:05:47', '2024-10-27 07:05:47'),
(1120, 10, 10, '2024-06-01', 'absent', '2024-10-27 07:05:47', '2024-10-27 07:05:47'),
(1121, 10, 11, '2024-06-01', 'present', '2024-10-27 07:05:47', '2024-10-27 07:05:47'),
(1122, 10, 12, '2024-06-01', 'late', '2024-10-27 07:05:47', '2024-10-27 07:05:47'),
(1123, 10, 13, '2024-06-01', 'present', '2024-10-27 07:05:47', '2024-10-27 07:05:47'),
(1124, 10, 14, '2024-06-01', 'late', '2024-10-27 07:05:47', '2024-10-27 07:05:47'),
(1125, 10, 15, '2024-06-01', 'present', '2024-10-27 07:05:47', '2024-10-27 07:05:47'),
(1126, 10, 1, '2024-07-03', 'late', '2024-10-27 07:05:47', '2024-10-27 07:05:47'),
(1127, 10, 2, '2024-07-03', 'present', '2024-10-27 07:05:47', '2024-10-27 07:05:47'),
(1128, 10, 3, '2024-07-03', 'late', '2024-10-27 07:05:47', '2024-10-27 07:05:47'),
(1129, 10, 4, '2024-07-03', 'late', '2024-10-27 07:05:47', '2024-10-27 07:05:47'),
(1130, 10, 5, '2024-07-03', 'late', '2024-10-27 07:05:47', '2024-10-27 07:05:47'),
(1131, 10, 6, '2024-07-03', 'present', '2024-10-27 07:05:47', '2024-10-27 07:05:47'),
(1132, 10, 7, '2024-07-03', 'present', '2024-10-27 07:05:47', '2024-10-27 07:05:47'),
(1133, 10, 8, '2024-07-03', 'present', '2024-10-27 07:05:47', '2024-10-27 07:05:47'),
(1134, 10, 9, '2024-07-03', 'present', '2024-10-27 07:05:47', '2024-10-27 07:05:47'),
(1135, 10, 10, '2024-07-03', 'present', '2024-10-27 07:05:47', '2024-10-27 07:05:47'),
(1136, 10, 11, '2024-07-03', 'late', '2024-10-27 07:05:47', '2024-10-27 07:05:47'),
(1137, 10, 12, '2024-07-03', 'present', '2024-10-27 07:05:47', '2024-10-27 07:05:47'),
(1138, 10, 13, '2024-07-03', 'late', '2024-10-27 07:05:47', '2024-10-27 07:05:47'),
(1139, 10, 14, '2024-07-03', 'absent', '2024-10-27 07:05:47', '2024-10-27 07:05:47'),
(1140, 10, 15, '2024-07-03', 'late', '2024-10-27 07:05:47', '2024-10-27 07:05:47'),
(1141, 10, 1, '2024-05-11', 'late', '2024-10-27 07:05:47', '2024-10-27 07:05:47'),
(1142, 10, 2, '2024-05-11', 'present', '2024-10-27 07:05:47', '2024-10-27 07:05:47'),
(1143, 10, 3, '2024-05-11', 'present', '2024-10-27 07:05:47', '2024-10-27 07:05:47'),
(1144, 10, 4, '2024-05-11', 'present', '2024-10-27 07:05:47', '2024-10-27 07:05:47'),
(1145, 10, 5, '2024-05-11', 'absent', '2024-10-27 07:05:47', '2024-10-27 07:05:47'),
(1146, 10, 6, '2024-05-11', 'absent', '2024-10-27 07:05:47', '2024-10-27 07:05:47'),
(1147, 10, 7, '2024-05-11', 'present', '2024-10-27 07:05:47', '2024-10-27 07:05:47'),
(1148, 10, 8, '2024-05-11', 'absent', '2024-10-27 07:05:47', '2024-10-27 07:05:47'),
(1149, 10, 9, '2024-05-11', 'present', '2024-10-27 07:05:47', '2024-10-27 07:05:47'),
(1150, 10, 10, '2024-05-11', 'absent', '2024-10-27 07:05:47', '2024-10-27 07:05:47'),
(1151, 10, 11, '2024-05-11', 'absent', '2024-10-27 07:05:47', '2024-10-27 07:05:47'),
(1152, 10, 12, '2024-05-11', 'absent', '2024-10-27 07:05:47', '2024-10-27 07:05:47'),
(1153, 10, 13, '2024-05-11', 'late', '2024-10-27 07:05:47', '2024-10-27 07:05:47'),
(1154, 10, 14, '2024-05-11', 'absent', '2024-10-27 07:05:47', '2024-10-27 07:05:47'),
(1155, 10, 15, '2024-05-11', 'late', '2024-10-27 07:05:47', '2024-10-27 07:05:47'),
(1156, 10, 1, '2024-04-30', 'late', '2024-10-27 07:05:47', '2024-10-27 07:05:47'),
(1157, 10, 2, '2024-04-30', 'absent', '2024-10-27 07:05:47', '2024-10-27 07:05:47'),
(1158, 10, 3, '2024-04-30', 'late', '2024-10-27 07:05:47', '2024-10-27 07:05:47'),
(1159, 10, 4, '2024-04-30', 'present', '2024-10-27 07:05:47', '2024-10-27 07:05:47'),
(1160, 10, 5, '2024-04-30', 'absent', '2024-10-27 07:05:47', '2024-10-27 07:05:47'),
(1161, 10, 6, '2024-04-30', 'absent', '2024-10-27 07:05:47', '2024-10-27 07:05:47'),
(1162, 10, 7, '2024-04-30', 'late', '2024-10-27 07:05:47', '2024-10-27 07:05:47'),
(1163, 10, 8, '2024-04-30', 'late', '2024-10-27 07:05:47', '2024-10-27 07:05:47'),
(1164, 10, 9, '2024-04-30', 'present', '2024-10-27 07:05:47', '2024-10-27 07:05:47'),
(1165, 10, 10, '2024-04-30', 'present', '2024-10-27 07:05:47', '2024-10-27 07:05:47'),
(1166, 10, 11, '2024-04-30', 'late', '2024-10-27 07:05:47', '2024-10-27 07:05:47'),
(1167, 10, 12, '2024-04-30', 'absent', '2024-10-27 07:05:47', '2024-10-27 07:05:47'),
(1168, 10, 13, '2024-04-30', 'late', '2024-10-27 07:05:47', '2024-10-27 07:05:47'),
(1169, 10, 14, '2024-04-30', 'present', '2024-10-27 07:05:47', '2024-10-27 07:05:47'),
(1170, 10, 15, '2024-04-30', 'absent', '2024-10-27 07:05:47', '2024-10-27 07:05:47'),
(1171, 10, 1, '2024-07-04', 'absent', '2024-10-27 07:05:47', '2024-10-27 07:05:47'),
(1172, 10, 2, '2024-07-04', 'absent', '2024-10-27 07:05:47', '2024-10-27 07:05:47'),
(1173, 10, 3, '2024-07-04', 'present', '2024-10-27 07:05:47', '2024-10-27 07:05:47'),
(1174, 10, 4, '2024-07-04', 'absent', '2024-10-27 07:05:47', '2024-10-27 07:05:47'),
(1175, 10, 5, '2024-07-04', 'late', '2024-10-27 07:05:47', '2024-10-27 07:05:47'),
(1176, 10, 6, '2024-07-04', 'late', '2024-10-27 07:05:47', '2024-10-27 07:05:47'),
(1177, 10, 7, '2024-07-04', 'late', '2024-10-27 07:05:47', '2024-10-27 07:05:47'),
(1178, 10, 8, '2024-07-04', 'late', '2024-10-27 07:05:47', '2024-10-27 07:05:47'),
(1179, 10, 9, '2024-07-04', 'absent', '2024-10-27 07:05:47', '2024-10-27 07:05:47'),
(1180, 10, 10, '2024-07-04', 'absent', '2024-10-27 07:05:47', '2024-10-27 07:05:47'),
(1181, 10, 11, '2024-07-04', 'late', '2024-10-27 07:05:47', '2024-10-27 07:05:47'),
(1182, 10, 12, '2024-07-04', 'absent', '2024-10-27 07:05:47', '2024-10-27 07:05:47'),
(1183, 10, 13, '2024-07-04', 'present', '2024-10-27 07:05:47', '2024-10-27 07:05:47'),
(1184, 10, 14, '2024-07-04', 'late', '2024-10-27 07:05:47', '2024-10-27 07:05:47'),
(1185, 10, 15, '2024-07-04', 'late', '2024-10-27 07:05:47', '2024-10-27 07:05:47'),
(1186, 10, 1, '2024-04-30', 'present', '2024-10-27 07:05:47', '2024-10-27 07:05:47'),
(1187, 10, 2, '2024-04-30', 'absent', '2024-10-27 07:05:47', '2024-10-27 07:05:47'),
(1188, 10, 3, '2024-04-30', 'present', '2024-10-27 07:05:47', '2024-10-27 07:05:47'),
(1189, 10, 4, '2024-04-30', 'absent', '2024-10-27 07:05:47', '2024-10-27 07:05:47'),
(1190, 10, 5, '2024-04-30', 'late', '2024-10-27 07:05:47', '2024-10-27 07:05:47'),
(1191, 10, 6, '2024-04-30', 'present', '2024-10-27 07:05:47', '2024-10-27 07:05:47'),
(1192, 10, 7, '2024-04-30', 'absent', '2024-10-27 07:05:47', '2024-10-27 07:05:47'),
(1193, 10, 8, '2024-04-30', 'present', '2024-10-27 07:05:47', '2024-10-27 07:05:47'),
(1194, 10, 9, '2024-04-30', 'present', '2024-10-27 07:05:47', '2024-10-27 07:05:47'),
(1195, 10, 10, '2024-04-30', 'present', '2024-10-27 07:05:47', '2024-10-27 07:05:47'),
(1196, 10, 11, '2024-04-30', 'absent', '2024-10-27 07:05:47', '2024-10-27 07:05:47'),
(1197, 10, 12, '2024-04-30', 'absent', '2024-10-27 07:05:47', '2024-10-27 07:05:47'),
(1198, 10, 13, '2024-04-30', 'present', '2024-10-27 07:05:47', '2024-10-27 07:05:47'),
(1199, 10, 14, '2024-04-30', 'late', '2024-10-27 07:05:47', '2024-10-27 07:05:47'),
(1200, 10, 15, '2024-04-30', 'present', '2024-10-27 07:05:47', '2024-10-27 07:05:47'),
(1201, 10, 1, '2024-06-07', 'absent', '2024-10-27 07:05:47', '2024-10-27 07:05:47'),
(1202, 10, 2, '2024-06-07', 'present', '2024-10-27 07:05:47', '2024-10-27 07:05:47'),
(1203, 10, 3, '2024-06-07', 'present', '2024-10-27 07:05:47', '2024-10-27 07:05:47'),
(1204, 10, 4, '2024-06-07', 'late', '2024-10-27 07:05:47', '2024-10-27 07:05:47'),
(1205, 10, 5, '2024-06-07', 'present', '2024-10-27 07:05:47', '2024-10-27 07:05:47'),
(1206, 10, 6, '2024-06-07', 'present', '2024-10-27 07:05:47', '2024-10-27 07:05:47'),
(1207, 10, 7, '2024-06-07', 'present', '2024-10-27 07:05:47', '2024-10-27 07:05:47'),
(1208, 10, 8, '2024-06-07', 'absent', '2024-10-27 07:05:47', '2024-10-27 07:05:47'),
(1209, 10, 9, '2024-06-07', 'present', '2024-10-27 07:05:47', '2024-10-27 07:05:47'),
(1210, 10, 10, '2024-06-07', 'absent', '2024-10-27 07:05:47', '2024-10-27 07:05:47'),
(1211, 10, 11, '2024-06-07', 'absent', '2024-10-27 07:05:47', '2024-10-27 07:05:47'),
(1212, 10, 12, '2024-06-07', 'present', '2024-10-27 07:05:47', '2024-10-27 07:05:47'),
(1213, 10, 13, '2024-06-07', 'late', '2024-10-27 07:05:47', '2024-10-27 07:05:47'),
(1214, 10, 14, '2024-06-07', 'present', '2024-10-27 07:05:47', '2024-10-27 07:05:47'),
(1215, 10, 15, '2024-06-07', 'late', '2024-10-27 07:05:47', '2024-10-27 07:05:47'),
(1216, 10, 1, '2024-05-03', 'late', '2024-10-27 07:05:47', '2024-10-27 07:05:47'),
(1217, 10, 2, '2024-05-03', 'present', '2024-10-27 07:05:47', '2024-10-27 07:05:47'),
(1218, 10, 3, '2024-05-03', 'late', '2024-10-27 07:05:47', '2024-10-27 07:05:47'),
(1219, 10, 4, '2024-05-03', 'present', '2024-10-27 07:05:47', '2024-10-27 07:05:47'),
(1220, 10, 5, '2024-05-03', 'absent', '2024-10-27 07:05:47', '2024-10-27 07:05:47'),
(1221, 10, 6, '2024-05-03', 'late', '2024-10-27 07:05:47', '2024-10-27 07:05:47'),
(1222, 10, 7, '2024-05-03', 'late', '2024-10-27 07:05:47', '2024-10-27 07:05:47'),
(1223, 10, 8, '2024-05-03', 'late', '2024-10-27 07:05:47', '2024-10-27 07:05:47'),
(1224, 10, 9, '2024-05-03', 'absent', '2024-10-27 07:05:47', '2024-10-27 07:05:47'),
(1225, 10, 10, '2024-05-03', 'late', '2024-10-27 07:05:47', '2024-10-27 07:05:47');
INSERT INTO `attendance` (`id`, `user_id`, `course_id`, `attendance_date`, `status`, `created_at`, `updated_at`) VALUES
(1226, 10, 11, '2024-05-03', 'late', '2024-10-27 07:05:47', '2024-10-27 07:05:47'),
(1227, 10, 12, '2024-05-03', 'present', '2024-10-27 07:05:47', '2024-10-27 07:05:47'),
(1228, 10, 13, '2024-05-03', 'present', '2024-10-27 07:05:47', '2024-10-27 07:05:47'),
(1229, 10, 14, '2024-05-03', 'present', '2024-10-27 07:05:47', '2024-10-27 07:05:47'),
(1230, 10, 15, '2024-05-03', 'absent', '2024-10-27 07:05:47', '2024-10-27 07:05:47'),
(1231, 11, 1, '2024-06-09', 'late', '2024-10-27 07:05:47', '2024-10-27 07:05:47'),
(1232, 11, 2, '2024-06-09', 'present', '2024-10-27 07:05:47', '2024-10-27 07:05:47'),
(1233, 11, 3, '2024-06-09', 'late', '2024-10-27 07:05:47', '2024-10-27 07:05:47'),
(1234, 11, 4, '2024-06-09', 'absent', '2024-10-27 07:05:47', '2024-10-27 07:05:47'),
(1235, 11, 5, '2024-06-09', 'late', '2024-10-27 07:05:47', '2024-10-27 07:05:47'),
(1236, 11, 6, '2024-06-09', 'absent', '2024-10-27 07:05:47', '2024-10-27 07:05:47'),
(1237, 11, 7, '2024-06-09', 'present', '2024-10-27 07:05:47', '2024-10-27 07:05:47'),
(1238, 11, 8, '2024-06-09', 'late', '2024-10-27 07:05:47', '2024-10-27 07:05:47'),
(1239, 11, 9, '2024-06-09', 'late', '2024-10-27 07:05:47', '2024-10-27 07:05:47'),
(1240, 11, 10, '2024-06-09', 'late', '2024-10-27 07:05:47', '2024-10-27 07:05:47'),
(1241, 11, 11, '2024-06-09', 'absent', '2024-10-27 07:05:47', '2024-10-27 07:05:47'),
(1242, 11, 12, '2024-06-09', 'absent', '2024-10-27 07:05:47', '2024-10-27 07:05:47'),
(1243, 11, 13, '2024-06-09', 'present', '2024-10-27 07:05:47', '2024-10-27 07:05:47'),
(1244, 11, 14, '2024-06-09', 'absent', '2024-10-27 07:05:47', '2024-10-27 07:05:47'),
(1245, 11, 15, '2024-06-09', 'absent', '2024-10-27 07:05:47', '2024-10-27 07:05:47'),
(1246, 11, 1, '2024-05-19', 'absent', '2024-10-27 07:05:47', '2024-10-27 07:05:47'),
(1247, 11, 2, '2024-05-19', 'present', '2024-10-27 07:05:47', '2024-10-27 07:05:47'),
(1248, 11, 3, '2024-05-19', 'absent', '2024-10-27 07:05:47', '2024-10-27 07:05:47'),
(1249, 11, 4, '2024-05-19', 'late', '2024-10-27 07:05:47', '2024-10-27 07:05:47'),
(1250, 11, 5, '2024-05-19', 'late', '2024-10-27 07:05:47', '2024-10-27 07:05:47'),
(1251, 11, 6, '2024-05-19', 'absent', '2024-10-27 07:05:47', '2024-10-27 07:05:47'),
(1252, 11, 7, '2024-05-19', 'present', '2024-10-27 07:05:47', '2024-10-27 07:05:47'),
(1253, 11, 8, '2024-05-19', 'present', '2024-10-27 07:05:47', '2024-10-27 07:05:47'),
(1254, 11, 9, '2024-05-19', 'absent', '2024-10-27 07:05:47', '2024-10-27 07:05:47'),
(1255, 11, 10, '2024-05-19', 'absent', '2024-10-27 07:05:47', '2024-10-27 07:05:47'),
(1256, 11, 11, '2024-05-19', 'absent', '2024-10-27 07:05:47', '2024-10-27 07:05:47'),
(1257, 11, 12, '2024-05-19', 'present', '2024-10-27 07:05:47', '2024-10-27 07:05:47'),
(1258, 11, 13, '2024-05-19', 'late', '2024-10-27 07:05:47', '2024-10-27 07:05:47'),
(1259, 11, 14, '2024-05-19', 'present', '2024-10-27 07:05:47', '2024-10-27 07:05:47'),
(1260, 11, 15, '2024-05-19', 'late', '2024-10-27 07:05:47', '2024-10-27 07:05:47'),
(1261, 11, 1, '2024-05-27', 'absent', '2024-10-27 07:05:47', '2024-10-27 07:05:47'),
(1262, 11, 2, '2024-05-27', 'absent', '2024-10-27 07:05:47', '2024-10-27 07:05:47'),
(1263, 11, 3, '2024-05-27', 'present', '2024-10-27 07:05:47', '2024-10-27 07:05:47'),
(1264, 11, 4, '2024-05-27', 'late', '2024-10-27 07:05:47', '2024-10-27 07:05:47'),
(1265, 11, 5, '2024-05-27', 'present', '2024-10-27 07:05:47', '2024-10-27 07:05:47'),
(1266, 11, 6, '2024-05-27', 'absent', '2024-10-27 07:05:47', '2024-10-27 07:05:47'),
(1267, 11, 7, '2024-05-27', 'present', '2024-10-27 07:05:47', '2024-10-27 07:05:47'),
(1268, 11, 8, '2024-05-27', 'present', '2024-10-27 07:05:47', '2024-10-27 07:05:47'),
(1269, 11, 9, '2024-05-27', 'present', '2024-10-27 07:05:47', '2024-10-27 07:05:47'),
(1270, 11, 10, '2024-05-27', 'late', '2024-10-27 07:05:47', '2024-10-27 07:05:47'),
(1271, 11, 11, '2024-05-27', 'absent', '2024-10-27 07:05:47', '2024-10-27 07:05:47'),
(1272, 11, 12, '2024-05-27', 'present', '2024-10-27 07:05:47', '2024-10-27 07:05:47'),
(1273, 11, 13, '2024-05-27', 'present', '2024-10-27 07:05:47', '2024-10-27 07:05:47'),
(1274, 11, 14, '2024-05-27', 'present', '2024-10-27 07:05:47', '2024-10-27 07:05:47'),
(1275, 11, 15, '2024-05-27', 'absent', '2024-10-27 07:05:47', '2024-10-27 07:05:47'),
(1276, 11, 1, '2024-06-12', 'late', '2024-10-27 07:05:47', '2024-10-27 07:05:47'),
(1277, 11, 2, '2024-06-12', 'late', '2024-10-27 07:05:47', '2024-10-27 07:05:47'),
(1278, 11, 3, '2024-06-12', 'absent', '2024-10-27 07:05:47', '2024-10-27 07:05:47'),
(1279, 11, 4, '2024-06-12', 'absent', '2024-10-27 07:05:47', '2024-10-27 07:05:47'),
(1280, 11, 5, '2024-06-12', 'present', '2024-10-27 07:05:47', '2024-10-27 07:05:47'),
(1281, 11, 6, '2024-06-12', 'present', '2024-10-27 07:05:47', '2024-10-27 07:05:47'),
(1282, 11, 7, '2024-06-12', 'absent', '2024-10-27 07:05:47', '2024-10-27 07:05:47'),
(1283, 11, 8, '2024-06-12', 'absent', '2024-10-27 07:05:47', '2024-10-27 07:05:47'),
(1284, 11, 9, '2024-06-12', 'absent', '2024-10-27 07:05:47', '2024-10-27 07:05:47'),
(1285, 11, 10, '2024-06-12', 'late', '2024-10-27 07:05:47', '2024-10-27 07:05:47'),
(1286, 11, 11, '2024-06-12', 'present', '2024-10-27 07:05:47', '2024-10-27 07:05:47'),
(1287, 11, 12, '2024-06-12', 'late', '2024-10-27 07:05:47', '2024-10-27 07:05:47'),
(1288, 11, 13, '2024-06-12', 'present', '2024-10-27 07:05:47', '2024-10-27 07:05:47'),
(1289, 11, 14, '2024-06-12', 'late', '2024-10-27 07:05:47', '2024-10-27 07:05:47'),
(1290, 11, 15, '2024-06-12', 'absent', '2024-10-27 07:05:47', '2024-10-27 07:05:47'),
(1291, 11, 1, '2024-05-18', 'late', '2024-10-27 07:05:47', '2024-10-27 07:05:47'),
(1292, 11, 2, '2024-05-18', 'late', '2024-10-27 07:05:47', '2024-10-27 07:05:47'),
(1293, 11, 3, '2024-05-18', 'late', '2024-10-27 07:05:47', '2024-10-27 07:05:47'),
(1294, 11, 4, '2024-05-18', 'present', '2024-10-27 07:05:47', '2024-10-27 07:05:47'),
(1295, 11, 5, '2024-05-18', 'absent', '2024-10-27 07:05:47', '2024-10-27 07:05:47'),
(1296, 11, 6, '2024-05-18', 'absent', '2024-10-27 07:05:47', '2024-10-27 07:05:47'),
(1297, 11, 7, '2024-05-18', 'late', '2024-10-27 07:05:47', '2024-10-27 07:05:47'),
(1298, 11, 8, '2024-05-18', 'absent', '2024-10-27 07:05:47', '2024-10-27 07:05:47'),
(1299, 11, 9, '2024-05-18', 'absent', '2024-10-27 07:05:47', '2024-10-27 07:05:47'),
(1300, 11, 10, '2024-05-18', 'present', '2024-10-27 07:05:47', '2024-10-27 07:05:47'),
(1301, 11, 11, '2024-05-18', 'absent', '2024-10-27 07:05:47', '2024-10-27 07:05:47'),
(1302, 11, 12, '2024-05-18', 'absent', '2024-10-27 07:05:47', '2024-10-27 07:05:47'),
(1303, 11, 13, '2024-05-18', 'absent', '2024-10-27 07:05:47', '2024-10-27 07:05:47'),
(1304, 11, 14, '2024-05-18', 'absent', '2024-10-27 07:05:47', '2024-10-27 07:05:47'),
(1305, 11, 15, '2024-05-18', 'present', '2024-10-27 07:05:47', '2024-10-27 07:05:47'),
(1306, 12, 1, '2024-05-15', 'absent', '2024-10-27 07:05:47', '2024-10-27 07:05:47'),
(1307, 12, 2, '2024-05-15', 'absent', '2024-10-27 07:05:47', '2024-10-27 07:05:47'),
(1308, 12, 3, '2024-05-15', 'late', '2024-10-27 07:05:47', '2024-10-27 07:05:47'),
(1309, 12, 4, '2024-05-15', 'present', '2024-10-27 07:05:47', '2024-10-27 07:05:47'),
(1310, 12, 5, '2024-05-15', 'late', '2024-10-27 07:05:47', '2024-10-27 07:05:47'),
(1311, 12, 6, '2024-05-15', 'late', '2024-10-27 07:05:47', '2024-10-27 07:05:47'),
(1312, 12, 7, '2024-05-15', 'late', '2024-10-27 07:05:47', '2024-10-27 07:05:47'),
(1313, 12, 8, '2024-05-15', 'present', '2024-10-27 07:05:47', '2024-10-27 07:05:47'),
(1314, 12, 9, '2024-05-15', 'present', '2024-10-27 07:05:47', '2024-10-27 07:05:47'),
(1315, 12, 10, '2024-05-15', 'present', '2024-10-27 07:05:47', '2024-10-27 07:05:47'),
(1316, 12, 11, '2024-05-15', 'present', '2024-10-27 07:05:47', '2024-10-27 07:05:47'),
(1317, 12, 12, '2024-05-15', 'late', '2024-10-27 07:05:47', '2024-10-27 07:05:47'),
(1318, 12, 13, '2024-05-15', 'present', '2024-10-27 07:05:47', '2024-10-27 07:05:47'),
(1319, 12, 14, '2024-05-15', 'absent', '2024-10-27 07:05:47', '2024-10-27 07:05:47'),
(1320, 12, 15, '2024-05-15', 'present', '2024-10-27 07:05:47', '2024-10-27 07:05:47'),
(1321, 12, 1, '2024-06-29', 'absent', '2024-10-27 07:05:47', '2024-10-27 07:05:47'),
(1322, 12, 2, '2024-06-29', 'present', '2024-10-27 07:05:47', '2024-10-27 07:05:47'),
(1323, 12, 3, '2024-06-29', 'present', '2024-10-27 07:05:47', '2024-10-27 07:05:47'),
(1324, 12, 4, '2024-06-29', 'late', '2024-10-27 07:05:47', '2024-10-27 07:05:47'),
(1325, 12, 5, '2024-06-29', 'absent', '2024-10-27 07:05:47', '2024-10-27 07:05:47'),
(1326, 12, 6, '2024-06-29', 'present', '2024-10-27 07:05:47', '2024-10-27 07:05:47'),
(1327, 12, 7, '2024-06-29', 'absent', '2024-10-27 07:05:47', '2024-10-27 07:05:47'),
(1328, 12, 8, '2024-06-29', 'absent', '2024-10-27 07:05:47', '2024-10-27 07:05:47'),
(1329, 12, 9, '2024-06-29', 'present', '2024-10-27 07:05:47', '2024-10-27 07:05:47'),
(1330, 12, 10, '2024-06-29', 'present', '2024-10-27 07:05:47', '2024-10-27 07:05:47'),
(1331, 12, 11, '2024-06-29', 'present', '2024-10-27 07:05:47', '2024-10-27 07:05:47'),
(1332, 12, 12, '2024-06-29', 'present', '2024-10-27 07:05:47', '2024-10-27 07:05:47'),
(1333, 12, 13, '2024-06-29', 'late', '2024-10-27 07:05:47', '2024-10-27 07:05:47'),
(1334, 12, 14, '2024-06-29', 'present', '2024-10-27 07:05:47', '2024-10-27 07:05:47'),
(1335, 12, 15, '2024-06-29', 'late', '2024-10-27 07:05:47', '2024-10-27 07:05:47'),
(1336, 12, 1, '2024-07-25', 'absent', '2024-10-27 07:05:47', '2024-10-27 07:05:47'),
(1337, 12, 2, '2024-07-25', 'present', '2024-10-27 07:05:47', '2024-10-27 07:05:47'),
(1338, 12, 3, '2024-07-25', 'absent', '2024-10-27 07:05:47', '2024-10-27 07:05:47'),
(1339, 12, 4, '2024-07-25', 'late', '2024-10-27 07:05:47', '2024-10-27 07:05:47'),
(1340, 12, 5, '2024-07-25', 'absent', '2024-10-27 07:05:47', '2024-10-27 07:05:47'),
(1341, 12, 6, '2024-07-25', 'late', '2024-10-27 07:05:47', '2024-10-27 07:05:47'),
(1342, 12, 7, '2024-07-25', 'late', '2024-10-27 07:05:47', '2024-10-27 07:05:47'),
(1343, 12, 8, '2024-07-25', 'absent', '2024-10-27 07:05:47', '2024-10-27 07:05:47'),
(1344, 12, 9, '2024-07-25', 'present', '2024-10-27 07:05:47', '2024-10-27 07:05:47'),
(1345, 12, 10, '2024-07-25', 'absent', '2024-10-27 07:05:47', '2024-10-27 07:05:47'),
(1346, 12, 11, '2024-07-25', 'late', '2024-10-27 07:05:47', '2024-10-27 07:05:47'),
(1347, 12, 12, '2024-07-25', 'present', '2024-10-27 07:05:47', '2024-10-27 07:05:47'),
(1348, 12, 13, '2024-07-25', 'absent', '2024-10-27 07:05:47', '2024-10-27 07:05:47'),
(1349, 12, 14, '2024-07-25', 'absent', '2024-10-27 07:05:47', '2024-10-27 07:05:47'),
(1350, 12, 15, '2024-07-25', 'absent', '2024-10-27 07:05:47', '2024-10-27 07:05:47'),
(1351, 12, 1, '2024-06-30', 'absent', '2024-10-27 07:05:47', '2024-10-27 07:05:47'),
(1352, 12, 2, '2024-06-30', 'present', '2024-10-27 07:05:47', '2024-10-27 07:05:47'),
(1353, 12, 3, '2024-06-30', 'present', '2024-10-27 07:05:47', '2024-10-27 07:05:47'),
(1354, 12, 4, '2024-06-30', 'late', '2024-10-27 07:05:47', '2024-10-27 07:05:47'),
(1355, 12, 5, '2024-06-30', 'late', '2024-10-27 07:05:47', '2024-10-27 07:05:47'),
(1356, 12, 6, '2024-06-30', 'absent', '2024-10-27 07:05:47', '2024-10-27 07:05:47'),
(1357, 12, 7, '2024-06-30', 'absent', '2024-10-27 07:05:47', '2024-10-27 07:05:47'),
(1358, 12, 8, '2024-06-30', 'present', '2024-10-27 07:05:47', '2024-10-27 07:05:47'),
(1359, 12, 9, '2024-06-30', 'absent', '2024-10-27 07:05:47', '2024-10-27 07:05:47'),
(1360, 12, 10, '2024-06-30', 'present', '2024-10-27 07:05:47', '2024-10-27 07:05:47'),
(1361, 12, 11, '2024-06-30', 'absent', '2024-10-27 07:05:47', '2024-10-27 07:05:47'),
(1362, 12, 12, '2024-06-30', 'present', '2024-10-27 07:05:47', '2024-10-27 07:05:47'),
(1363, 12, 13, '2024-06-30', 'late', '2024-10-27 07:05:47', '2024-10-27 07:05:47'),
(1364, 12, 14, '2024-06-30', 'late', '2024-10-27 07:05:47', '2024-10-27 07:05:47'),
(1365, 12, 15, '2024-06-30', 'present', '2024-10-27 07:05:47', '2024-10-27 07:05:47'),
(1366, 12, 1, '2024-07-07', 'late', '2024-10-27 07:05:47', '2024-10-27 07:05:47'),
(1367, 12, 2, '2024-07-07', 'present', '2024-10-27 07:05:47', '2024-10-27 07:05:47'),
(1368, 12, 3, '2024-07-07', 'present', '2024-10-27 07:05:47', '2024-10-27 07:05:47'),
(1369, 12, 4, '2024-07-07', 'present', '2024-10-27 07:05:47', '2024-10-27 07:05:47'),
(1370, 12, 5, '2024-07-07', 'present', '2024-10-27 07:05:47', '2024-10-27 07:05:47'),
(1371, 12, 6, '2024-07-07', 'present', '2024-10-27 07:05:47', '2024-10-27 07:05:47'),
(1372, 12, 7, '2024-07-07', 'absent', '2024-10-27 07:05:47', '2024-10-27 07:05:47'),
(1373, 12, 8, '2024-07-07', 'present', '2024-10-27 07:05:47', '2024-10-27 07:05:47'),
(1374, 12, 9, '2024-07-07', 'present', '2024-10-27 07:05:47', '2024-10-27 07:05:47'),
(1375, 12, 10, '2024-07-07', 'present', '2024-10-27 07:05:47', '2024-10-27 07:05:47'),
(1376, 12, 11, '2024-07-07', 'late', '2024-10-27 07:05:47', '2024-10-27 07:05:47'),
(1377, 12, 12, '2024-07-07', 'late', '2024-10-27 07:05:47', '2024-10-27 07:05:47'),
(1378, 12, 13, '2024-07-07', 'late', '2024-10-27 07:05:47', '2024-10-27 07:05:47'),
(1379, 12, 14, '2024-07-07', 'present', '2024-10-27 07:05:47', '2024-10-27 07:05:47'),
(1380, 12, 15, '2024-07-07', 'absent', '2024-10-27 07:05:47', '2024-10-27 07:05:47'),
(1381, 12, 1, '2024-07-25', 'present', '2024-10-27 07:05:47', '2024-10-27 07:05:47'),
(1382, 12, 2, '2024-07-25', 'absent', '2024-10-27 07:05:47', '2024-10-27 07:05:47'),
(1383, 12, 3, '2024-07-25', 'absent', '2024-10-27 07:05:47', '2024-10-27 07:05:47'),
(1384, 12, 4, '2024-07-25', 'absent', '2024-10-27 07:05:47', '2024-10-27 07:05:47'),
(1385, 12, 5, '2024-07-25', 'absent', '2024-10-27 07:05:47', '2024-10-27 07:05:47'),
(1386, 12, 6, '2024-07-25', 'late', '2024-10-27 07:05:47', '2024-10-27 07:05:47'),
(1387, 12, 7, '2024-07-25', 'absent', '2024-10-27 07:05:47', '2024-10-27 07:05:47'),
(1388, 12, 8, '2024-07-25', 'absent', '2024-10-27 07:05:47', '2024-10-27 07:05:47'),
(1389, 12, 9, '2024-07-25', 'present', '2024-10-27 07:05:47', '2024-10-27 07:05:47'),
(1390, 12, 10, '2024-07-25', 'late', '2024-10-27 07:05:47', '2024-10-27 07:05:47'),
(1391, 12, 11, '2024-07-25', 'absent', '2024-10-27 07:05:47', '2024-10-27 07:05:47'),
(1392, 12, 12, '2024-07-25', 'late', '2024-10-27 07:05:47', '2024-10-27 07:05:47'),
(1393, 12, 13, '2024-07-25', 'late', '2024-10-27 07:05:47', '2024-10-27 07:05:47'),
(1394, 12, 14, '2024-07-25', 'present', '2024-10-27 07:05:47', '2024-10-27 07:05:47'),
(1395, 12, 15, '2024-07-25', 'late', '2024-10-27 07:05:47', '2024-10-27 07:05:47'),
(1396, 12, 1, '2024-07-02', 'late', '2024-10-27 07:05:47', '2024-10-27 07:05:47'),
(1397, 12, 2, '2024-07-02', 'late', '2024-10-27 07:05:47', '2024-10-27 07:05:47'),
(1398, 12, 3, '2024-07-02', 'present', '2024-10-27 07:05:47', '2024-10-27 07:05:47'),
(1399, 12, 4, '2024-07-02', 'absent', '2024-10-27 07:05:47', '2024-10-27 07:05:47'),
(1400, 12, 5, '2024-07-02', 'absent', '2024-10-27 07:05:47', '2024-10-27 07:05:47'),
(1401, 12, 6, '2024-07-02', 'absent', '2024-10-27 07:05:47', '2024-10-27 07:05:47'),
(1402, 12, 7, '2024-07-02', 'late', '2024-10-27 07:05:47', '2024-10-27 07:05:47'),
(1403, 12, 8, '2024-07-02', 'present', '2024-10-27 07:05:47', '2024-10-27 07:05:47'),
(1404, 12, 9, '2024-07-02', 'present', '2024-10-27 07:05:47', '2024-10-27 07:05:47'),
(1405, 12, 10, '2024-07-02', 'absent', '2024-10-27 07:05:47', '2024-10-27 07:05:47'),
(1406, 12, 11, '2024-07-02', 'absent', '2024-10-27 07:05:47', '2024-10-27 07:05:47'),
(1407, 12, 12, '2024-07-02', 'present', '2024-10-27 07:05:47', '2024-10-27 07:05:47'),
(1408, 12, 13, '2024-07-02', 'present', '2024-10-27 07:05:47', '2024-10-27 07:05:47'),
(1409, 12, 14, '2024-07-02', 'absent', '2024-10-27 07:05:47', '2024-10-27 07:05:47'),
(1410, 12, 15, '2024-07-02', 'present', '2024-10-27 07:05:47', '2024-10-27 07:05:47'),
(1411, 12, 1, '2024-05-12', 'absent', '2024-10-27 07:05:47', '2024-10-27 07:05:47'),
(1412, 12, 2, '2024-05-12', 'late', '2024-10-27 07:05:47', '2024-10-27 07:05:47'),
(1413, 12, 3, '2024-05-12', 'late', '2024-10-27 07:05:47', '2024-10-27 07:05:47'),
(1414, 12, 4, '2024-05-12', 'late', '2024-10-27 07:05:47', '2024-10-27 07:05:47'),
(1415, 12, 5, '2024-05-12', 'present', '2024-10-27 07:05:47', '2024-10-27 07:05:47'),
(1416, 12, 6, '2024-05-12', 'absent', '2024-10-27 07:05:47', '2024-10-27 07:05:47'),
(1417, 12, 7, '2024-05-12', 'present', '2024-10-27 07:05:47', '2024-10-27 07:05:47'),
(1418, 12, 8, '2024-05-12', 'late', '2024-10-27 07:05:47', '2024-10-27 07:05:47'),
(1419, 12, 9, '2024-05-12', 'absent', '2024-10-27 07:05:47', '2024-10-27 07:05:47'),
(1420, 12, 10, '2024-05-12', 'absent', '2024-10-27 07:05:47', '2024-10-27 07:05:47'),
(1421, 12, 11, '2024-05-12', 'present', '2024-10-27 07:05:47', '2024-10-27 07:05:47'),
(1422, 12, 12, '2024-05-12', 'present', '2024-10-27 07:05:47', '2024-10-27 07:05:47'),
(1423, 12, 13, '2024-05-12', 'late', '2024-10-27 07:05:47', '2024-10-27 07:05:47'),
(1424, 12, 14, '2024-05-12', 'absent', '2024-10-27 07:05:47', '2024-10-27 07:05:47'),
(1425, 12, 15, '2024-05-12', 'present', '2024-10-27 07:05:47', '2024-10-27 07:05:47'),
(1426, 13, 1, '2024-05-25', 'absent', '2024-10-27 07:05:47', '2024-10-27 07:05:47'),
(1427, 13, 2, '2024-05-25', 'late', '2024-10-27 07:05:47', '2024-10-27 07:05:47'),
(1428, 13, 3, '2024-05-25', 'present', '2024-10-27 07:05:47', '2024-10-27 07:05:47'),
(1429, 13, 4, '2024-05-25', 'late', '2024-10-27 07:05:47', '2024-10-27 07:05:47'),
(1430, 13, 5, '2024-05-25', 'present', '2024-10-27 07:05:47', '2024-10-27 07:05:47'),
(1431, 13, 6, '2024-05-25', 'late', '2024-10-27 07:05:47', '2024-10-27 07:05:47'),
(1432, 13, 7, '2024-05-25', 'late', '2024-10-27 07:05:47', '2024-10-27 07:05:47'),
(1433, 13, 8, '2024-05-25', 'absent', '2024-10-27 07:05:47', '2024-10-27 07:05:47'),
(1434, 13, 9, '2024-05-25', 'absent', '2024-10-27 07:05:47', '2024-10-27 07:05:47'),
(1435, 13, 10, '2024-05-25', 'late', '2024-10-27 07:05:47', '2024-10-27 07:05:47'),
(1436, 13, 11, '2024-05-25', 'present', '2024-10-27 07:05:47', '2024-10-27 07:05:47'),
(1437, 13, 12, '2024-05-25', 'present', '2024-10-27 07:05:47', '2024-10-27 07:05:47'),
(1438, 13, 13, '2024-05-25', 'absent', '2024-10-27 07:05:47', '2024-10-27 07:05:47'),
(1439, 13, 14, '2024-05-25', 'present', '2024-10-27 07:05:47', '2024-10-27 07:05:47'),
(1440, 13, 15, '2024-05-25', 'present', '2024-10-27 07:05:47', '2024-10-27 07:05:47'),
(1441, 13, 1, '2024-07-11', 'absent', '2024-10-27 07:05:47', '2024-10-27 07:05:47'),
(1442, 13, 2, '2024-07-11', 'present', '2024-10-27 07:05:47', '2024-10-27 07:05:47'),
(1443, 13, 3, '2024-07-11', 'late', '2024-10-27 07:05:47', '2024-10-27 07:05:47'),
(1444, 13, 4, '2024-07-11', 'late', '2024-10-27 07:05:47', '2024-10-27 07:05:47'),
(1445, 13, 5, '2024-07-11', 'absent', '2024-10-27 07:05:47', '2024-10-27 07:05:47'),
(1446, 13, 6, '2024-07-11', 'late', '2024-10-27 07:05:47', '2024-10-27 07:05:47'),
(1447, 13, 7, '2024-07-11', 'absent', '2024-10-27 07:05:47', '2024-10-27 07:05:47'),
(1448, 13, 8, '2024-07-11', 'absent', '2024-10-27 07:05:47', '2024-10-27 07:05:47'),
(1449, 13, 9, '2024-07-11', 'absent', '2024-10-27 07:05:47', '2024-10-27 07:05:47'),
(1450, 13, 10, '2024-07-11', 'late', '2024-10-27 07:05:47', '2024-10-27 07:05:47'),
(1451, 13, 11, '2024-07-11', 'late', '2024-10-27 07:05:47', '2024-10-27 07:05:47'),
(1452, 13, 12, '2024-07-11', 'present', '2024-10-27 07:05:47', '2024-10-27 07:05:47'),
(1453, 13, 13, '2024-07-11', 'present', '2024-10-27 07:05:47', '2024-10-27 07:05:47'),
(1454, 13, 14, '2024-07-11', 'late', '2024-10-27 07:05:47', '2024-10-27 07:05:47'),
(1455, 13, 15, '2024-07-11', 'absent', '2024-10-27 07:05:47', '2024-10-27 07:05:47'),
(1456, 13, 1, '2024-07-07', 'late', '2024-10-27 07:05:47', '2024-10-27 07:05:47'),
(1457, 13, 2, '2024-07-07', 'present', '2024-10-27 07:05:47', '2024-10-27 07:05:47'),
(1458, 13, 3, '2024-07-07', 'late', '2024-10-27 07:05:47', '2024-10-27 07:05:47'),
(1459, 13, 4, '2024-07-07', 'present', '2024-10-27 07:05:47', '2024-10-27 07:05:47'),
(1460, 13, 5, '2024-07-07', 'late', '2024-10-27 07:05:47', '2024-10-27 07:05:47'),
(1461, 13, 6, '2024-07-07', 'present', '2024-10-27 07:05:47', '2024-10-27 07:05:47'),
(1462, 13, 7, '2024-07-07', 'present', '2024-10-27 07:05:47', '2024-10-27 07:05:47'),
(1463, 13, 8, '2024-07-07', 'late', '2024-10-27 07:05:47', '2024-10-27 07:05:47'),
(1464, 13, 9, '2024-07-07', 'late', '2024-10-27 07:05:47', '2024-10-27 07:05:47'),
(1465, 13, 10, '2024-07-07', 'present', '2024-10-27 07:05:47', '2024-10-27 07:05:47'),
(1466, 13, 11, '2024-07-07', 'late', '2024-10-27 07:05:47', '2024-10-27 07:05:47'),
(1467, 13, 12, '2024-07-07', 'late', '2024-10-27 07:05:47', '2024-10-27 07:05:47'),
(1468, 13, 13, '2024-07-07', 'present', '2024-10-27 07:05:47', '2024-10-27 07:05:47'),
(1469, 13, 14, '2024-07-07', 'absent', '2024-10-27 07:05:47', '2024-10-27 07:05:47'),
(1470, 13, 15, '2024-07-07', 'absent', '2024-10-27 07:05:47', '2024-10-27 07:05:47'),
(1471, 13, 1, '2024-07-22', 'absent', '2024-10-27 07:05:47', '2024-10-27 07:05:47'),
(1472, 13, 2, '2024-07-22', 'late', '2024-10-27 07:05:47', '2024-10-27 07:05:47'),
(1473, 13, 3, '2024-07-22', 'present', '2024-10-27 07:05:47', '2024-10-27 07:05:47'),
(1474, 13, 4, '2024-07-22', 'present', '2024-10-27 07:05:47', '2024-10-27 07:05:47'),
(1475, 13, 5, '2024-07-22', 'present', '2024-10-27 07:05:47', '2024-10-27 07:05:47'),
(1476, 13, 6, '2024-07-22', 'late', '2024-10-27 07:05:47', '2024-10-27 07:05:47'),
(1477, 13, 7, '2024-07-22', 'present', '2024-10-27 07:05:47', '2024-10-27 07:05:47'),
(1478, 13, 8, '2024-07-22', 'late', '2024-10-27 07:05:47', '2024-10-27 07:05:47'),
(1479, 13, 9, '2024-07-22', 'late', '2024-10-27 07:05:47', '2024-10-27 07:05:47'),
(1480, 13, 10, '2024-07-22', 'absent', '2024-10-27 07:05:47', '2024-10-27 07:05:47'),
(1481, 13, 11, '2024-07-22', 'late', '2024-10-27 07:05:47', '2024-10-27 07:05:47'),
(1482, 13, 12, '2024-07-22', 'late', '2024-10-27 07:05:47', '2024-10-27 07:05:47'),
(1483, 13, 13, '2024-07-22', 'late', '2024-10-27 07:05:47', '2024-10-27 07:05:47'),
(1484, 13, 14, '2024-07-22', 'absent', '2024-10-27 07:05:47', '2024-10-27 07:05:47'),
(1485, 13, 15, '2024-07-22', 'present', '2024-10-27 07:05:47', '2024-10-27 07:05:47'),
(1486, 13, 1, '2024-05-09', 'late', '2024-10-27 07:05:47', '2024-10-27 07:05:47'),
(1487, 13, 2, '2024-05-09', 'present', '2024-10-27 07:05:47', '2024-10-27 07:05:47'),
(1488, 13, 3, '2024-05-09', 'absent', '2024-10-27 07:05:47', '2024-10-27 07:05:47'),
(1489, 13, 4, '2024-05-09', 'late', '2024-10-27 07:05:47', '2024-10-27 07:05:47'),
(1490, 13, 5, '2024-05-09', 'present', '2024-10-27 07:05:47', '2024-10-27 07:05:47'),
(1491, 13, 6, '2024-05-09', 'late', '2024-10-27 07:05:47', '2024-10-27 07:05:47'),
(1492, 13, 7, '2024-05-09', 'present', '2024-10-27 07:05:47', '2024-10-27 07:05:47'),
(1493, 13, 8, '2024-05-09', 'absent', '2024-10-27 07:05:47', '2024-10-27 07:05:47'),
(1494, 13, 9, '2024-05-09', 'late', '2024-10-27 07:05:47', '2024-10-27 07:05:47'),
(1495, 13, 10, '2024-05-09', 'late', '2024-10-27 07:05:47', '2024-10-27 07:05:47'),
(1496, 13, 11, '2024-05-09', 'absent', '2024-10-27 07:05:47', '2024-10-27 07:05:47'),
(1497, 13, 12, '2024-05-09', 'present', '2024-10-27 07:05:47', '2024-10-27 07:05:47'),
(1498, 13, 13, '2024-05-09', 'present', '2024-10-27 07:05:47', '2024-10-27 07:05:47'),
(1499, 13, 14, '2024-05-09', 'absent', '2024-10-27 07:05:47', '2024-10-27 07:05:47'),
(1500, 13, 15, '2024-05-09', 'late', '2024-10-27 07:05:47', '2024-10-27 07:05:47'),
(1501, 13, 1, '2024-06-08', 'late', '2024-10-27 07:05:47', '2024-10-27 07:05:47'),
(1502, 13, 2, '2024-06-08', 'absent', '2024-10-27 07:05:47', '2024-10-27 07:05:47'),
(1503, 13, 3, '2024-06-08', 'late', '2024-10-27 07:05:47', '2024-10-27 07:05:47'),
(1504, 13, 4, '2024-06-08', 'present', '2024-10-27 07:05:47', '2024-10-27 07:05:47'),
(1505, 13, 5, '2024-06-08', 'present', '2024-10-27 07:05:47', '2024-10-27 07:05:47'),
(1506, 13, 6, '2024-06-08', 'present', '2024-10-27 07:05:47', '2024-10-27 07:05:47'),
(1507, 13, 7, '2024-06-08', 'absent', '2024-10-27 07:05:47', '2024-10-27 07:05:47'),
(1508, 13, 8, '2024-06-08', 'present', '2024-10-27 07:05:47', '2024-10-27 07:05:47'),
(1509, 13, 9, '2024-06-08', 'present', '2024-10-27 07:05:47', '2024-10-27 07:05:47'),
(1510, 13, 10, '2024-06-08', 'present', '2024-10-27 07:05:47', '2024-10-27 07:05:47'),
(1511, 13, 11, '2024-06-08', 'late', '2024-10-27 07:05:47', '2024-10-27 07:05:47'),
(1512, 13, 12, '2024-06-08', 'late', '2024-10-27 07:05:47', '2024-10-27 07:05:47'),
(1513, 13, 13, '2024-06-08', 'absent', '2024-10-27 07:05:47', '2024-10-27 07:05:47'),
(1514, 13, 14, '2024-06-08', 'present', '2024-10-27 07:05:47', '2024-10-27 07:05:47'),
(1515, 13, 15, '2024-06-08', 'present', '2024-10-27 07:05:47', '2024-10-27 07:05:47'),
(1516, 13, 1, '2024-07-01', 'late', '2024-10-27 07:05:47', '2024-10-27 07:05:47'),
(1517, 13, 2, '2024-07-01', 'absent', '2024-10-27 07:05:47', '2024-10-27 07:05:47'),
(1518, 13, 3, '2024-07-01', 'late', '2024-10-27 07:05:47', '2024-10-27 07:05:47'),
(1519, 13, 4, '2024-07-01', 'absent', '2024-10-27 07:05:47', '2024-10-27 07:05:47'),
(1520, 13, 5, '2024-07-01', 'absent', '2024-10-27 07:05:47', '2024-10-27 07:05:47'),
(1521, 13, 6, '2024-07-01', 'absent', '2024-10-27 07:05:47', '2024-10-27 07:05:47'),
(1522, 13, 7, '2024-07-01', 'present', '2024-10-27 07:05:47', '2024-10-27 07:05:47'),
(1523, 13, 8, '2024-07-01', 'present', '2024-10-27 07:05:47', '2024-10-27 07:05:47'),
(1524, 13, 9, '2024-07-01', 'absent', '2024-10-27 07:05:47', '2024-10-27 07:05:47'),
(1525, 13, 10, '2024-07-01', 'late', '2024-10-27 07:05:47', '2024-10-27 07:05:47'),
(1526, 13, 11, '2024-07-01', 'late', '2024-10-27 07:05:47', '2024-10-27 07:05:47'),
(1527, 13, 12, '2024-07-01', 'present', '2024-10-27 07:05:47', '2024-10-27 07:05:47'),
(1528, 13, 13, '2024-07-01', 'present', '2024-10-27 07:05:47', '2024-10-27 07:05:47'),
(1529, 13, 14, '2024-07-01', 'absent', '2024-10-27 07:05:47', '2024-10-27 07:05:47'),
(1530, 13, 15, '2024-07-01', 'absent', '2024-10-27 07:05:47', '2024-10-27 07:05:47'),
(1531, 13, 1, '2024-07-19', 'late', '2024-10-27 07:05:47', '2024-10-27 07:05:47'),
(1532, 13, 2, '2024-07-19', 'present', '2024-10-27 07:05:47', '2024-10-27 07:05:47'),
(1533, 13, 3, '2024-07-19', 'present', '2024-10-27 07:05:47', '2024-10-27 07:05:47'),
(1534, 13, 4, '2024-07-19', 'absent', '2024-10-27 07:05:47', '2024-10-27 07:05:47'),
(1535, 13, 5, '2024-07-19', 'late', '2024-10-27 07:05:47', '2024-10-27 07:05:47'),
(1536, 13, 6, '2024-07-19', 'late', '2024-10-27 07:05:47', '2024-10-27 07:05:47'),
(1537, 13, 7, '2024-07-19', 'absent', '2024-10-27 07:05:47', '2024-10-27 07:05:47'),
(1538, 13, 8, '2024-07-19', 'absent', '2024-10-27 07:05:47', '2024-10-27 07:05:47'),
(1539, 13, 9, '2024-07-19', 'absent', '2024-10-27 07:05:47', '2024-10-27 07:05:47'),
(1540, 13, 10, '2024-07-19', 'present', '2024-10-27 07:05:47', '2024-10-27 07:05:47'),
(1541, 13, 11, '2024-07-19', 'absent', '2024-10-27 07:05:47', '2024-10-27 07:05:47'),
(1542, 13, 12, '2024-07-19', 'present', '2024-10-27 07:05:47', '2024-10-27 07:05:47'),
(1543, 13, 13, '2024-07-19', 'late', '2024-10-27 07:05:47', '2024-10-27 07:05:47'),
(1544, 13, 14, '2024-07-19', 'late', '2024-10-27 07:05:47', '2024-10-27 07:05:47'),
(1545, 13, 15, '2024-07-19', 'late', '2024-10-27 07:05:47', '2024-10-27 07:05:47'),
(1546, 14, 1, '2024-06-08', 'present', '2024-10-27 07:05:47', '2024-10-27 07:05:47'),
(1547, 14, 2, '2024-06-08', 'present', '2024-10-27 07:05:47', '2024-10-27 07:05:47'),
(1548, 14, 3, '2024-06-08', 'absent', '2024-10-27 07:05:47', '2024-10-27 07:05:47'),
(1549, 14, 4, '2024-06-08', 'late', '2024-10-27 07:05:47', '2024-10-27 07:05:47'),
(1550, 14, 5, '2024-06-08', 'absent', '2024-10-27 07:05:47', '2024-10-27 07:05:47'),
(1551, 14, 6, '2024-06-08', 'present', '2024-10-27 07:05:47', '2024-10-27 07:05:47'),
(1552, 14, 7, '2024-06-08', 'late', '2024-10-27 07:05:47', '2024-10-27 07:05:47'),
(1553, 14, 8, '2024-06-08', 'present', '2024-10-27 07:05:47', '2024-10-27 07:05:47'),
(1554, 14, 9, '2024-06-08', 'absent', '2024-10-27 07:05:47', '2024-10-27 07:05:47'),
(1555, 14, 10, '2024-06-08', 'present', '2024-10-27 07:05:47', '2024-10-27 07:05:47'),
(1556, 14, 11, '2024-06-08', 'present', '2024-10-27 07:05:47', '2024-10-27 07:05:47'),
(1557, 14, 12, '2024-06-08', 'absent', '2024-10-27 07:05:47', '2024-10-27 07:05:47'),
(1558, 14, 13, '2024-06-08', 'late', '2024-10-27 07:05:47', '2024-10-27 07:05:47'),
(1559, 14, 14, '2024-06-08', 'absent', '2024-10-27 07:05:47', '2024-10-27 07:05:47'),
(1560, 14, 15, '2024-06-08', 'present', '2024-10-27 07:05:47', '2024-10-27 07:05:47'),
(1561, 14, 1, '2024-06-12', 'absent', '2024-10-27 07:05:47', '2024-10-27 07:05:47'),
(1562, 14, 2, '2024-06-12', 'late', '2024-10-27 07:05:47', '2024-10-27 07:05:47'),
(1563, 14, 3, '2024-06-12', 'present', '2024-10-27 07:05:47', '2024-10-27 07:05:47'),
(1564, 14, 4, '2024-06-12', 'late', '2024-10-27 07:05:47', '2024-10-27 07:05:47'),
(1565, 14, 5, '2024-06-12', 'absent', '2024-10-27 07:05:47', '2024-10-27 07:05:47'),
(1566, 14, 6, '2024-06-12', 'late', '2024-10-27 07:05:47', '2024-10-27 07:05:47'),
(1567, 14, 7, '2024-06-12', 'absent', '2024-10-27 07:05:47', '2024-10-27 07:05:47'),
(1568, 14, 8, '2024-06-12', 'late', '2024-10-27 07:05:47', '2024-10-27 07:05:47'),
(1569, 14, 9, '2024-06-12', 'absent', '2024-10-27 07:05:47', '2024-10-27 07:05:47'),
(1570, 14, 10, '2024-06-12', 'late', '2024-10-27 07:05:47', '2024-10-27 07:05:47'),
(1571, 14, 11, '2024-06-12', 'absent', '2024-10-27 07:05:47', '2024-10-27 07:05:47'),
(1572, 14, 12, '2024-06-12', 'present', '2024-10-27 07:05:47', '2024-10-27 07:05:47'),
(1573, 14, 13, '2024-06-12', 'present', '2024-10-27 07:05:47', '2024-10-27 07:05:47'),
(1574, 14, 14, '2024-06-12', 'present', '2024-10-27 07:05:47', '2024-10-27 07:05:47'),
(1575, 14, 15, '2024-06-12', 'absent', '2024-10-27 07:05:47', '2024-10-27 07:05:47'),
(1576, 14, 1, '2024-05-21', 'late', '2024-10-27 07:05:47', '2024-10-27 07:05:47'),
(1577, 14, 2, '2024-05-21', 'present', '2024-10-27 07:05:47', '2024-10-27 07:05:47'),
(1578, 14, 3, '2024-05-21', 'late', '2024-10-27 07:05:47', '2024-10-27 07:05:47'),
(1579, 14, 4, '2024-05-21', 'present', '2024-10-27 07:05:47', '2024-10-27 07:05:47'),
(1580, 14, 5, '2024-05-21', 'absent', '2024-10-27 07:05:47', '2024-10-27 07:05:47'),
(1581, 14, 6, '2024-05-21', 'late', '2024-10-27 07:05:47', '2024-10-27 07:05:47'),
(1582, 14, 7, '2024-05-21', 'present', '2024-10-27 07:05:47', '2024-10-27 07:05:47'),
(1583, 14, 8, '2024-05-21', 'present', '2024-10-27 07:05:47', '2024-10-27 07:05:47'),
(1584, 14, 9, '2024-05-21', 'present', '2024-10-27 07:05:47', '2024-10-27 07:05:47'),
(1585, 14, 10, '2024-05-21', 'absent', '2024-10-27 07:05:47', '2024-10-27 07:05:47'),
(1586, 14, 11, '2024-05-21', 'absent', '2024-10-27 07:05:47', '2024-10-27 07:05:47'),
(1587, 14, 12, '2024-05-21', 'present', '2024-10-27 07:05:47', '2024-10-27 07:05:47'),
(1588, 14, 13, '2024-05-21', 'present', '2024-10-27 07:05:47', '2024-10-27 07:05:47'),
(1589, 14, 14, '2024-05-21', 'late', '2024-10-27 07:05:47', '2024-10-27 07:05:47'),
(1590, 14, 15, '2024-05-21', 'late', '2024-10-27 07:05:47', '2024-10-27 07:05:47'),
(1591, 14, 1, '2024-06-07', 'late', '2024-10-27 07:05:47', '2024-10-27 07:05:47'),
(1592, 14, 2, '2024-06-07', 'absent', '2024-10-27 07:05:47', '2024-10-27 07:05:47'),
(1593, 14, 3, '2024-06-07', 'present', '2024-10-27 07:05:47', '2024-10-27 07:05:47'),
(1594, 14, 4, '2024-06-07', 'absent', '2024-10-27 07:05:47', '2024-10-27 07:05:47'),
(1595, 14, 5, '2024-06-07', 'absent', '2024-10-27 07:05:47', '2024-10-27 07:05:47'),
(1596, 14, 6, '2024-06-07', 'present', '2024-10-27 07:05:47', '2024-10-27 07:05:47'),
(1597, 14, 7, '2024-06-07', 'present', '2024-10-27 07:05:47', '2024-10-27 07:05:47'),
(1598, 14, 8, '2024-06-07', 'present', '2024-10-27 07:05:47', '2024-10-27 07:05:47'),
(1599, 14, 9, '2024-06-07', 'present', '2024-10-27 07:05:47', '2024-10-27 07:05:47'),
(1600, 14, 10, '2024-06-07', 'late', '2024-10-27 07:05:47', '2024-10-27 07:05:47'),
(1601, 14, 11, '2024-06-07', 'late', '2024-10-27 07:05:47', '2024-10-27 07:05:47'),
(1602, 14, 12, '2024-06-07', 'absent', '2024-10-27 07:05:47', '2024-10-27 07:05:47'),
(1603, 14, 13, '2024-06-07', 'present', '2024-10-27 07:05:47', '2024-10-27 07:05:47'),
(1604, 14, 14, '2024-06-07', 'absent', '2024-10-27 07:05:47', '2024-10-27 07:05:47'),
(1605, 14, 15, '2024-06-07', 'present', '2024-10-27 07:05:47', '2024-10-27 07:05:47'),
(1606, 14, 1, '2024-04-26', 'late', '2024-10-27 07:05:47', '2024-10-27 07:05:47'),
(1607, 14, 2, '2024-04-26', 'late', '2024-10-27 07:05:47', '2024-10-27 07:05:47'),
(1608, 14, 3, '2024-04-26', 'absent', '2024-10-27 07:05:47', '2024-10-27 07:05:47'),
(1609, 14, 4, '2024-04-26', 'present', '2024-10-27 07:05:47', '2024-10-27 07:05:47'),
(1610, 14, 5, '2024-04-26', 'present', '2024-10-27 07:05:47', '2024-10-27 07:05:47'),
(1611, 14, 6, '2024-04-26', 'late', '2024-10-27 07:05:47', '2024-10-27 07:05:47'),
(1612, 14, 7, '2024-04-26', 'absent', '2024-10-27 07:05:47', '2024-10-27 07:05:47'),
(1613, 14, 8, '2024-04-26', 'late', '2024-10-27 07:05:47', '2024-10-27 07:05:47'),
(1614, 14, 9, '2024-04-26', 'present', '2024-10-27 07:05:47', '2024-10-27 07:05:47'),
(1615, 14, 10, '2024-04-26', 'present', '2024-10-27 07:05:47', '2024-10-27 07:05:47'),
(1616, 14, 11, '2024-04-26', 'present', '2024-10-27 07:05:47', '2024-10-27 07:05:47'),
(1617, 14, 12, '2024-04-26', 'late', '2024-10-27 07:05:47', '2024-10-27 07:05:47'),
(1618, 14, 13, '2024-04-26', 'absent', '2024-10-27 07:05:47', '2024-10-27 07:05:47'),
(1619, 14, 14, '2024-04-26', 'late', '2024-10-27 07:05:47', '2024-10-27 07:05:47'),
(1620, 14, 15, '2024-04-26', 'late', '2024-10-27 07:05:47', '2024-10-27 07:05:47'),
(1621, 15, 1, '2024-06-01', 'present', '2024-10-27 07:05:47', '2024-10-27 07:05:47'),
(1622, 15, 2, '2024-06-01', 'late', '2024-10-27 07:05:47', '2024-10-27 07:05:47'),
(1623, 15, 3, '2024-06-01', 'late', '2024-10-27 07:05:47', '2024-10-27 07:05:47'),
(1624, 15, 4, '2024-06-01', 'present', '2024-10-27 07:05:47', '2024-10-27 07:05:47'),
(1625, 15, 5, '2024-06-01', 'late', '2024-10-27 07:05:47', '2024-10-27 07:05:47'),
(1626, 15, 6, '2024-06-01', 'late', '2024-10-27 07:05:47', '2024-10-27 07:05:47'),
(1627, 15, 7, '2024-06-01', 'present', '2024-10-27 07:05:47', '2024-10-27 07:05:47'),
(1628, 15, 8, '2024-06-01', 'late', '2024-10-27 07:05:47', '2024-10-27 07:05:47'),
(1629, 15, 9, '2024-06-01', 'late', '2024-10-27 07:05:47', '2024-10-27 07:05:47'),
(1630, 15, 10, '2024-06-01', 'present', '2024-10-27 07:05:47', '2024-10-27 07:05:47'),
(1631, 15, 11, '2024-06-01', 'absent', '2024-10-27 07:05:47', '2024-10-27 07:05:47'),
(1632, 15, 12, '2024-06-01', 'present', '2024-10-27 07:05:47', '2024-10-27 07:05:47'),
(1633, 15, 13, '2024-06-01', 'absent', '2024-10-27 07:05:47', '2024-10-27 07:05:47'),
(1634, 15, 14, '2024-06-01', 'absent', '2024-10-27 07:05:47', '2024-10-27 07:05:47'),
(1635, 15, 15, '2024-06-01', 'late', '2024-10-27 07:05:47', '2024-10-27 07:05:47'),
(1636, 15, 1, '2024-05-31', 'absent', '2024-10-27 07:05:47', '2024-10-27 07:05:47'),
(1637, 15, 2, '2024-05-31', 'absent', '2024-10-27 07:05:47', '2024-10-27 07:05:47'),
(1638, 15, 3, '2024-05-31', 'absent', '2024-10-27 07:05:47', '2024-10-27 07:05:47'),
(1639, 15, 4, '2024-05-31', 'present', '2024-10-27 07:05:47', '2024-10-27 07:05:47'),
(1640, 15, 5, '2024-05-31', 'present', '2024-10-27 07:05:48', '2024-10-27 07:05:48'),
(1641, 15, 6, '2024-05-31', 'late', '2024-10-27 07:05:48', '2024-10-27 07:05:48'),
(1642, 15, 7, '2024-05-31', 'late', '2024-10-27 07:05:48', '2024-10-27 07:05:48'),
(1643, 15, 8, '2024-05-31', 'absent', '2024-10-27 07:05:48', '2024-10-27 07:05:48'),
(1644, 15, 9, '2024-05-31', 'late', '2024-10-27 07:05:48', '2024-10-27 07:05:48'),
(1645, 15, 10, '2024-05-31', 'late', '2024-10-27 07:05:48', '2024-10-27 07:05:48'),
(1646, 15, 11, '2024-05-31', 'present', '2024-10-27 07:05:48', '2024-10-27 07:05:48'),
(1647, 15, 12, '2024-05-31', 'present', '2024-10-27 07:05:48', '2024-10-27 07:05:48'),
(1648, 15, 13, '2024-05-31', 'absent', '2024-10-27 07:05:48', '2024-10-27 07:05:48'),
(1649, 15, 14, '2024-05-31', 'present', '2024-10-27 07:05:48', '2024-10-27 07:05:48'),
(1650, 15, 15, '2024-05-31', 'present', '2024-10-27 07:05:48', '2024-10-27 07:05:48'),
(1651, 15, 1, '2024-05-31', 'late', '2024-10-27 07:05:48', '2024-10-27 07:05:48'),
(1652, 15, 2, '2024-05-31', 'late', '2024-10-27 07:05:48', '2024-10-27 07:05:48'),
(1653, 15, 3, '2024-05-31', 'late', '2024-10-27 07:05:48', '2024-10-27 07:05:48'),
(1654, 15, 4, '2024-05-31', 'absent', '2024-10-27 07:05:48', '2024-10-27 07:05:48'),
(1655, 15, 5, '2024-05-31', 'present', '2024-10-27 07:05:48', '2024-10-27 07:05:48'),
(1656, 15, 6, '2024-05-31', 'absent', '2024-10-27 07:05:48', '2024-10-27 07:05:48'),
(1657, 15, 7, '2024-05-31', 'late', '2024-10-27 07:05:48', '2024-10-27 07:05:48'),
(1658, 15, 8, '2024-05-31', 'absent', '2024-10-27 07:05:48', '2024-10-27 07:05:48'),
(1659, 15, 9, '2024-05-31', 'present', '2024-10-27 07:05:48', '2024-10-27 07:05:48'),
(1660, 15, 10, '2024-05-31', 'late', '2024-10-27 07:05:48', '2024-10-27 07:05:48'),
(1661, 15, 11, '2024-05-31', 'present', '2024-10-27 07:05:48', '2024-10-27 07:05:48'),
(1662, 15, 12, '2024-05-31', 'late', '2024-10-27 07:05:48', '2024-10-27 07:05:48'),
(1663, 15, 13, '2024-05-31', 'present', '2024-10-27 07:05:48', '2024-10-27 07:05:48'),
(1664, 15, 14, '2024-05-31', 'late', '2024-10-27 07:05:48', '2024-10-27 07:05:48'),
(1665, 15, 15, '2024-05-31', 'present', '2024-10-27 07:05:48', '2024-10-27 07:05:48'),
(1666, 15, 1, '2024-07-03', 'present', '2024-10-27 07:05:48', '2024-10-27 07:05:48'),
(1667, 15, 2, '2024-07-03', 'present', '2024-10-27 07:05:48', '2024-10-27 07:05:48'),
(1668, 15, 3, '2024-07-03', 'late', '2024-10-27 07:05:48', '2024-10-27 07:05:48'),
(1669, 15, 4, '2024-07-03', 'late', '2024-10-27 07:05:48', '2024-10-27 07:05:48'),
(1670, 15, 5, '2024-07-03', 'absent', '2024-10-27 07:05:48', '2024-10-27 07:05:48'),
(1671, 15, 6, '2024-07-03', 'late', '2024-10-27 07:05:48', '2024-10-27 07:05:48'),
(1672, 15, 7, '2024-07-03', 'present', '2024-10-27 07:05:48', '2024-10-27 07:05:48'),
(1673, 15, 8, '2024-07-03', 'late', '2024-10-27 07:05:48', '2024-10-27 07:05:48'),
(1674, 15, 9, '2024-07-03', 'late', '2024-10-27 07:05:48', '2024-10-27 07:05:48'),
(1675, 15, 10, '2024-07-03', 'late', '2024-10-27 07:05:48', '2024-10-27 07:05:48'),
(1676, 15, 11, '2024-07-03', 'present', '2024-10-27 07:05:48', '2024-10-27 07:05:48'),
(1677, 15, 12, '2024-07-03', 'present', '2024-10-27 07:05:48', '2024-10-27 07:05:48'),
(1678, 15, 13, '2024-07-03', 'present', '2024-10-27 07:05:48', '2024-10-27 07:05:48'),
(1679, 15, 14, '2024-07-03', 'late', '2024-10-27 07:05:48', '2024-10-27 07:05:48'),
(1680, 15, 15, '2024-07-03', 'absent', '2024-10-27 07:05:48', '2024-10-27 07:05:48'),
(1681, 15, 1, '2024-04-30', 'present', '2024-10-27 07:05:48', '2024-10-27 07:05:48'),
(1682, 15, 2, '2024-04-30', 'late', '2024-10-27 07:05:48', '2024-10-27 07:05:48'),
(1683, 15, 3, '2024-04-30', 'absent', '2024-10-27 07:05:48', '2024-10-27 07:05:48'),
(1684, 15, 4, '2024-04-30', 'present', '2024-10-27 07:05:48', '2024-10-27 07:05:48'),
(1685, 15, 5, '2024-04-30', 'late', '2024-10-27 07:05:48', '2024-10-27 07:05:48'),
(1686, 15, 6, '2024-04-30', 'absent', '2024-10-27 07:05:48', '2024-10-27 07:05:48'),
(1687, 15, 7, '2024-04-30', 'late', '2024-10-27 07:05:48', '2024-10-27 07:05:48'),
(1688, 15, 8, '2024-04-30', 'absent', '2024-10-27 07:05:48', '2024-10-27 07:05:48'),
(1689, 15, 9, '2024-04-30', 'present', '2024-10-27 07:05:48', '2024-10-27 07:05:48'),
(1690, 15, 10, '2024-04-30', 'late', '2024-10-27 07:05:48', '2024-10-27 07:05:48'),
(1691, 15, 11, '2024-04-30', 'late', '2024-10-27 07:05:48', '2024-10-27 07:05:48'),
(1692, 15, 12, '2024-04-30', 'absent', '2024-10-27 07:05:48', '2024-10-27 07:05:48'),
(1693, 15, 13, '2024-04-30', 'late', '2024-10-27 07:05:48', '2024-10-27 07:05:48'),
(1694, 15, 14, '2024-04-30', 'late', '2024-10-27 07:05:48', '2024-10-27 07:05:48'),
(1695, 15, 15, '2024-04-30', 'present', '2024-10-27 07:05:48', '2024-10-27 07:05:48'),
(1696, 15, 1, '2024-06-02', 'absent', '2024-10-27 07:05:48', '2024-10-27 07:05:48'),
(1697, 15, 2, '2024-06-02', 'present', '2024-10-27 07:05:48', '2024-10-27 07:05:48'),
(1698, 15, 3, '2024-06-02', 'absent', '2024-10-27 07:05:48', '2024-10-27 07:05:48'),
(1699, 15, 4, '2024-06-02', 'late', '2024-10-27 07:05:48', '2024-10-27 07:05:48'),
(1700, 15, 5, '2024-06-02', 'absent', '2024-10-27 07:05:48', '2024-10-27 07:05:48'),
(1701, 15, 6, '2024-06-02', 'late', '2024-10-27 07:05:48', '2024-10-27 07:05:48'),
(1702, 15, 7, '2024-06-02', 'late', '2024-10-27 07:05:48', '2024-10-27 07:05:48'),
(1703, 15, 8, '2024-06-02', 'present', '2024-10-27 07:05:48', '2024-10-27 07:05:48'),
(1704, 15, 9, '2024-06-02', 'present', '2024-10-27 07:05:48', '2024-10-27 07:05:48'),
(1705, 15, 10, '2024-06-02', 'present', '2024-10-27 07:05:48', '2024-10-27 07:05:48'),
(1706, 15, 11, '2024-06-02', 'absent', '2024-10-27 07:05:48', '2024-10-27 07:05:48'),
(1707, 15, 12, '2024-06-02', 'present', '2024-10-27 07:05:48', '2024-10-27 07:05:48'),
(1708, 15, 13, '2024-06-02', 'absent', '2024-10-27 07:05:48', '2024-10-27 07:05:48'),
(1709, 15, 14, '2024-06-02', 'absent', '2024-10-27 07:05:48', '2024-10-27 07:05:48'),
(1710, 15, 15, '2024-06-02', 'absent', '2024-10-27 07:05:48', '2024-10-27 07:05:48'),
(1711, 15, 1, '2024-07-04', 'absent', '2024-10-27 07:05:48', '2024-10-27 07:05:48'),
(1712, 15, 2, '2024-07-04', 'present', '2024-10-27 07:05:48', '2024-10-27 07:05:48'),
(1713, 15, 3, '2024-07-04', 'present', '2024-10-27 07:05:48', '2024-10-27 07:05:48'),
(1714, 15, 4, '2024-07-04', 'late', '2024-10-27 07:05:48', '2024-10-27 07:05:48'),
(1715, 15, 5, '2024-07-04', 'present', '2024-10-27 07:05:48', '2024-10-27 07:05:48'),
(1716, 15, 6, '2024-07-04', 'present', '2024-10-27 07:05:48', '2024-10-27 07:05:48'),
(1717, 15, 7, '2024-07-04', 'present', '2024-10-27 07:05:48', '2024-10-27 07:05:48'),
(1718, 15, 8, '2024-07-04', 'present', '2024-10-27 07:05:48', '2024-10-27 07:05:48'),
(1719, 15, 9, '2024-07-04', 'present', '2024-10-27 07:05:48', '2024-10-27 07:05:48'),
(1720, 15, 10, '2024-07-04', 'present', '2024-10-27 07:05:48', '2024-10-27 07:05:48'),
(1721, 15, 11, '2024-07-04', 'present', '2024-10-27 07:05:48', '2024-10-27 07:05:48'),
(1722, 15, 12, '2024-07-04', 'late', '2024-10-27 07:05:48', '2024-10-27 07:05:48'),
(1723, 15, 13, '2024-07-04', 'absent', '2024-10-27 07:05:48', '2024-10-27 07:05:48'),
(1724, 15, 14, '2024-07-04', 'present', '2024-10-27 07:05:48', '2024-10-27 07:05:48'),
(1725, 15, 15, '2024-07-04', 'present', '2024-10-27 07:05:48', '2024-10-27 07:05:48'),
(1726, 15, 1, '2024-06-13', 'absent', '2024-10-27 07:05:48', '2024-10-27 07:05:48'),
(1727, 15, 2, '2024-06-13', 'absent', '2024-10-27 07:05:48', '2024-10-27 07:05:48'),
(1728, 15, 3, '2024-06-13', 'present', '2024-10-27 07:05:48', '2024-10-27 07:05:48'),
(1729, 15, 4, '2024-06-13', 'absent', '2024-10-27 07:05:48', '2024-10-27 07:05:48'),
(1730, 15, 5, '2024-06-13', 'present', '2024-10-27 07:05:48', '2024-10-27 07:05:48'),
(1731, 15, 6, '2024-06-13', 'absent', '2024-10-27 07:05:48', '2024-10-27 07:05:48'),
(1732, 15, 7, '2024-06-13', 'absent', '2024-10-27 07:05:48', '2024-10-27 07:05:48'),
(1733, 15, 8, '2024-06-13', 'present', '2024-10-27 07:05:48', '2024-10-27 07:05:48'),
(1734, 15, 9, '2024-06-13', 'present', '2024-10-27 07:05:48', '2024-10-27 07:05:48'),
(1735, 15, 10, '2024-06-13', 'late', '2024-10-27 07:05:48', '2024-10-27 07:05:48'),
(1736, 15, 11, '2024-06-13', 'late', '2024-10-27 07:05:48', '2024-10-27 07:05:48'),
(1737, 15, 12, '2024-06-13', 'present', '2024-10-27 07:05:48', '2024-10-27 07:05:48'),
(1738, 15, 13, '2024-06-13', 'absent', '2024-10-27 07:05:48', '2024-10-27 07:05:48'),
(1739, 15, 14, '2024-06-13', 'late', '2024-10-27 07:05:48', '2024-10-27 07:05:48'),
(1740, 15, 15, '2024-06-13', 'absent', '2024-10-27 07:05:48', '2024-10-27 07:05:48'),
(1741, 16, 1, '2024-05-24', 'late', '2024-10-27 07:05:48', '2024-10-27 07:05:48'),
(1742, 16, 2, '2024-05-24', 'present', '2024-10-27 07:05:48', '2024-10-27 07:05:48'),
(1743, 16, 3, '2024-05-24', 'late', '2024-10-27 07:05:48', '2024-10-27 07:05:48'),
(1744, 16, 4, '2024-05-24', 'absent', '2024-10-27 07:05:48', '2024-10-27 07:05:48'),
(1745, 16, 5, '2024-05-24', 'present', '2024-10-27 07:05:48', '2024-10-27 07:05:48'),
(1746, 16, 6, '2024-05-24', 'absent', '2024-10-27 07:05:48', '2024-10-27 07:05:48'),
(1747, 16, 7, '2024-05-24', 'absent', '2024-10-27 07:05:48', '2024-10-27 07:05:48'),
(1748, 16, 8, '2024-05-24', 'late', '2024-10-27 07:05:48', '2024-10-27 07:05:48'),
(1749, 16, 9, '2024-05-24', 'present', '2024-10-27 07:05:48', '2024-10-27 07:05:48'),
(1750, 16, 10, '2024-05-24', 'present', '2024-10-27 07:05:48', '2024-10-27 07:05:48'),
(1751, 16, 11, '2024-05-24', 'absent', '2024-10-27 07:05:48', '2024-10-27 07:05:48'),
(1752, 16, 12, '2024-05-24', 'present', '2024-10-27 07:05:48', '2024-10-27 07:05:48'),
(1753, 16, 13, '2024-05-24', 'late', '2024-10-27 07:05:48', '2024-10-27 07:05:48'),
(1754, 16, 14, '2024-05-24', 'late', '2024-10-27 07:05:48', '2024-10-27 07:05:48'),
(1755, 16, 15, '2024-05-24', 'late', '2024-10-27 07:05:48', '2024-10-27 07:05:48'),
(1756, 16, 1, '2024-07-09', 'late', '2024-10-27 07:05:48', '2024-10-27 07:05:48'),
(1757, 16, 2, '2024-07-09', 'late', '2024-10-27 07:05:48', '2024-10-27 07:05:48'),
(1758, 16, 3, '2024-07-09', 'present', '2024-10-27 07:05:48', '2024-10-27 07:05:48'),
(1759, 16, 4, '2024-07-09', 'present', '2024-10-27 07:05:48', '2024-10-27 07:05:48'),
(1760, 16, 5, '2024-07-09', 'present', '2024-10-27 07:05:48', '2024-10-27 07:05:48'),
(1761, 16, 6, '2024-07-09', 'late', '2024-10-27 07:05:48', '2024-10-27 07:05:48'),
(1762, 16, 7, '2024-07-09', 'absent', '2024-10-27 07:05:48', '2024-10-27 07:05:48'),
(1763, 16, 8, '2024-07-09', 'present', '2024-10-27 07:05:48', '2024-10-27 07:05:48'),
(1764, 16, 9, '2024-07-09', 'late', '2024-10-27 07:05:48', '2024-10-27 07:05:48'),
(1765, 16, 10, '2024-07-09', 'late', '2024-10-27 07:05:48', '2024-10-27 07:05:48'),
(1766, 16, 11, '2024-07-09', 'late', '2024-10-27 07:05:48', '2024-10-27 07:05:48'),
(1767, 16, 12, '2024-07-09', 'late', '2024-10-27 07:05:48', '2024-10-27 07:05:48'),
(1768, 16, 13, '2024-07-09', 'absent', '2024-10-27 07:05:48', '2024-10-27 07:05:48'),
(1769, 16, 14, '2024-07-09', 'late', '2024-10-27 07:05:48', '2024-10-27 07:05:48'),
(1770, 16, 15, '2024-07-09', 'late', '2024-10-27 07:05:48', '2024-10-27 07:05:48'),
(1771, 16, 1, '2024-06-03', 'late', '2024-10-27 07:05:48', '2024-10-27 07:05:48'),
(1772, 16, 2, '2024-06-03', 'absent', '2024-10-27 07:05:48', '2024-10-27 07:05:48'),
(1773, 16, 3, '2024-06-03', 'present', '2024-10-27 07:05:48', '2024-10-27 07:05:48'),
(1774, 16, 4, '2024-06-03', 'absent', '2024-10-27 07:05:48', '2024-10-27 07:05:48'),
(1775, 16, 5, '2024-06-03', 'present', '2024-10-27 07:05:48', '2024-10-27 07:05:48'),
(1776, 16, 6, '2024-06-03', 'present', '2024-10-27 07:05:48', '2024-10-27 07:05:48'),
(1777, 16, 7, '2024-06-03', 'absent', '2024-10-27 07:05:48', '2024-10-27 07:05:48'),
(1778, 16, 8, '2024-06-03', 'late', '2024-10-27 07:05:48', '2024-10-27 07:05:48'),
(1779, 16, 9, '2024-06-03', 'present', '2024-10-27 07:05:48', '2024-10-27 07:05:48'),
(1780, 16, 10, '2024-06-03', 'absent', '2024-10-27 07:05:48', '2024-10-27 07:05:48'),
(1781, 16, 11, '2024-06-03', 'absent', '2024-10-27 07:05:48', '2024-10-27 07:05:48'),
(1782, 16, 12, '2024-06-03', 'present', '2024-10-27 07:05:48', '2024-10-27 07:05:48'),
(1783, 16, 13, '2024-06-03', 'late', '2024-10-27 07:05:48', '2024-10-27 07:05:48'),
(1784, 16, 14, '2024-06-03', 'late', '2024-10-27 07:05:48', '2024-10-27 07:05:48'),
(1785, 16, 15, '2024-06-03', 'late', '2024-10-27 07:05:48', '2024-10-27 07:05:48'),
(1786, 16, 1, '2024-06-09', 'absent', '2024-10-27 07:05:48', '2024-10-27 07:05:48'),
(1787, 16, 2, '2024-06-09', 'late', '2024-10-27 07:05:48', '2024-10-27 07:05:48'),
(1788, 16, 3, '2024-06-09', 'late', '2024-10-27 07:05:48', '2024-10-27 07:05:48'),
(1789, 16, 4, '2024-06-09', 'late', '2024-10-27 07:05:48', '2024-10-27 07:05:48'),
(1790, 16, 5, '2024-06-09', 'late', '2024-10-27 07:05:48', '2024-10-27 07:05:48'),
(1791, 16, 6, '2024-06-09', 'late', '2024-10-27 07:05:48', '2024-10-27 07:05:48'),
(1792, 16, 7, '2024-06-09', 'absent', '2024-10-27 07:05:48', '2024-10-27 07:05:48'),
(1793, 16, 8, '2024-06-09', 'absent', '2024-10-27 07:05:48', '2024-10-27 07:05:48'),
(1794, 16, 9, '2024-06-09', 'late', '2024-10-27 07:05:48', '2024-10-27 07:05:48'),
(1795, 16, 10, '2024-06-09', 'absent', '2024-10-27 07:05:48', '2024-10-27 07:05:48'),
(1796, 16, 11, '2024-06-09', 'absent', '2024-10-27 07:05:48', '2024-10-27 07:05:48'),
(1797, 16, 12, '2024-06-09', 'late', '2024-10-27 07:05:48', '2024-10-27 07:05:48'),
(1798, 16, 13, '2024-06-09', 'late', '2024-10-27 07:05:48', '2024-10-27 07:05:48'),
(1799, 16, 14, '2024-06-09', 'present', '2024-10-27 07:05:48', '2024-10-27 07:05:48'),
(1800, 16, 15, '2024-06-09', 'absent', '2024-10-27 07:05:48', '2024-10-27 07:05:48'),
(1801, 16, 1, '2024-05-08', 'present', '2024-10-27 07:05:48', '2024-10-27 07:05:48'),
(1802, 16, 2, '2024-05-08', 'late', '2024-10-27 07:05:48', '2024-10-27 07:05:48'),
(1803, 16, 3, '2024-05-08', 'late', '2024-10-27 07:05:48', '2024-10-27 07:05:48'),
(1804, 16, 4, '2024-05-08', 'late', '2024-10-27 07:05:48', '2024-10-27 07:05:48'),
(1805, 16, 5, '2024-05-08', 'absent', '2024-10-27 07:05:48', '2024-10-27 07:05:48'),
(1806, 16, 6, '2024-05-08', 'absent', '2024-10-27 07:05:48', '2024-10-27 07:05:48'),
(1807, 16, 7, '2024-05-08', 'present', '2024-10-27 07:05:48', '2024-10-27 07:05:48'),
(1808, 16, 8, '2024-05-08', 'present', '2024-10-27 07:05:48', '2024-10-27 07:05:48'),
(1809, 16, 9, '2024-05-08', 'late', '2024-10-27 07:05:48', '2024-10-27 07:05:48'),
(1810, 16, 10, '2024-05-08', 'late', '2024-10-27 07:05:48', '2024-10-27 07:05:48'),
(1811, 16, 11, '2024-05-08', 'late', '2024-10-27 07:05:48', '2024-10-27 07:05:48'),
(1812, 16, 12, '2024-05-08', 'present', '2024-10-27 07:05:48', '2024-10-27 07:05:48'),
(1813, 16, 13, '2024-05-08', 'absent', '2024-10-27 07:05:48', '2024-10-27 07:05:48'),
(1814, 16, 14, '2024-05-08', 'late', '2024-10-27 07:05:48', '2024-10-27 07:05:48'),
(1815, 16, 15, '2024-05-08', 'present', '2024-10-27 07:05:48', '2024-10-27 07:05:48'),
(1816, 16, 1, '2024-06-02', 'absent', '2024-10-27 07:05:48', '2024-10-27 07:05:48'),
(1817, 16, 2, '2024-06-02', 'present', '2024-10-27 07:05:48', '2024-10-27 07:05:48'),
(1818, 16, 3, '2024-06-02', 'present', '2024-10-27 07:05:48', '2024-10-27 07:05:48'),
(1819, 16, 4, '2024-06-02', 'present', '2024-10-27 07:05:48', '2024-10-27 07:05:48'),
(1820, 16, 5, '2024-06-02', 'absent', '2024-10-27 07:05:48', '2024-10-27 07:05:48'),
(1821, 16, 6, '2024-06-02', 'absent', '2024-10-27 07:05:48', '2024-10-27 07:05:48'),
(1822, 16, 7, '2024-06-02', 'present', '2024-10-27 07:05:48', '2024-10-27 07:05:48'),
(1823, 16, 8, '2024-06-02', 'present', '2024-10-27 07:05:48', '2024-10-27 07:05:48'),
(1824, 16, 9, '2024-06-02', 'late', '2024-10-27 07:05:48', '2024-10-27 07:05:48'),
(1825, 16, 10, '2024-06-02', 'absent', '2024-10-27 07:05:48', '2024-10-27 07:05:48');
INSERT INTO `attendance` (`id`, `user_id`, `course_id`, `attendance_date`, `status`, `created_at`, `updated_at`) VALUES
(1826, 16, 11, '2024-06-02', 'late', '2024-10-27 07:05:48', '2024-10-27 07:05:48'),
(1827, 16, 12, '2024-06-02', 'present', '2024-10-27 07:05:48', '2024-10-27 07:05:48'),
(1828, 16, 13, '2024-06-02', 'late', '2024-10-27 07:05:48', '2024-10-27 07:05:48'),
(1829, 16, 14, '2024-06-02', 'present', '2024-10-27 07:05:48', '2024-10-27 07:05:48'),
(1830, 16, 15, '2024-06-02', 'late', '2024-10-27 07:05:48', '2024-10-27 07:05:48'),
(1831, 17, 1, '2024-05-24', 'late', '2024-10-27 07:05:48', '2024-10-27 07:05:48'),
(1832, 17, 2, '2024-05-24', 'present', '2024-10-27 07:05:48', '2024-10-27 07:05:48'),
(1833, 17, 3, '2024-05-24', 'present', '2024-10-27 07:05:48', '2024-10-27 07:05:48'),
(1834, 17, 4, '2024-05-24', 'present', '2024-10-27 07:05:48', '2024-10-27 07:05:48'),
(1835, 17, 5, '2024-05-24', 'absent', '2024-10-27 07:05:48', '2024-10-27 07:05:48'),
(1836, 17, 6, '2024-05-24', 'present', '2024-10-27 07:05:48', '2024-10-27 07:05:48'),
(1837, 17, 7, '2024-05-24', 'present', '2024-10-27 07:05:48', '2024-10-27 07:05:48'),
(1838, 17, 8, '2024-05-24', 'present', '2024-10-27 07:05:48', '2024-10-27 07:05:48'),
(1839, 17, 9, '2024-05-24', 'late', '2024-10-27 07:05:48', '2024-10-27 07:05:48'),
(1840, 17, 10, '2024-05-24', 'present', '2024-10-27 07:05:48', '2024-10-27 07:05:48'),
(1841, 17, 11, '2024-05-24', 'present', '2024-10-27 07:05:48', '2024-10-27 07:05:48'),
(1842, 17, 12, '2024-05-24', 'late', '2024-10-27 07:05:48', '2024-10-27 07:05:48'),
(1843, 17, 13, '2024-05-24', 'late', '2024-10-27 07:05:48', '2024-10-27 07:05:48'),
(1844, 17, 14, '2024-05-24', 'late', '2024-10-27 07:05:48', '2024-10-27 07:05:48'),
(1845, 17, 15, '2024-05-24', 'absent', '2024-10-27 07:05:48', '2024-10-27 07:05:48'),
(1846, 17, 1, '2024-06-12', 'late', '2024-10-27 07:05:48', '2024-10-27 07:05:48'),
(1847, 17, 2, '2024-06-12', 'absent', '2024-10-27 07:05:48', '2024-10-27 07:05:48'),
(1848, 17, 3, '2024-06-12', 'absent', '2024-10-27 07:05:48', '2024-10-27 07:05:48'),
(1849, 17, 4, '2024-06-12', 'late', '2024-10-27 07:05:48', '2024-10-27 07:05:48'),
(1850, 17, 5, '2024-06-12', 'late', '2024-10-27 07:05:48', '2024-10-27 07:05:48'),
(1851, 17, 6, '2024-06-12', 'absent', '2024-10-27 07:05:48', '2024-10-27 07:05:48'),
(1852, 17, 7, '2024-06-12', 'present', '2024-10-27 07:05:48', '2024-10-27 07:05:48'),
(1853, 17, 8, '2024-06-12', 'late', '2024-10-27 07:05:48', '2024-10-27 07:05:48'),
(1854, 17, 9, '2024-06-12', 'late', '2024-10-27 07:05:48', '2024-10-27 07:05:48'),
(1855, 17, 10, '2024-06-12', 'present', '2024-10-27 07:05:48', '2024-10-27 07:05:48'),
(1856, 17, 11, '2024-06-12', 'present', '2024-10-27 07:05:48', '2024-10-27 07:05:48'),
(1857, 17, 12, '2024-06-12', 'late', '2024-10-27 07:05:48', '2024-10-27 07:05:48'),
(1858, 17, 13, '2024-06-12', 'late', '2024-10-27 07:05:48', '2024-10-27 07:05:48'),
(1859, 17, 14, '2024-06-12', 'absent', '2024-10-27 07:05:48', '2024-10-27 07:05:48'),
(1860, 17, 15, '2024-06-12', 'late', '2024-10-27 07:05:48', '2024-10-27 07:05:48'),
(1861, 17, 1, '2024-07-23', 'present', '2024-10-27 07:05:48', '2024-10-27 07:05:48'),
(1862, 17, 2, '2024-07-23', 'late', '2024-10-27 07:05:48', '2024-10-27 07:05:48'),
(1863, 17, 3, '2024-07-23', 'absent', '2024-10-27 07:05:48', '2024-10-27 07:05:48'),
(1864, 17, 4, '2024-07-23', 'absent', '2024-10-27 07:05:48', '2024-10-27 07:05:48'),
(1865, 17, 5, '2024-07-23', 'late', '2024-10-27 07:05:48', '2024-10-27 07:05:48'),
(1866, 17, 6, '2024-07-23', 'late', '2024-10-27 07:05:48', '2024-10-27 07:05:48'),
(1867, 17, 7, '2024-07-23', 'present', '2024-10-27 07:05:48', '2024-10-27 07:05:48'),
(1868, 17, 8, '2024-07-23', 'late', '2024-10-27 07:05:48', '2024-10-27 07:05:48'),
(1869, 17, 9, '2024-07-23', 'late', '2024-10-27 07:05:48', '2024-10-27 07:05:48'),
(1870, 17, 10, '2024-07-23', 'late', '2024-10-27 07:05:48', '2024-10-27 07:05:48'),
(1871, 17, 11, '2024-07-23', 'late', '2024-10-27 07:05:48', '2024-10-27 07:05:48'),
(1872, 17, 12, '2024-07-23', 'late', '2024-10-27 07:05:48', '2024-10-27 07:05:48'),
(1873, 17, 13, '2024-07-23', 'absent', '2024-10-27 07:05:48', '2024-10-27 07:05:48'),
(1874, 17, 14, '2024-07-23', 'absent', '2024-10-27 07:05:48', '2024-10-27 07:05:48'),
(1875, 17, 15, '2024-07-23', 'late', '2024-10-27 07:05:48', '2024-10-27 07:05:48'),
(1876, 17, 1, '2024-05-24', 'late', '2024-10-27 07:05:48', '2024-10-27 07:05:48'),
(1877, 17, 2, '2024-05-24', 'absent', '2024-10-27 07:05:48', '2024-10-27 07:05:48'),
(1878, 17, 3, '2024-05-24', 'present', '2024-10-27 07:05:48', '2024-10-27 07:05:48'),
(1879, 17, 4, '2024-05-24', 'late', '2024-10-27 07:05:48', '2024-10-27 07:05:48'),
(1880, 17, 5, '2024-05-24', 'present', '2024-10-27 07:05:48', '2024-10-27 07:05:48'),
(1881, 17, 6, '2024-05-24', 'late', '2024-10-27 07:05:48', '2024-10-27 07:05:48'),
(1882, 17, 7, '2024-05-24', 'present', '2024-10-27 07:05:48', '2024-10-27 07:05:48'),
(1883, 17, 8, '2024-05-24', 'absent', '2024-10-27 07:05:48', '2024-10-27 07:05:48'),
(1884, 17, 9, '2024-05-24', 'late', '2024-10-27 07:05:48', '2024-10-27 07:05:48'),
(1885, 17, 10, '2024-05-24', 'late', '2024-10-27 07:05:48', '2024-10-27 07:05:48'),
(1886, 17, 11, '2024-05-24', 'absent', '2024-10-27 07:05:48', '2024-10-27 07:05:48'),
(1887, 17, 12, '2024-05-24', 'present', '2024-10-27 07:05:48', '2024-10-27 07:05:48'),
(1888, 17, 13, '2024-05-24', 'absent', '2024-10-27 07:05:48', '2024-10-27 07:05:48'),
(1889, 17, 14, '2024-05-24', 'absent', '2024-10-27 07:05:48', '2024-10-27 07:05:48'),
(1890, 17, 15, '2024-05-24', 'present', '2024-10-27 07:05:48', '2024-10-27 07:05:48'),
(1891, 17, 1, '2024-07-01', 'present', '2024-10-27 07:05:48', '2024-10-27 07:05:48'),
(1892, 17, 2, '2024-07-01', 'late', '2024-10-27 07:05:48', '2024-10-27 07:05:48'),
(1893, 17, 3, '2024-07-01', 'absent', '2024-10-27 07:05:48', '2024-10-27 07:05:48'),
(1894, 17, 4, '2024-07-01', 'late', '2024-10-27 07:05:48', '2024-10-27 07:05:48'),
(1895, 17, 5, '2024-07-01', 'absent', '2024-10-27 07:05:48', '2024-10-27 07:05:48'),
(1896, 17, 6, '2024-07-01', 'absent', '2024-10-27 07:05:48', '2024-10-27 07:05:48'),
(1897, 17, 7, '2024-07-01', 'present', '2024-10-27 07:05:48', '2024-10-27 07:05:48'),
(1898, 17, 8, '2024-07-01', 'absent', '2024-10-27 07:05:48', '2024-10-27 07:05:48'),
(1899, 17, 9, '2024-07-01', 'present', '2024-10-27 07:05:48', '2024-10-27 07:05:48'),
(1900, 17, 10, '2024-07-01', 'late', '2024-10-27 07:05:48', '2024-10-27 07:05:48'),
(1901, 17, 11, '2024-07-01', 'late', '2024-10-27 07:05:48', '2024-10-27 07:05:48'),
(1902, 17, 12, '2024-07-01', 'present', '2024-10-27 07:05:48', '2024-10-27 07:05:48'),
(1903, 17, 13, '2024-07-01', 'late', '2024-10-27 07:05:48', '2024-10-27 07:05:48'),
(1904, 17, 14, '2024-07-01', 'absent', '2024-10-27 07:05:48', '2024-10-27 07:05:48'),
(1905, 17, 15, '2024-07-01', 'absent', '2024-10-27 07:05:48', '2024-10-27 07:05:48'),
(1906, 17, 1, '2024-07-27', 'present', '2024-10-27 07:05:48', '2024-10-27 07:05:48'),
(1907, 17, 2, '2024-07-27', 'present', '2024-10-27 07:05:48', '2024-10-27 07:05:48'),
(1908, 17, 3, '2024-07-27', 'late', '2024-10-27 07:05:48', '2024-10-27 07:05:48'),
(1909, 17, 4, '2024-07-27', 'present', '2024-10-27 07:05:48', '2024-10-27 07:05:48'),
(1910, 17, 5, '2024-07-27', 'absent', '2024-10-27 07:05:48', '2024-10-27 07:05:48'),
(1911, 17, 6, '2024-07-27', 'present', '2024-10-27 07:05:48', '2024-10-27 07:05:48'),
(1912, 17, 7, '2024-07-27', 'absent', '2024-10-27 07:05:48', '2024-10-27 07:05:48'),
(1913, 17, 8, '2024-07-27', 'present', '2024-10-27 07:05:48', '2024-10-27 07:05:48'),
(1914, 17, 9, '2024-07-27', 'late', '2024-10-27 07:05:48', '2024-10-27 07:05:48'),
(1915, 17, 10, '2024-07-27', 'absent', '2024-10-27 07:05:48', '2024-10-27 07:05:48'),
(1916, 17, 11, '2024-07-27', 'absent', '2024-10-27 07:05:48', '2024-10-27 07:05:48'),
(1917, 17, 12, '2024-07-27', 'late', '2024-10-27 07:05:48', '2024-10-27 07:05:48'),
(1918, 17, 13, '2024-07-27', 'absent', '2024-10-27 07:05:48', '2024-10-27 07:05:48'),
(1919, 17, 14, '2024-07-27', 'absent', '2024-10-27 07:05:48', '2024-10-27 07:05:48'),
(1920, 17, 15, '2024-07-27', 'late', '2024-10-27 07:05:48', '2024-10-27 07:05:48'),
(1921, 17, 1, '2024-05-23', 'present', '2024-10-27 07:05:48', '2024-10-27 07:05:48'),
(1922, 17, 2, '2024-05-23', 'late', '2024-10-27 07:05:48', '2024-10-27 07:05:48'),
(1923, 17, 3, '2024-05-23', 'absent', '2024-10-27 07:05:48', '2024-10-27 07:05:48'),
(1924, 17, 4, '2024-05-23', 'present', '2024-10-27 07:05:48', '2024-10-27 07:05:48'),
(1925, 17, 5, '2024-05-23', 'present', '2024-10-27 07:05:48', '2024-10-27 07:05:48'),
(1926, 17, 6, '2024-05-23', 'late', '2024-10-27 07:05:48', '2024-10-27 07:05:48'),
(1927, 17, 7, '2024-05-23', 'present', '2024-10-27 07:05:48', '2024-10-27 07:05:48'),
(1928, 17, 8, '2024-05-23', 'late', '2024-10-27 07:05:48', '2024-10-27 07:05:48'),
(1929, 17, 9, '2024-05-23', 'late', '2024-10-27 07:05:48', '2024-10-27 07:05:48'),
(1930, 17, 10, '2024-05-23', 'absent', '2024-10-27 07:05:48', '2024-10-27 07:05:48'),
(1931, 17, 11, '2024-05-23', 'absent', '2024-10-27 07:05:48', '2024-10-27 07:05:48'),
(1932, 17, 12, '2024-05-23', 'absent', '2024-10-27 07:05:48', '2024-10-27 07:05:48'),
(1933, 17, 13, '2024-05-23', 'absent', '2024-10-27 07:05:48', '2024-10-27 07:05:48'),
(1934, 17, 14, '2024-05-23', 'present', '2024-10-27 07:05:48', '2024-10-27 07:05:48'),
(1935, 17, 15, '2024-05-23', 'absent', '2024-10-27 07:05:48', '2024-10-27 07:05:48'),
(1936, 17, 1, '2024-07-04', 'absent', '2024-10-27 07:05:48', '2024-10-27 07:05:48'),
(1937, 17, 2, '2024-07-04', 'absent', '2024-10-27 07:05:48', '2024-10-27 07:05:48'),
(1938, 17, 3, '2024-07-04', 'present', '2024-10-27 07:05:48', '2024-10-27 07:05:48'),
(1939, 17, 4, '2024-07-04', 'absent', '2024-10-27 07:05:48', '2024-10-27 07:05:48'),
(1940, 17, 5, '2024-07-04', 'present', '2024-10-27 07:05:48', '2024-10-27 07:05:48'),
(1941, 17, 6, '2024-07-04', 'late', '2024-10-27 07:05:48', '2024-10-27 07:05:48'),
(1942, 17, 7, '2024-07-04', 'late', '2024-10-27 07:05:48', '2024-10-27 07:05:48'),
(1943, 17, 8, '2024-07-04', 'absent', '2024-10-27 07:05:48', '2024-10-27 07:05:48'),
(1944, 17, 9, '2024-07-04', 'absent', '2024-10-27 07:05:48', '2024-10-27 07:05:48'),
(1945, 17, 10, '2024-07-04', 'late', '2024-10-27 07:05:48', '2024-10-27 07:05:48'),
(1946, 17, 11, '2024-07-04', 'present', '2024-10-27 07:05:48', '2024-10-27 07:05:48'),
(1947, 17, 12, '2024-07-04', 'present', '2024-10-27 07:05:48', '2024-10-27 07:05:48'),
(1948, 17, 13, '2024-07-04', 'late', '2024-10-27 07:05:48', '2024-10-27 07:05:48'),
(1949, 17, 14, '2024-07-04', 'late', '2024-10-27 07:05:48', '2024-10-27 07:05:48'),
(1950, 17, 15, '2024-07-04', 'present', '2024-10-27 07:05:48', '2024-10-27 07:05:48'),
(1951, 17, 1, '2024-06-18', 'present', '2024-10-27 07:05:48', '2024-10-27 07:05:48'),
(1952, 17, 2, '2024-06-18', 'absent', '2024-10-27 07:05:48', '2024-10-27 07:05:48'),
(1953, 17, 3, '2024-06-18', 'present', '2024-10-27 07:05:48', '2024-10-27 07:05:48'),
(1954, 17, 4, '2024-06-18', 'absent', '2024-10-27 07:05:48', '2024-10-27 07:05:48'),
(1955, 17, 5, '2024-06-18', 'absent', '2024-10-27 07:05:48', '2024-10-27 07:05:48'),
(1956, 17, 6, '2024-06-18', 'present', '2024-10-27 07:05:48', '2024-10-27 07:05:48'),
(1957, 17, 7, '2024-06-18', 'late', '2024-10-27 07:05:48', '2024-10-27 07:05:48'),
(1958, 17, 8, '2024-06-18', 'absent', '2024-10-27 07:05:48', '2024-10-27 07:05:48'),
(1959, 17, 9, '2024-06-18', 'late', '2024-10-27 07:05:48', '2024-10-27 07:05:48'),
(1960, 17, 10, '2024-06-18', 'present', '2024-10-27 07:05:48', '2024-10-27 07:05:48'),
(1961, 17, 11, '2024-06-18', 'late', '2024-10-27 07:05:48', '2024-10-27 07:05:48'),
(1962, 17, 12, '2024-06-18', 'present', '2024-10-27 07:05:48', '2024-10-27 07:05:48'),
(1963, 17, 13, '2024-06-18', 'late', '2024-10-27 07:05:48', '2024-10-27 07:05:48'),
(1964, 17, 14, '2024-06-18', 'late', '2024-10-27 07:05:48', '2024-10-27 07:05:48'),
(1965, 17, 15, '2024-06-18', 'late', '2024-10-27 07:05:48', '2024-10-27 07:05:48'),
(1966, 18, 1, '2024-07-07', 'late', '2024-10-27 07:05:48', '2024-10-27 07:05:48'),
(1967, 18, 2, '2024-07-07', 'late', '2024-10-27 07:05:48', '2024-10-27 07:05:48'),
(1968, 18, 3, '2024-07-07', 'absent', '2024-10-27 07:05:48', '2024-10-27 07:05:48'),
(1969, 18, 4, '2024-07-07', 'present', '2024-10-27 07:05:48', '2024-10-27 07:05:48'),
(1970, 18, 5, '2024-07-07', 'absent', '2024-10-27 07:05:48', '2024-10-27 07:05:48'),
(1971, 18, 6, '2024-07-07', 'late', '2024-10-27 07:05:48', '2024-10-27 07:05:48'),
(1972, 18, 7, '2024-07-07', 'late', '2024-10-27 07:05:48', '2024-10-27 07:05:48'),
(1973, 18, 8, '2024-07-07', 'absent', '2024-10-27 07:05:48', '2024-10-27 07:05:48'),
(1974, 18, 9, '2024-07-07', 'late', '2024-10-27 07:05:48', '2024-10-27 07:05:48'),
(1975, 18, 10, '2024-07-07', 'absent', '2024-10-27 07:05:48', '2024-10-27 07:05:48'),
(1976, 18, 11, '2024-07-07', 'late', '2024-10-27 07:05:48', '2024-10-27 07:05:48'),
(1977, 18, 12, '2024-07-07', 'absent', '2024-10-27 07:05:48', '2024-10-27 07:05:48'),
(1978, 18, 13, '2024-07-07', 'late', '2024-10-27 07:05:48', '2024-10-27 07:05:48'),
(1979, 18, 14, '2024-07-07', 'absent', '2024-10-27 07:05:48', '2024-10-27 07:05:48'),
(1980, 18, 15, '2024-07-07', 'late', '2024-10-27 07:05:48', '2024-10-27 07:05:48'),
(1981, 18, 1, '2024-05-18', 'late', '2024-10-27 07:05:48', '2024-10-27 07:05:48'),
(1982, 18, 2, '2024-05-18', 'late', '2024-10-27 07:05:48', '2024-10-27 07:05:48'),
(1983, 18, 3, '2024-05-18', 'present', '2024-10-27 07:05:48', '2024-10-27 07:05:48'),
(1984, 18, 4, '2024-05-18', 'absent', '2024-10-27 07:05:48', '2024-10-27 07:05:48'),
(1985, 18, 5, '2024-05-18', 'late', '2024-10-27 07:05:48', '2024-10-27 07:05:48'),
(1986, 18, 6, '2024-05-18', 'present', '2024-10-27 07:05:48', '2024-10-27 07:05:48'),
(1987, 18, 7, '2024-05-18', 'late', '2024-10-27 07:05:48', '2024-10-27 07:05:48'),
(1988, 18, 8, '2024-05-18', 'late', '2024-10-27 07:05:48', '2024-10-27 07:05:48'),
(1989, 18, 9, '2024-05-18', 'absent', '2024-10-27 07:05:48', '2024-10-27 07:05:48'),
(1990, 18, 10, '2024-05-18', 'present', '2024-10-27 07:05:48', '2024-10-27 07:05:48'),
(1991, 18, 11, '2024-05-18', 'present', '2024-10-27 07:05:48', '2024-10-27 07:05:48'),
(1992, 18, 12, '2024-05-18', 'absent', '2024-10-27 07:05:48', '2024-10-27 07:05:48'),
(1993, 18, 13, '2024-05-18', 'present', '2024-10-27 07:05:48', '2024-10-27 07:05:48'),
(1994, 18, 14, '2024-05-18', 'absent', '2024-10-27 07:05:48', '2024-10-27 07:05:48'),
(1995, 18, 15, '2024-05-18', 'absent', '2024-10-27 07:05:48', '2024-10-27 07:05:48'),
(1996, 18, 1, '2024-07-17', 'present', '2024-10-27 07:05:48', '2024-10-27 07:05:48'),
(1997, 18, 2, '2024-07-17', 'absent', '2024-10-27 07:05:48', '2024-10-27 07:05:48'),
(1998, 18, 3, '2024-07-17', 'late', '2024-10-27 07:05:48', '2024-10-27 07:05:48'),
(1999, 18, 4, '2024-07-17', 'present', '2024-10-27 07:05:48', '2024-10-27 07:05:48'),
(2000, 18, 5, '2024-07-17', 'present', '2024-10-27 07:05:48', '2024-10-27 07:05:48'),
(2001, 18, 6, '2024-07-17', 'present', '2024-10-27 07:05:48', '2024-10-27 07:05:48'),
(2002, 18, 7, '2024-07-17', 'absent', '2024-10-27 07:05:48', '2024-10-27 07:05:48'),
(2003, 18, 8, '2024-07-17', 'present', '2024-10-27 07:05:48', '2024-10-27 07:05:48'),
(2004, 18, 9, '2024-07-17', 'late', '2024-10-27 07:05:48', '2024-10-27 07:05:48'),
(2005, 18, 10, '2024-07-17', 'absent', '2024-10-27 07:05:48', '2024-10-27 07:05:48'),
(2006, 18, 11, '2024-07-17', 'present', '2024-10-27 07:05:48', '2024-10-27 07:05:48'),
(2007, 18, 12, '2024-07-17', 'late', '2024-10-27 07:05:48', '2024-10-27 07:05:48'),
(2008, 18, 13, '2024-07-17', 'absent', '2024-10-27 07:05:48', '2024-10-27 07:05:48'),
(2009, 18, 14, '2024-07-17', 'present', '2024-10-27 07:05:48', '2024-10-27 07:05:48'),
(2010, 18, 15, '2024-07-17', 'late', '2024-10-27 07:05:48', '2024-10-27 07:05:48'),
(2011, 18, 1, '2024-05-18', 'late', '2024-10-27 07:05:48', '2024-10-27 07:05:48'),
(2012, 18, 2, '2024-05-18', 'absent', '2024-10-27 07:05:48', '2024-10-27 07:05:48'),
(2013, 18, 3, '2024-05-18', 'absent', '2024-10-27 07:05:48', '2024-10-27 07:05:48'),
(2014, 18, 4, '2024-05-18', 'present', '2024-10-27 07:05:48', '2024-10-27 07:05:48'),
(2015, 18, 5, '2024-05-18', 'absent', '2024-10-27 07:05:48', '2024-10-27 07:05:48'),
(2016, 18, 6, '2024-05-18', 'absent', '2024-10-27 07:05:48', '2024-10-27 07:05:48'),
(2017, 18, 7, '2024-05-18', 'late', '2024-10-27 07:05:48', '2024-10-27 07:05:48'),
(2018, 18, 8, '2024-05-18', 'late', '2024-10-27 07:05:48', '2024-10-27 07:05:48'),
(2019, 18, 9, '2024-05-18', 'late', '2024-10-27 07:05:48', '2024-10-27 07:05:48'),
(2020, 18, 10, '2024-05-18', 'present', '2024-10-27 07:05:48', '2024-10-27 07:05:48'),
(2021, 18, 11, '2024-05-18', 'absent', '2024-10-27 07:05:48', '2024-10-27 07:05:48'),
(2022, 18, 12, '2024-05-18', 'late', '2024-10-27 07:05:48', '2024-10-27 07:05:48'),
(2023, 18, 13, '2024-05-18', 'absent', '2024-10-27 07:05:48', '2024-10-27 07:05:48'),
(2024, 18, 14, '2024-05-18', 'absent', '2024-10-27 07:05:48', '2024-10-27 07:05:48'),
(2025, 18, 15, '2024-05-18', 'late', '2024-10-27 07:05:48', '2024-10-27 07:05:48'),
(2026, 18, 1, '2024-07-25', 'present', '2024-10-27 07:05:48', '2024-10-27 07:05:48'),
(2027, 18, 2, '2024-07-25', 'absent', '2024-10-27 07:05:48', '2024-10-27 07:05:48'),
(2028, 18, 3, '2024-07-25', 'late', '2024-10-27 07:05:48', '2024-10-27 07:05:48'),
(2029, 18, 4, '2024-07-25', 'late', '2024-10-27 07:05:48', '2024-10-27 07:05:48'),
(2030, 18, 5, '2024-07-25', 'present', '2024-10-27 07:05:48', '2024-10-27 07:05:48'),
(2031, 18, 6, '2024-07-25', 'present', '2024-10-27 07:05:48', '2024-10-27 07:05:48'),
(2032, 18, 7, '2024-07-25', 'present', '2024-10-27 07:05:48', '2024-10-27 07:05:48'),
(2033, 18, 8, '2024-07-25', 'absent', '2024-10-27 07:05:48', '2024-10-27 07:05:48'),
(2034, 18, 9, '2024-07-25', 'present', '2024-10-27 07:05:48', '2024-10-27 07:05:48'),
(2035, 18, 10, '2024-07-25', 'late', '2024-10-27 07:05:48', '2024-10-27 07:05:48'),
(2036, 18, 11, '2024-07-25', 'present', '2024-10-27 07:05:48', '2024-10-27 07:05:48'),
(2037, 18, 12, '2024-07-25', 'late', '2024-10-27 07:05:48', '2024-10-27 07:05:48'),
(2038, 18, 13, '2024-07-25', 'absent', '2024-10-27 07:05:48', '2024-10-27 07:05:48'),
(2039, 18, 14, '2024-07-25', 'absent', '2024-10-27 07:05:48', '2024-10-27 07:05:48'),
(2040, 18, 15, '2024-07-25', 'late', '2024-10-27 07:05:48', '2024-10-27 07:05:48'),
(2041, 18, 1, '2024-07-11', 'late', '2024-10-27 07:05:48', '2024-10-27 07:05:48'),
(2042, 18, 2, '2024-07-11', 'absent', '2024-10-27 07:05:48', '2024-10-27 07:05:48'),
(2043, 18, 3, '2024-07-11', 'present', '2024-10-27 07:05:48', '2024-10-27 07:05:48'),
(2044, 18, 4, '2024-07-11', 'absent', '2024-10-27 07:05:48', '2024-10-27 07:05:48'),
(2045, 18, 5, '2024-07-11', 'present', '2024-10-27 07:05:48', '2024-10-27 07:05:48'),
(2046, 18, 6, '2024-07-11', 'absent', '2024-10-27 07:05:48', '2024-10-27 07:05:48'),
(2047, 18, 7, '2024-07-11', 'present', '2024-10-27 07:05:48', '2024-10-27 07:05:48'),
(2048, 18, 8, '2024-07-11', 'absent', '2024-10-27 07:05:48', '2024-10-27 07:05:48'),
(2049, 18, 9, '2024-07-11', 'late', '2024-10-27 07:05:48', '2024-10-27 07:05:48'),
(2050, 18, 10, '2024-07-11', 'present', '2024-10-27 07:05:48', '2024-10-27 07:05:48'),
(2051, 18, 11, '2024-07-11', 'present', '2024-10-27 07:05:48', '2024-10-27 07:05:48'),
(2052, 18, 12, '2024-07-11', 'present', '2024-10-27 07:05:48', '2024-10-27 07:05:48'),
(2053, 18, 13, '2024-07-11', 'absent', '2024-10-27 07:05:48', '2024-10-27 07:05:48'),
(2054, 18, 14, '2024-07-11', 'absent', '2024-10-27 07:05:48', '2024-10-27 07:05:48'),
(2055, 18, 15, '2024-07-11', 'absent', '2024-10-27 07:05:48', '2024-10-27 07:05:48'),
(2056, 18, 1, '2024-07-10', 'absent', '2024-10-27 07:05:48', '2024-10-27 07:05:48'),
(2057, 18, 2, '2024-07-10', 'present', '2024-10-27 07:05:48', '2024-10-27 07:05:48'),
(2058, 18, 3, '2024-07-10', 'late', '2024-10-27 07:05:48', '2024-10-27 07:05:48'),
(2059, 18, 4, '2024-07-10', 'late', '2024-10-27 07:05:48', '2024-10-27 07:05:48'),
(2060, 18, 5, '2024-07-10', 'absent', '2024-10-27 07:05:48', '2024-10-27 07:05:48'),
(2061, 18, 6, '2024-07-10', 'late', '2024-10-27 07:05:48', '2024-10-27 07:05:48'),
(2062, 18, 7, '2024-07-10', 'present', '2024-10-27 07:05:48', '2024-10-27 07:05:48'),
(2063, 18, 8, '2024-07-10', 'absent', '2024-10-27 07:05:48', '2024-10-27 07:05:48'),
(2064, 18, 9, '2024-07-10', 'absent', '2024-10-27 07:05:48', '2024-10-27 07:05:48'),
(2065, 18, 10, '2024-07-10', 'present', '2024-10-27 07:05:49', '2024-10-27 07:05:49'),
(2066, 18, 11, '2024-07-10', 'late', '2024-10-27 07:05:49', '2024-10-27 07:05:49'),
(2067, 18, 12, '2024-07-10', 'late', '2024-10-27 07:05:49', '2024-10-27 07:05:49'),
(2068, 18, 13, '2024-07-10', 'late', '2024-10-27 07:05:49', '2024-10-27 07:05:49'),
(2069, 18, 14, '2024-07-10', 'present', '2024-10-27 07:05:49', '2024-10-27 07:05:49'),
(2070, 18, 15, '2024-07-10', 'absent', '2024-10-27 07:05:49', '2024-10-27 07:05:49'),
(2071, 19, 1, '2024-07-01', 'late', '2024-10-27 07:05:49', '2024-10-27 07:05:49'),
(2072, 19, 2, '2024-07-01', 'absent', '2024-10-27 07:05:49', '2024-10-27 07:05:49'),
(2073, 19, 3, '2024-07-01', 'present', '2024-10-27 07:05:49', '2024-10-27 07:05:49'),
(2074, 19, 4, '2024-07-01', 'present', '2024-10-27 07:05:49', '2024-10-27 07:05:49'),
(2075, 19, 5, '2024-07-01', 'absent', '2024-10-27 07:05:49', '2024-10-27 07:05:49'),
(2076, 19, 6, '2024-07-01', 'late', '2024-10-27 07:05:49', '2024-10-27 07:05:49'),
(2077, 19, 7, '2024-07-01', 'present', '2024-10-27 07:05:49', '2024-10-27 07:05:49'),
(2078, 19, 8, '2024-07-01', 'absent', '2024-10-27 07:05:49', '2024-10-27 07:05:49'),
(2079, 19, 9, '2024-07-01', 'absent', '2024-10-27 07:05:49', '2024-10-27 07:05:49'),
(2080, 19, 10, '2024-07-01', 'late', '2024-10-27 07:05:49', '2024-10-27 07:05:49'),
(2081, 19, 11, '2024-07-01', 'present', '2024-10-27 07:05:49', '2024-10-27 07:05:49'),
(2082, 19, 12, '2024-07-01', 'late', '2024-10-27 07:05:49', '2024-10-27 07:05:49'),
(2083, 19, 13, '2024-07-01', 'late', '2024-10-27 07:05:49', '2024-10-27 07:05:49'),
(2084, 19, 14, '2024-07-01', 'present', '2024-10-27 07:05:49', '2024-10-27 07:05:49'),
(2085, 19, 15, '2024-07-01', 'absent', '2024-10-27 07:05:49', '2024-10-27 07:05:49'),
(2086, 19, 1, '2024-05-05', 'absent', '2024-10-27 07:05:49', '2024-10-27 07:05:49'),
(2087, 19, 2, '2024-05-05', 'present', '2024-10-27 07:05:49', '2024-10-27 07:05:49'),
(2088, 19, 3, '2024-05-05', 'late', '2024-10-27 07:05:49', '2024-10-27 07:05:49'),
(2089, 19, 4, '2024-05-05', 'late', '2024-10-27 07:05:49', '2024-10-27 07:05:49'),
(2090, 19, 5, '2024-05-05', 'absent', '2024-10-27 07:05:49', '2024-10-27 07:05:49'),
(2091, 19, 6, '2024-05-05', 'absent', '2024-10-27 07:05:49', '2024-10-27 07:05:49'),
(2092, 19, 7, '2024-05-05', 'present', '2024-10-27 07:05:49', '2024-10-27 07:05:49'),
(2093, 19, 8, '2024-05-05', 'present', '2024-10-27 07:05:49', '2024-10-27 07:05:49'),
(2094, 19, 9, '2024-05-05', 'late', '2024-10-27 07:05:49', '2024-10-27 07:05:49'),
(2095, 19, 10, '2024-05-05', 'late', '2024-10-27 07:05:49', '2024-10-27 07:05:49'),
(2096, 19, 11, '2024-05-05', 'late', '2024-10-27 07:05:49', '2024-10-27 07:05:49'),
(2097, 19, 12, '2024-05-05', 'late', '2024-10-27 07:05:49', '2024-10-27 07:05:49'),
(2098, 19, 13, '2024-05-05', 'absent', '2024-10-27 07:05:49', '2024-10-27 07:05:49'),
(2099, 19, 14, '2024-05-05', 'late', '2024-10-27 07:05:49', '2024-10-27 07:05:49'),
(2100, 19, 15, '2024-05-05', 'late', '2024-10-27 07:05:49', '2024-10-27 07:05:49'),
(2101, 19, 1, '2024-06-09', 'late', '2024-10-27 07:05:49', '2024-10-27 07:05:49'),
(2102, 19, 2, '2024-06-09', 'present', '2024-10-27 07:05:49', '2024-10-27 07:05:49'),
(2103, 19, 3, '2024-06-09', 'absent', '2024-10-27 07:05:49', '2024-10-27 07:05:49'),
(2104, 19, 4, '2024-06-09', 'present', '2024-10-27 07:05:49', '2024-10-27 07:05:49'),
(2105, 19, 5, '2024-06-09', 'late', '2024-10-27 07:05:49', '2024-10-27 07:05:49'),
(2106, 19, 6, '2024-06-09', 'late', '2024-10-27 07:05:49', '2024-10-27 07:05:49'),
(2107, 19, 7, '2024-06-09', 'absent', '2024-10-27 07:05:49', '2024-10-27 07:05:49'),
(2108, 19, 8, '2024-06-09', 'absent', '2024-10-27 07:05:49', '2024-10-27 07:05:49'),
(2109, 19, 9, '2024-06-09', 'present', '2024-10-27 07:05:49', '2024-10-27 07:05:49'),
(2110, 19, 10, '2024-06-09', 'late', '2024-10-27 07:05:49', '2024-10-27 07:05:49'),
(2111, 19, 11, '2024-06-09', 'absent', '2024-10-27 07:05:49', '2024-10-27 07:05:49'),
(2112, 19, 12, '2024-06-09', 'absent', '2024-10-27 07:05:49', '2024-10-27 07:05:49'),
(2113, 19, 13, '2024-06-09', 'late', '2024-10-27 07:05:49', '2024-10-27 07:05:49'),
(2114, 19, 14, '2024-06-09', 'absent', '2024-10-27 07:05:49', '2024-10-27 07:05:49'),
(2115, 19, 15, '2024-06-09', 'absent', '2024-10-27 07:05:49', '2024-10-27 07:05:49'),
(2116, 19, 1, '2024-06-30', 'present', '2024-10-27 07:05:49', '2024-10-27 07:05:49'),
(2117, 19, 2, '2024-06-30', 'absent', '2024-10-27 07:05:49', '2024-10-27 07:05:49'),
(2118, 19, 3, '2024-06-30', 'late', '2024-10-27 07:05:49', '2024-10-27 07:05:49'),
(2119, 19, 4, '2024-06-30', 'present', '2024-10-27 07:05:49', '2024-10-27 07:05:49'),
(2120, 19, 5, '2024-06-30', 'late', '2024-10-27 07:05:49', '2024-10-27 07:05:49'),
(2121, 19, 6, '2024-06-30', 'absent', '2024-10-27 07:05:49', '2024-10-27 07:05:49'),
(2122, 19, 7, '2024-06-30', 'absent', '2024-10-27 07:05:49', '2024-10-27 07:05:49'),
(2123, 19, 8, '2024-06-30', 'absent', '2024-10-27 07:05:49', '2024-10-27 07:05:49'),
(2124, 19, 9, '2024-06-30', 'present', '2024-10-27 07:05:49', '2024-10-27 07:05:49'),
(2125, 19, 10, '2024-06-30', 'present', '2024-10-27 07:05:49', '2024-10-27 07:05:49'),
(2126, 19, 11, '2024-06-30', 'late', '2024-10-27 07:05:49', '2024-10-27 07:05:49'),
(2127, 19, 12, '2024-06-30', 'present', '2024-10-27 07:05:49', '2024-10-27 07:05:49'),
(2128, 19, 13, '2024-06-30', 'absent', '2024-10-27 07:05:49', '2024-10-27 07:05:49'),
(2129, 19, 14, '2024-06-30', 'absent', '2024-10-27 07:05:49', '2024-10-27 07:05:49'),
(2130, 19, 15, '2024-06-30', 'late', '2024-10-27 07:05:49', '2024-10-27 07:05:49'),
(2131, 19, 1, '2024-06-13', 'absent', '2024-10-27 07:05:49', '2024-10-27 07:05:49'),
(2132, 19, 2, '2024-06-13', 'absent', '2024-10-27 07:05:49', '2024-10-27 07:05:49'),
(2133, 19, 3, '2024-06-13', 'absent', '2024-10-27 07:05:49', '2024-10-27 07:05:49'),
(2134, 19, 4, '2024-06-13', 'absent', '2024-10-27 07:05:49', '2024-10-27 07:05:49'),
(2135, 19, 5, '2024-06-13', 'late', '2024-10-27 07:05:49', '2024-10-27 07:05:49'),
(2136, 19, 6, '2024-06-13', 'absent', '2024-10-27 07:05:49', '2024-10-27 07:05:49'),
(2137, 19, 7, '2024-06-13', 'present', '2024-10-27 07:05:49', '2024-10-27 07:05:49'),
(2138, 19, 8, '2024-06-13', 'absent', '2024-10-27 07:05:49', '2024-10-27 07:05:49'),
(2139, 19, 9, '2024-06-13', 'present', '2024-10-27 07:05:49', '2024-10-27 07:05:49'),
(2140, 19, 10, '2024-06-13', 'late', '2024-10-27 07:05:49', '2024-10-27 07:05:49'),
(2141, 19, 11, '2024-06-13', 'absent', '2024-10-27 07:05:49', '2024-10-27 07:05:49'),
(2142, 19, 12, '2024-06-13', 'late', '2024-10-27 07:05:49', '2024-10-27 07:05:49'),
(2143, 19, 13, '2024-06-13', 'absent', '2024-10-27 07:05:49', '2024-10-27 07:05:49'),
(2144, 19, 14, '2024-06-13', 'absent', '2024-10-27 07:05:49', '2024-10-27 07:05:49'),
(2145, 19, 15, '2024-06-13', 'present', '2024-10-27 07:05:49', '2024-10-27 07:05:49'),
(2146, 20, 1, '2024-07-26', 'absent', '2024-10-27 07:05:49', '2024-10-27 07:05:49'),
(2147, 20, 2, '2024-07-26', 'absent', '2024-10-27 07:05:49', '2024-10-27 07:05:49'),
(2148, 20, 3, '2024-07-26', 'absent', '2024-10-27 07:05:49', '2024-10-27 07:05:49'),
(2149, 20, 4, '2024-07-26', 'absent', '2024-10-27 07:05:49', '2024-10-27 07:05:49'),
(2150, 20, 5, '2024-07-26', 'present', '2024-10-27 07:05:49', '2024-10-27 07:05:49'),
(2151, 20, 6, '2024-07-26', 'late', '2024-10-27 07:05:49', '2024-10-27 07:05:49'),
(2152, 20, 7, '2024-07-26', 'late', '2024-10-27 07:05:49', '2024-10-27 07:05:49'),
(2153, 20, 8, '2024-07-26', 'late', '2024-10-27 07:05:49', '2024-10-27 07:05:49'),
(2154, 20, 9, '2024-07-26', 'present', '2024-10-27 07:05:49', '2024-10-27 07:05:49'),
(2155, 20, 10, '2024-07-26', 'absent', '2024-10-27 07:05:49', '2024-10-27 07:05:49'),
(2156, 20, 11, '2024-07-26', 'absent', '2024-10-27 07:05:49', '2024-10-27 07:05:49'),
(2157, 20, 12, '2024-07-26', 'absent', '2024-10-27 07:05:49', '2024-10-27 07:05:49'),
(2158, 20, 13, '2024-07-26', 'late', '2024-10-27 07:05:49', '2024-10-27 07:05:49'),
(2159, 20, 14, '2024-07-26', 'present', '2024-10-27 07:05:49', '2024-10-27 07:05:49'),
(2160, 20, 15, '2024-07-26', 'present', '2024-10-27 07:05:49', '2024-10-27 07:05:49'),
(2161, 20, 1, '2024-07-12', 'absent', '2024-10-27 07:05:49', '2024-10-27 07:05:49'),
(2162, 20, 2, '2024-07-12', 'late', '2024-10-27 07:05:49', '2024-10-27 07:05:49'),
(2163, 20, 3, '2024-07-12', 'present', '2024-10-27 07:05:49', '2024-10-27 07:05:49'),
(2164, 20, 4, '2024-07-12', 'absent', '2024-10-27 07:05:49', '2024-10-27 07:05:49'),
(2165, 20, 5, '2024-07-12', 'absent', '2024-10-27 07:05:49', '2024-10-27 07:05:49'),
(2166, 20, 6, '2024-07-12', 'absent', '2024-10-27 07:05:49', '2024-10-27 07:05:49'),
(2167, 20, 7, '2024-07-12', 'late', '2024-10-27 07:05:49', '2024-10-27 07:05:49'),
(2168, 20, 8, '2024-07-12', 'present', '2024-10-27 07:05:49', '2024-10-27 07:05:49'),
(2169, 20, 9, '2024-07-12', 'late', '2024-10-27 07:05:49', '2024-10-27 07:05:49'),
(2170, 20, 10, '2024-07-12', 'absent', '2024-10-27 07:05:49', '2024-10-27 07:05:49'),
(2171, 20, 11, '2024-07-12', 'absent', '2024-10-27 07:05:49', '2024-10-27 07:05:49'),
(2172, 20, 12, '2024-07-12', 'present', '2024-10-27 07:05:49', '2024-10-27 07:05:49'),
(2173, 20, 13, '2024-07-12', 'absent', '2024-10-27 07:05:49', '2024-10-27 07:05:49'),
(2174, 20, 14, '2024-07-12', 'absent', '2024-10-27 07:05:49', '2024-10-27 07:05:49'),
(2175, 20, 15, '2024-07-12', 'late', '2024-10-27 07:05:49', '2024-10-27 07:05:49'),
(2176, 20, 1, '2024-05-08', 'present', '2024-10-27 07:05:49', '2024-10-27 07:05:49'),
(2177, 20, 2, '2024-05-08', 'late', '2024-10-27 07:05:49', '2024-10-27 07:05:49'),
(2178, 20, 3, '2024-05-08', 'absent', '2024-10-27 07:05:49', '2024-10-27 07:05:49'),
(2179, 20, 4, '2024-05-08', 'absent', '2024-10-27 07:05:49', '2024-10-27 07:05:49'),
(2180, 20, 5, '2024-05-08', 'present', '2024-10-27 07:05:49', '2024-10-27 07:05:49'),
(2181, 20, 6, '2024-05-08', 'absent', '2024-10-27 07:05:49', '2024-10-27 07:05:49'),
(2182, 20, 7, '2024-05-08', 'present', '2024-10-27 07:05:49', '2024-10-27 07:05:49'),
(2183, 20, 8, '2024-05-08', 'present', '2024-10-27 07:05:49', '2024-10-27 07:05:49'),
(2184, 20, 9, '2024-05-08', 'absent', '2024-10-27 07:05:49', '2024-10-27 07:05:49'),
(2185, 20, 10, '2024-05-08', 'absent', '2024-10-27 07:05:49', '2024-10-27 07:05:49'),
(2186, 20, 11, '2024-05-08', 'late', '2024-10-27 07:05:49', '2024-10-27 07:05:49'),
(2187, 20, 12, '2024-05-08', 'absent', '2024-10-27 07:05:49', '2024-10-27 07:05:49'),
(2188, 20, 13, '2024-05-08', 'absent', '2024-10-27 07:05:49', '2024-10-27 07:05:49'),
(2189, 20, 14, '2024-05-08', 'present', '2024-10-27 07:05:49', '2024-10-27 07:05:49'),
(2190, 20, 15, '2024-05-08', 'late', '2024-10-27 07:05:49', '2024-10-27 07:05:49'),
(2191, 20, 1, '2024-06-10', 'absent', '2024-10-27 07:05:49', '2024-10-27 07:05:49'),
(2192, 20, 2, '2024-06-10', 'absent', '2024-10-27 07:05:49', '2024-10-27 07:05:49'),
(2193, 20, 3, '2024-06-10', 'present', '2024-10-27 07:05:49', '2024-10-27 07:05:49'),
(2194, 20, 4, '2024-06-10', 'late', '2024-10-27 07:05:49', '2024-10-27 07:05:49'),
(2195, 20, 5, '2024-06-10', 'late', '2024-10-27 07:05:49', '2024-10-27 07:05:49'),
(2196, 20, 6, '2024-06-10', 'late', '2024-10-27 07:05:49', '2024-10-27 07:05:49'),
(2197, 20, 7, '2024-06-10', 'absent', '2024-10-27 07:05:49', '2024-10-27 07:05:49'),
(2198, 20, 8, '2024-06-10', 'late', '2024-10-27 07:05:49', '2024-10-27 07:05:49'),
(2199, 20, 9, '2024-06-10', 'late', '2024-10-27 07:05:49', '2024-10-27 07:05:49'),
(2200, 20, 10, '2024-06-10', 'late', '2024-10-27 07:05:49', '2024-10-27 07:05:49'),
(2201, 20, 11, '2024-06-10', 'late', '2024-10-27 07:05:49', '2024-10-27 07:05:49'),
(2202, 20, 12, '2024-06-10', 'absent', '2024-10-27 07:05:49', '2024-10-27 07:05:49'),
(2203, 20, 13, '2024-06-10', 'absent', '2024-10-27 07:05:49', '2024-10-27 07:05:49'),
(2204, 20, 14, '2024-06-10', 'absent', '2024-10-27 07:05:49', '2024-10-27 07:05:49'),
(2205, 20, 15, '2024-06-10', 'present', '2024-10-27 07:05:49', '2024-10-27 07:05:49'),
(2206, 20, 1, '2024-07-25', 'late', '2024-10-27 07:05:49', '2024-10-27 07:05:49'),
(2207, 20, 2, '2024-07-25', 'absent', '2024-10-27 07:05:49', '2024-10-27 07:05:49'),
(2208, 20, 3, '2024-07-25', 'late', '2024-10-27 07:05:49', '2024-10-27 07:05:49'),
(2209, 20, 4, '2024-07-25', 'present', '2024-10-27 07:05:49', '2024-10-27 07:05:49'),
(2210, 20, 5, '2024-07-25', 'late', '2024-10-27 07:05:49', '2024-10-27 07:05:49'),
(2211, 20, 6, '2024-07-25', 'late', '2024-10-27 07:05:49', '2024-10-27 07:05:49'),
(2212, 20, 7, '2024-07-25', 'absent', '2024-10-27 07:05:49', '2024-10-27 07:05:49'),
(2213, 20, 8, '2024-07-25', 'late', '2024-10-27 07:05:49', '2024-10-27 07:05:49'),
(2214, 20, 9, '2024-07-25', 'late', '2024-10-27 07:05:49', '2024-10-27 07:05:49'),
(2215, 20, 10, '2024-07-25', 'late', '2024-10-27 07:05:49', '2024-10-27 07:05:49'),
(2216, 20, 11, '2024-07-25', 'present', '2024-10-27 07:05:49', '2024-10-27 07:05:49'),
(2217, 20, 12, '2024-07-25', 'late', '2024-10-27 07:05:49', '2024-10-27 07:05:49'),
(2218, 20, 13, '2024-07-25', 'absent', '2024-10-27 07:05:49', '2024-10-27 07:05:49'),
(2219, 20, 14, '2024-07-25', 'absent', '2024-10-27 07:05:49', '2024-10-27 07:05:49'),
(2220, 20, 15, '2024-07-25', 'absent', '2024-10-27 07:05:49', '2024-10-27 07:05:49'),
(2221, 20, 1, '2024-06-17', 'late', '2024-10-27 07:05:49', '2024-10-27 07:05:49'),
(2222, 20, 2, '2024-06-17', 'absent', '2024-10-27 07:05:49', '2024-10-27 07:05:49'),
(2223, 20, 3, '2024-06-17', 'present', '2024-10-27 07:05:49', '2024-10-27 07:05:49'),
(2224, 20, 4, '2024-06-17', 'present', '2024-10-27 07:05:49', '2024-10-27 07:05:49'),
(2225, 20, 5, '2024-06-17', 'late', '2024-10-27 07:05:49', '2024-10-27 07:05:49'),
(2226, 20, 6, '2024-06-17', 'absent', '2024-10-27 07:05:49', '2024-10-27 07:05:49'),
(2227, 20, 7, '2024-06-17', 'late', '2024-10-27 07:05:49', '2024-10-27 07:05:49'),
(2228, 20, 8, '2024-06-17', 'late', '2024-10-27 07:05:49', '2024-10-27 07:05:49'),
(2229, 20, 9, '2024-06-17', 'present', '2024-10-27 07:05:49', '2024-10-27 07:05:49'),
(2230, 20, 10, '2024-06-17', 'present', '2024-10-27 07:05:49', '2024-10-27 07:05:49'),
(2231, 20, 11, '2024-06-17', 'present', '2024-10-27 07:05:49', '2024-10-27 07:05:49'),
(2232, 20, 12, '2024-06-17', 'late', '2024-10-27 07:05:49', '2024-10-27 07:05:49'),
(2233, 20, 13, '2024-06-17', 'present', '2024-10-27 07:05:49', '2024-10-27 07:05:49'),
(2234, 20, 14, '2024-06-17', 'present', '2024-10-27 07:05:49', '2024-10-27 07:05:49'),
(2235, 20, 15, '2024-06-17', 'late', '2024-10-27 07:05:49', '2024-10-27 07:05:49'),
(2236, 21, 1, '2024-05-06', 'late', '2024-10-27 07:05:49', '2024-10-27 07:05:49'),
(2237, 21, 2, '2024-05-06', 'absent', '2024-10-27 07:05:49', '2024-10-27 07:05:49'),
(2238, 21, 3, '2024-05-06', 'present', '2024-10-27 07:05:49', '2024-10-27 07:05:49'),
(2239, 21, 4, '2024-05-06', 'present', '2024-10-27 07:05:49', '2024-10-27 07:05:49'),
(2240, 21, 5, '2024-05-06', 'late', '2024-10-27 07:05:49', '2024-10-27 07:05:49'),
(2241, 21, 6, '2024-05-06', 'absent', '2024-10-27 07:05:49', '2024-10-27 07:05:49'),
(2242, 21, 7, '2024-05-06', 'present', '2024-10-27 07:05:49', '2024-10-27 07:05:49'),
(2243, 21, 8, '2024-05-06', 'absent', '2024-10-27 07:05:49', '2024-10-27 07:05:49'),
(2244, 21, 9, '2024-05-06', 'present', '2024-10-27 07:05:49', '2024-10-27 07:05:49'),
(2245, 21, 10, '2024-05-06', 'absent', '2024-10-27 07:05:49', '2024-10-27 07:05:49'),
(2246, 21, 11, '2024-05-06', 'absent', '2024-10-27 07:05:49', '2024-10-27 07:05:49'),
(2247, 21, 12, '2024-05-06', 'late', '2024-10-27 07:05:49', '2024-10-27 07:05:49'),
(2248, 21, 13, '2024-05-06', 'late', '2024-10-27 07:05:49', '2024-10-27 07:05:49'),
(2249, 21, 14, '2024-05-06', 'present', '2024-10-27 07:05:49', '2024-10-27 07:05:49'),
(2250, 21, 15, '2024-05-06', 'absent', '2024-10-27 07:05:49', '2024-10-27 07:05:49'),
(2251, 21, 1, '2024-04-29', 'absent', '2024-10-27 07:05:49', '2024-10-27 07:05:49'),
(2252, 21, 2, '2024-04-29', 'late', '2024-10-27 07:05:49', '2024-10-27 07:05:49'),
(2253, 21, 3, '2024-04-29', 'late', '2024-10-27 07:05:49', '2024-10-27 07:05:49'),
(2254, 21, 4, '2024-04-29', 'present', '2024-10-27 07:05:49', '2024-10-27 07:05:49'),
(2255, 21, 5, '2024-04-29', 'present', '2024-10-27 07:05:49', '2024-10-27 07:05:49'),
(2256, 21, 6, '2024-04-29', 'absent', '2024-10-27 07:05:49', '2024-10-27 07:05:49'),
(2257, 21, 7, '2024-04-29', 'absent', '2024-10-27 07:05:49', '2024-10-27 07:05:49'),
(2258, 21, 8, '2024-04-29', 'absent', '2024-10-27 07:05:49', '2024-10-27 07:05:49'),
(2259, 21, 9, '2024-04-29', 'absent', '2024-10-27 07:05:49', '2024-10-27 07:05:49'),
(2260, 21, 10, '2024-04-29', 'absent', '2024-10-27 07:05:49', '2024-10-27 07:05:49'),
(2261, 21, 11, '2024-04-29', 'absent', '2024-10-27 07:05:49', '2024-10-27 07:05:49'),
(2262, 21, 12, '2024-04-29', 'absent', '2024-10-27 07:05:49', '2024-10-27 07:05:49'),
(2263, 21, 13, '2024-04-29', 'absent', '2024-10-27 07:05:49', '2024-10-27 07:05:49'),
(2264, 21, 14, '2024-04-29', 'absent', '2024-10-27 07:05:49', '2024-10-27 07:05:49'),
(2265, 21, 15, '2024-04-29', 'late', '2024-10-27 07:05:49', '2024-10-27 07:05:49'),
(2266, 21, 1, '2024-04-26', 'present', '2024-10-27 07:05:49', '2024-10-27 07:05:49'),
(2267, 21, 2, '2024-04-26', 'present', '2024-10-27 07:05:49', '2024-10-27 07:05:49'),
(2268, 21, 3, '2024-04-26', 'absent', '2024-10-27 07:05:49', '2024-10-27 07:05:49'),
(2269, 21, 4, '2024-04-26', 'late', '2024-10-27 07:05:49', '2024-10-27 07:05:49'),
(2270, 21, 5, '2024-04-26', 'absent', '2024-10-27 07:05:49', '2024-10-27 07:05:49'),
(2271, 21, 6, '2024-04-26', 'late', '2024-10-27 07:05:49', '2024-10-27 07:05:49'),
(2272, 21, 7, '2024-04-26', 'present', '2024-10-27 07:05:49', '2024-10-27 07:05:49'),
(2273, 21, 8, '2024-04-26', 'present', '2024-10-27 07:05:49', '2024-10-27 07:05:49'),
(2274, 21, 9, '2024-04-26', 'absent', '2024-10-27 07:05:49', '2024-10-27 07:05:49'),
(2275, 21, 10, '2024-04-26', 'present', '2024-10-27 07:05:49', '2024-10-27 07:05:49'),
(2276, 21, 11, '2024-04-26', 'late', '2024-10-27 07:05:49', '2024-10-27 07:05:49'),
(2277, 21, 12, '2024-04-26', 'late', '2024-10-27 07:05:49', '2024-10-27 07:05:49'),
(2278, 21, 13, '2024-04-26', 'present', '2024-10-27 07:05:49', '2024-10-27 07:05:49'),
(2279, 21, 14, '2024-04-26', 'present', '2024-10-27 07:05:49', '2024-10-27 07:05:49'),
(2280, 21, 15, '2024-04-26', 'present', '2024-10-27 07:05:49', '2024-10-27 07:05:49'),
(2281, 21, 1, '2024-05-02', 'present', '2024-10-27 07:05:49', '2024-10-27 07:05:49'),
(2282, 21, 2, '2024-05-02', 'late', '2024-10-27 07:05:49', '2024-10-27 07:05:49'),
(2283, 21, 3, '2024-05-02', 'late', '2024-10-27 07:05:49', '2024-10-27 07:05:49'),
(2284, 21, 4, '2024-05-02', 'absent', '2024-10-27 07:05:49', '2024-10-27 07:05:49'),
(2285, 21, 5, '2024-05-02', 'absent', '2024-10-27 07:05:49', '2024-10-27 07:05:49'),
(2286, 21, 6, '2024-05-02', 'present', '2024-10-27 07:05:49', '2024-10-27 07:05:49'),
(2287, 21, 7, '2024-05-02', 'late', '2024-10-27 07:05:49', '2024-10-27 07:05:49'),
(2288, 21, 8, '2024-05-02', 'absent', '2024-10-27 07:05:49', '2024-10-27 07:05:49'),
(2289, 21, 9, '2024-05-02', 'present', '2024-10-27 07:05:49', '2024-10-27 07:05:49'),
(2290, 21, 10, '2024-05-02', 'absent', '2024-10-27 07:05:49', '2024-10-27 07:05:49'),
(2291, 21, 11, '2024-05-02', 'late', '2024-10-27 07:05:49', '2024-10-27 07:05:49'),
(2292, 21, 12, '2024-05-02', 'absent', '2024-10-27 07:05:49', '2024-10-27 07:05:49'),
(2293, 21, 13, '2024-05-02', 'late', '2024-10-27 07:05:49', '2024-10-27 07:05:49'),
(2294, 21, 14, '2024-05-02', 'late', '2024-10-27 07:05:49', '2024-10-27 07:05:49'),
(2295, 21, 15, '2024-05-02', 'late', '2024-10-27 07:05:49', '2024-10-27 07:05:49'),
(2296, 21, 1, '2024-06-23', 'late', '2024-10-27 07:05:49', '2024-10-27 07:05:49'),
(2297, 21, 2, '2024-06-23', 'present', '2024-10-27 07:05:49', '2024-10-27 07:05:49'),
(2298, 21, 3, '2024-06-23', 'present', '2024-10-27 07:05:49', '2024-10-27 07:05:49'),
(2299, 21, 4, '2024-06-23', 'present', '2024-10-27 07:05:49', '2024-10-27 07:05:49'),
(2300, 21, 5, '2024-06-23', 'present', '2024-10-27 07:05:49', '2024-10-27 07:05:49'),
(2301, 21, 6, '2024-06-23', 'present', '2024-10-27 07:05:49', '2024-10-27 07:05:49'),
(2302, 21, 7, '2024-06-23', 'absent', '2024-10-27 07:05:49', '2024-10-27 07:05:49'),
(2303, 21, 8, '2024-06-23', 'absent', '2024-10-27 07:05:49', '2024-10-27 07:05:49'),
(2304, 21, 9, '2024-06-23', 'late', '2024-10-27 07:05:49', '2024-10-27 07:05:49'),
(2305, 21, 10, '2024-06-23', 'absent', '2024-10-27 07:05:49', '2024-10-27 07:05:49'),
(2306, 21, 11, '2024-06-23', 'late', '2024-10-27 07:05:49', '2024-10-27 07:05:49'),
(2307, 21, 12, '2024-06-23', 'absent', '2024-10-27 07:05:49', '2024-10-27 07:05:49'),
(2308, 21, 13, '2024-06-23', 'absent', '2024-10-27 07:05:49', '2024-10-27 07:05:49'),
(2309, 21, 14, '2024-06-23', 'absent', '2024-10-27 07:05:49', '2024-10-27 07:05:49'),
(2310, 21, 15, '2024-06-23', 'present', '2024-10-27 07:05:49', '2024-10-27 07:05:49'),
(2311, 21, 1, '2024-06-16', 'present', '2024-10-27 07:05:49', '2024-10-27 07:05:49'),
(2312, 21, 2, '2024-06-16', 'absent', '2024-10-27 07:05:49', '2024-10-27 07:05:49'),
(2313, 21, 3, '2024-06-16', 'late', '2024-10-27 07:05:49', '2024-10-27 07:05:49'),
(2314, 21, 4, '2024-06-16', 'absent', '2024-10-27 07:05:49', '2024-10-27 07:05:49'),
(2315, 21, 5, '2024-06-16', 'late', '2024-10-27 07:05:49', '2024-10-27 07:05:49'),
(2316, 21, 6, '2024-06-16', 'absent', '2024-10-27 07:05:49', '2024-10-27 07:05:49'),
(2317, 21, 7, '2024-06-16', 'absent', '2024-10-27 07:05:49', '2024-10-27 07:05:49'),
(2318, 21, 8, '2024-06-16', 'late', '2024-10-27 07:05:49', '2024-10-27 07:05:49'),
(2319, 21, 9, '2024-06-16', 'late', '2024-10-27 07:05:49', '2024-10-27 07:05:49'),
(2320, 21, 10, '2024-06-16', 'absent', '2024-10-27 07:05:49', '2024-10-27 07:05:49'),
(2321, 21, 11, '2024-06-16', 'present', '2024-10-27 07:05:49', '2024-10-27 07:05:49'),
(2322, 21, 12, '2024-06-16', 'late', '2024-10-27 07:05:49', '2024-10-27 07:05:49'),
(2323, 21, 13, '2024-06-16', 'late', '2024-10-27 07:05:49', '2024-10-27 07:05:49'),
(2324, 21, 14, '2024-06-16', 'absent', '2024-10-27 07:05:49', '2024-10-27 07:05:49'),
(2325, 21, 15, '2024-06-16', 'absent', '2024-10-27 07:05:49', '2024-10-27 07:05:49'),
(2326, 21, 1, '2024-05-30', 'absent', '2024-10-27 07:05:49', '2024-10-27 07:05:49'),
(2327, 21, 2, '2024-05-30', 'present', '2024-10-27 07:05:49', '2024-10-27 07:05:49'),
(2328, 21, 3, '2024-05-30', 'late', '2024-10-27 07:05:49', '2024-10-27 07:05:49'),
(2329, 21, 4, '2024-05-30', 'late', '2024-10-27 07:05:49', '2024-10-27 07:05:49'),
(2330, 21, 5, '2024-05-30', 'absent', '2024-10-27 07:05:49', '2024-10-27 07:05:49'),
(2331, 21, 6, '2024-05-30', 'present', '2024-10-27 07:05:49', '2024-10-27 07:05:49'),
(2332, 21, 7, '2024-05-30', 'absent', '2024-10-27 07:05:49', '2024-10-27 07:05:49'),
(2333, 21, 8, '2024-05-30', 'absent', '2024-10-27 07:05:49', '2024-10-27 07:05:49'),
(2334, 21, 9, '2024-05-30', 'absent', '2024-10-27 07:05:49', '2024-10-27 07:05:49'),
(2335, 21, 10, '2024-05-30', 'present', '2024-10-27 07:05:49', '2024-10-27 07:05:49'),
(2336, 21, 11, '2024-05-30', 'present', '2024-10-27 07:05:49', '2024-10-27 07:05:49'),
(2337, 21, 12, '2024-05-30', 'present', '2024-10-27 07:05:49', '2024-10-27 07:05:49'),
(2338, 21, 13, '2024-05-30', 'absent', '2024-10-27 07:05:49', '2024-10-27 07:05:49'),
(2339, 21, 14, '2024-05-30', 'present', '2024-10-27 07:05:49', '2024-10-27 07:05:49'),
(2340, 21, 15, '2024-05-30', 'late', '2024-10-27 07:05:49', '2024-10-27 07:05:49'),
(2341, 21, 1, '2024-05-10', 'present', '2024-10-27 07:05:49', '2024-10-27 07:05:49'),
(2342, 21, 2, '2024-05-10', 'absent', '2024-10-27 07:05:49', '2024-10-27 07:05:49'),
(2343, 21, 3, '2024-05-10', 'present', '2024-10-27 07:05:49', '2024-10-27 07:05:49'),
(2344, 21, 4, '2024-05-10', 'present', '2024-10-27 07:05:49', '2024-10-27 07:05:49'),
(2345, 21, 5, '2024-05-10', 'late', '2024-10-27 07:05:49', '2024-10-27 07:05:49'),
(2346, 21, 6, '2024-05-10', 'absent', '2024-10-27 07:05:49', '2024-10-27 07:05:49'),
(2347, 21, 7, '2024-05-10', 'absent', '2024-10-27 07:05:49', '2024-10-27 07:05:49'),
(2348, 21, 8, '2024-05-10', 'present', '2024-10-27 07:05:49', '2024-10-27 07:05:49'),
(2349, 21, 9, '2024-05-10', 'absent', '2024-10-27 07:05:49', '2024-10-27 07:05:49'),
(2350, 21, 10, '2024-05-10', 'absent', '2024-10-27 07:05:49', '2024-10-27 07:05:49'),
(2351, 21, 11, '2024-05-10', 'present', '2024-10-27 07:05:49', '2024-10-27 07:05:49'),
(2352, 21, 12, '2024-05-10', 'absent', '2024-10-27 07:05:49', '2024-10-27 07:05:49'),
(2353, 21, 13, '2024-05-10', 'absent', '2024-10-27 07:05:49', '2024-10-27 07:05:49'),
(2354, 21, 14, '2024-05-10', 'absent', '2024-10-27 07:05:49', '2024-10-27 07:05:49'),
(2355, 21, 15, '2024-05-10', 'late', '2024-10-27 07:05:49', '2024-10-27 07:05:49'),
(2356, 21, 1, '2024-06-17', 'present', '2024-10-27 07:05:49', '2024-10-27 07:05:49'),
(2357, 21, 2, '2024-06-17', 'absent', '2024-10-27 07:05:49', '2024-10-27 07:05:49'),
(2358, 21, 3, '2024-06-17', 'present', '2024-10-27 07:05:49', '2024-10-27 07:05:49'),
(2359, 21, 4, '2024-06-17', 'late', '2024-10-27 07:05:49', '2024-10-27 07:05:49'),
(2360, 21, 5, '2024-06-17', 'late', '2024-10-27 07:05:49', '2024-10-27 07:05:49'),
(2361, 21, 6, '2024-06-17', 'absent', '2024-10-27 07:05:49', '2024-10-27 07:05:49'),
(2362, 21, 7, '2024-06-17', 'present', '2024-10-27 07:05:49', '2024-10-27 07:05:49'),
(2363, 21, 8, '2024-06-17', 'absent', '2024-10-27 07:05:49', '2024-10-27 07:05:49'),
(2364, 21, 9, '2024-06-17', 'present', '2024-10-27 07:05:49', '2024-10-27 07:05:49'),
(2365, 21, 10, '2024-06-17', 'absent', '2024-10-27 07:05:49', '2024-10-27 07:05:49'),
(2366, 21, 11, '2024-06-17', 'absent', '2024-10-27 07:05:49', '2024-10-27 07:05:49'),
(2367, 21, 12, '2024-06-17', 'present', '2024-10-27 07:05:49', '2024-10-27 07:05:49'),
(2368, 21, 13, '2024-06-17', 'late', '2024-10-27 07:05:49', '2024-10-27 07:05:49'),
(2369, 21, 14, '2024-06-17', 'absent', '2024-10-27 07:05:49', '2024-10-27 07:05:49'),
(2370, 21, 15, '2024-06-17', 'late', '2024-10-27 07:05:49', '2024-10-27 07:05:49'),
(2371, 21, 1, '2024-06-30', 'late', '2024-10-27 07:05:49', '2024-10-27 07:05:49'),
(2372, 21, 2, '2024-06-30', 'late', '2024-10-27 07:05:49', '2024-10-27 07:05:49'),
(2373, 21, 3, '2024-06-30', 'late', '2024-10-27 07:05:49', '2024-10-27 07:05:49'),
(2374, 21, 4, '2024-06-30', 'absent', '2024-10-27 07:05:49', '2024-10-27 07:05:49'),
(2375, 21, 5, '2024-06-30', 'late', '2024-10-27 07:05:49', '2024-10-27 07:05:49'),
(2376, 21, 6, '2024-06-30', 'late', '2024-10-27 07:05:49', '2024-10-27 07:05:49'),
(2377, 21, 7, '2024-06-30', 'present', '2024-10-27 07:05:49', '2024-10-27 07:05:49'),
(2378, 21, 8, '2024-06-30', 'absent', '2024-10-27 07:05:49', '2024-10-27 07:05:49'),
(2379, 21, 9, '2024-06-30', 'absent', '2024-10-27 07:05:49', '2024-10-27 07:05:49'),
(2380, 21, 10, '2024-06-30', 'absent', '2024-10-27 07:05:49', '2024-10-27 07:05:49'),
(2381, 21, 11, '2024-06-30', 'late', '2024-10-27 07:05:49', '2024-10-27 07:05:49'),
(2382, 21, 12, '2024-06-30', 'late', '2024-10-27 07:05:49', '2024-10-27 07:05:49'),
(2383, 21, 13, '2024-06-30', 'present', '2024-10-27 07:05:50', '2024-10-27 07:05:50'),
(2384, 21, 14, '2024-06-30', 'absent', '2024-10-27 07:05:50', '2024-10-27 07:05:50'),
(2385, 21, 15, '2024-06-30', 'absent', '2024-10-27 07:05:50', '2024-10-27 07:05:50'),
(2386, 22, 1, '2024-07-02', 'late', '2024-10-27 07:05:50', '2024-10-27 07:05:50'),
(2387, 22, 2, '2024-07-02', 'absent', '2024-10-27 07:05:50', '2024-10-27 07:05:50'),
(2388, 22, 3, '2024-07-02', 'present', '2024-10-27 07:05:50', '2024-10-27 07:05:50'),
(2389, 22, 4, '2024-07-02', 'late', '2024-10-27 07:05:50', '2024-10-27 07:05:50'),
(2390, 22, 5, '2024-07-02', 'present', '2024-10-27 07:05:50', '2024-10-27 07:05:50'),
(2391, 22, 6, '2024-07-02', 'late', '2024-10-27 07:05:50', '2024-10-27 07:05:50'),
(2392, 22, 7, '2024-07-02', 'present', '2024-10-27 07:05:50', '2024-10-27 07:05:50'),
(2393, 22, 8, '2024-07-02', 'absent', '2024-10-27 07:05:50', '2024-10-27 07:05:50'),
(2394, 22, 9, '2024-07-02', 'absent', '2024-10-27 07:05:50', '2024-10-27 07:05:50'),
(2395, 22, 10, '2024-07-02', 'present', '2024-10-27 07:05:50', '2024-10-27 07:05:50'),
(2396, 22, 11, '2024-07-02', 'absent', '2024-10-27 07:05:50', '2024-10-27 07:05:50'),
(2397, 22, 12, '2024-07-02', 'present', '2024-10-27 07:05:50', '2024-10-27 07:05:50'),
(2398, 22, 13, '2024-07-02', 'late', '2024-10-27 07:05:50', '2024-10-27 07:05:50'),
(2399, 22, 14, '2024-07-02', 'late', '2024-10-27 07:05:50', '2024-10-27 07:05:50'),
(2400, 22, 15, '2024-07-02', 'present', '2024-10-27 07:05:50', '2024-10-27 07:05:50'),
(2401, 22, 1, '2024-05-15', 'present', '2024-10-27 07:05:50', '2024-10-27 07:05:50'),
(2402, 22, 2, '2024-05-15', 'absent', '2024-10-27 07:05:50', '2024-10-27 07:05:50'),
(2403, 22, 3, '2024-05-15', 'late', '2024-10-27 07:05:50', '2024-10-27 07:05:50'),
(2404, 22, 4, '2024-05-15', 'late', '2024-10-27 07:05:50', '2024-10-27 07:05:50'),
(2405, 22, 5, '2024-05-15', 'late', '2024-10-27 07:05:50', '2024-10-27 07:05:50'),
(2406, 22, 6, '2024-05-15', 'present', '2024-10-27 07:05:50', '2024-10-27 07:05:50'),
(2407, 22, 7, '2024-05-15', 'present', '2024-10-27 07:05:50', '2024-10-27 07:05:50'),
(2408, 22, 8, '2024-05-15', 'late', '2024-10-27 07:05:50', '2024-10-27 07:05:50'),
(2409, 22, 9, '2024-05-15', 'absent', '2024-10-27 07:05:50', '2024-10-27 07:05:50'),
(2410, 22, 10, '2024-05-15', 'present', '2024-10-27 07:05:50', '2024-10-27 07:05:50'),
(2411, 22, 11, '2024-05-15', 'absent', '2024-10-27 07:05:50', '2024-10-27 07:05:50'),
(2412, 22, 12, '2024-05-15', 'late', '2024-10-27 07:05:50', '2024-10-27 07:05:50'),
(2413, 22, 13, '2024-05-15', 'absent', '2024-10-27 07:05:50', '2024-10-27 07:05:50'),
(2414, 22, 14, '2024-05-15', 'present', '2024-10-27 07:05:50', '2024-10-27 07:05:50'),
(2415, 22, 15, '2024-05-15', 'absent', '2024-10-27 07:05:50', '2024-10-27 07:05:50'),
(2416, 22, 1, '2024-07-17', 'present', '2024-10-27 07:05:50', '2024-10-27 07:05:50'),
(2417, 22, 2, '2024-07-17', 'present', '2024-10-27 07:05:50', '2024-10-27 07:05:50'),
(2418, 22, 3, '2024-07-17', 'present', '2024-10-27 07:05:50', '2024-10-27 07:05:50'),
(2419, 22, 4, '2024-07-17', 'present', '2024-10-27 07:05:50', '2024-10-27 07:05:50'),
(2420, 22, 5, '2024-07-17', 'late', '2024-10-27 07:05:50', '2024-10-27 07:05:50'),
(2421, 22, 6, '2024-07-17', 'absent', '2024-10-27 07:05:50', '2024-10-27 07:05:50'),
(2422, 22, 7, '2024-07-17', 'absent', '2024-10-27 07:05:50', '2024-10-27 07:05:50'),
(2423, 22, 8, '2024-07-17', 'late', '2024-10-27 07:05:50', '2024-10-27 07:05:50'),
(2424, 22, 9, '2024-07-17', 'late', '2024-10-27 07:05:50', '2024-10-27 07:05:50'),
(2425, 22, 10, '2024-07-17', 'present', '2024-10-27 07:05:50', '2024-10-27 07:05:50');
INSERT INTO `attendance` (`id`, `user_id`, `course_id`, `attendance_date`, `status`, `created_at`, `updated_at`) VALUES
(2426, 22, 11, '2024-07-17', 'absent', '2024-10-27 07:05:50', '2024-10-27 07:05:50'),
(2427, 22, 12, '2024-07-17', 'present', '2024-10-27 07:05:50', '2024-10-27 07:05:50'),
(2428, 22, 13, '2024-07-17', 'late', '2024-10-27 07:05:50', '2024-10-27 07:05:50'),
(2429, 22, 14, '2024-07-17', 'absent', '2024-10-27 07:05:50', '2024-10-27 07:05:50'),
(2430, 22, 15, '2024-07-17', 'absent', '2024-10-27 07:05:50', '2024-10-27 07:05:50'),
(2431, 22, 1, '2024-04-27', 'present', '2024-10-27 07:05:50', '2024-10-27 07:05:50'),
(2432, 22, 2, '2024-04-27', 'late', '2024-10-27 07:05:50', '2024-10-27 07:05:50'),
(2433, 22, 3, '2024-04-27', 'late', '2024-10-27 07:05:50', '2024-10-27 07:05:50'),
(2434, 22, 4, '2024-04-27', 'absent', '2024-10-27 07:05:50', '2024-10-27 07:05:50'),
(2435, 22, 5, '2024-04-27', 'late', '2024-10-27 07:05:50', '2024-10-27 07:05:50'),
(2436, 22, 6, '2024-04-27', 'present', '2024-10-27 07:05:50', '2024-10-27 07:05:50'),
(2437, 22, 7, '2024-04-27', 'late', '2024-10-27 07:05:50', '2024-10-27 07:05:50'),
(2438, 22, 8, '2024-04-27', 'absent', '2024-10-27 07:05:50', '2024-10-27 07:05:50'),
(2439, 22, 9, '2024-04-27', 'late', '2024-10-27 07:05:50', '2024-10-27 07:05:50'),
(2440, 22, 10, '2024-04-27', 'late', '2024-10-27 07:05:50', '2024-10-27 07:05:50'),
(2441, 22, 11, '2024-04-27', 'absent', '2024-10-27 07:05:50', '2024-10-27 07:05:50'),
(2442, 22, 12, '2024-04-27', 'late', '2024-10-27 07:05:50', '2024-10-27 07:05:50'),
(2443, 22, 13, '2024-04-27', 'present', '2024-10-27 07:05:50', '2024-10-27 07:05:50'),
(2444, 22, 14, '2024-04-27', 'present', '2024-10-27 07:05:50', '2024-10-27 07:05:50'),
(2445, 22, 15, '2024-04-27', 'late', '2024-10-27 07:05:50', '2024-10-27 07:05:50'),
(2446, 22, 1, '2024-06-21', 'absent', '2024-10-27 07:05:50', '2024-10-27 07:05:50'),
(2447, 22, 2, '2024-06-21', 'present', '2024-10-27 07:05:50', '2024-10-27 07:05:50'),
(2448, 22, 3, '2024-06-21', 'present', '2024-10-27 07:05:50', '2024-10-27 07:05:50'),
(2449, 22, 4, '2024-06-21', 'late', '2024-10-27 07:05:50', '2024-10-27 07:05:50'),
(2450, 22, 5, '2024-06-21', 'present', '2024-10-27 07:05:50', '2024-10-27 07:05:50'),
(2451, 22, 6, '2024-06-21', 'present', '2024-10-27 07:05:50', '2024-10-27 07:05:50'),
(2452, 22, 7, '2024-06-21', 'absent', '2024-10-27 07:05:50', '2024-10-27 07:05:50'),
(2453, 22, 8, '2024-06-21', 'absent', '2024-10-27 07:05:50', '2024-10-27 07:05:50'),
(2454, 22, 9, '2024-06-21', 'absent', '2024-10-27 07:05:50', '2024-10-27 07:05:50'),
(2455, 22, 10, '2024-06-21', 'late', '2024-10-27 07:05:50', '2024-10-27 07:05:50'),
(2456, 22, 11, '2024-06-21', 'absent', '2024-10-27 07:05:50', '2024-10-27 07:05:50'),
(2457, 22, 12, '2024-06-21', 'late', '2024-10-27 07:05:50', '2024-10-27 07:05:50'),
(2458, 22, 13, '2024-06-21', 'late', '2024-10-27 07:05:50', '2024-10-27 07:05:50'),
(2459, 22, 14, '2024-06-21', 'late', '2024-10-27 07:05:50', '2024-10-27 07:05:50'),
(2460, 22, 15, '2024-06-21', 'present', '2024-10-27 07:05:50', '2024-10-27 07:05:50'),
(2461, 23, 1, '2024-07-27', 'present', '2024-10-27 07:05:50', '2024-10-27 07:05:50'),
(2462, 23, 2, '2024-07-27', 'present', '2024-10-27 07:05:50', '2024-10-27 07:05:50'),
(2463, 23, 3, '2024-07-27', 'late', '2024-10-27 07:05:50', '2024-10-27 07:05:50'),
(2464, 23, 4, '2024-07-27', 'present', '2024-10-27 07:05:50', '2024-10-27 07:05:50'),
(2465, 23, 5, '2024-07-27', 'present', '2024-10-27 07:05:50', '2024-10-27 07:05:50'),
(2466, 23, 6, '2024-07-27', 'late', '2024-10-27 07:05:50', '2024-10-27 07:05:50'),
(2467, 23, 7, '2024-07-27', 'absent', '2024-10-27 07:05:50', '2024-10-27 07:05:50'),
(2468, 23, 8, '2024-07-27', 'present', '2024-10-27 07:05:50', '2024-10-27 07:05:50'),
(2469, 23, 9, '2024-07-27', 'present', '2024-10-27 07:05:50', '2024-10-27 07:05:50'),
(2470, 23, 10, '2024-07-27', 'absent', '2024-10-27 07:05:50', '2024-10-27 07:05:50'),
(2471, 23, 11, '2024-07-27', 'late', '2024-10-27 07:05:50', '2024-10-27 07:05:50'),
(2472, 23, 12, '2024-07-27', 'present', '2024-10-27 07:05:50', '2024-10-27 07:05:50'),
(2473, 23, 13, '2024-07-27', 'late', '2024-10-27 07:05:50', '2024-10-27 07:05:50'),
(2474, 23, 14, '2024-07-27', 'late', '2024-10-27 07:05:50', '2024-10-27 07:05:50'),
(2475, 23, 15, '2024-07-27', 'late', '2024-10-27 07:05:50', '2024-10-27 07:05:50'),
(2476, 23, 1, '2024-07-06', 'present', '2024-10-27 07:05:50', '2024-10-27 07:05:50'),
(2477, 23, 2, '2024-07-06', 'late', '2024-10-27 07:05:50', '2024-10-27 07:05:50'),
(2478, 23, 3, '2024-07-06', 'late', '2024-10-27 07:05:50', '2024-10-27 07:05:50'),
(2479, 23, 4, '2024-07-06', 'late', '2024-10-27 07:05:50', '2024-10-27 07:05:50'),
(2480, 23, 5, '2024-07-06', 'absent', '2024-10-27 07:05:50', '2024-10-27 07:05:50'),
(2481, 23, 6, '2024-07-06', 'present', '2024-10-27 07:05:50', '2024-10-27 07:05:50'),
(2482, 23, 7, '2024-07-06', 'present', '2024-10-27 07:05:50', '2024-10-27 07:05:50'),
(2483, 23, 8, '2024-07-06', 'present', '2024-10-27 07:05:50', '2024-10-27 07:05:50'),
(2484, 23, 9, '2024-07-06', 'late', '2024-10-27 07:05:50', '2024-10-27 07:05:50'),
(2485, 23, 10, '2024-07-06', 'present', '2024-10-27 07:05:50', '2024-10-27 07:05:50'),
(2486, 23, 11, '2024-07-06', 'late', '2024-10-27 07:05:50', '2024-10-27 07:05:50'),
(2487, 23, 12, '2024-07-06', 'absent', '2024-10-27 07:05:50', '2024-10-27 07:05:50'),
(2488, 23, 13, '2024-07-06', 'absent', '2024-10-27 07:05:50', '2024-10-27 07:05:50'),
(2489, 23, 14, '2024-07-06', 'absent', '2024-10-27 07:05:50', '2024-10-27 07:05:50'),
(2490, 23, 15, '2024-07-06', 'late', '2024-10-27 07:05:50', '2024-10-27 07:05:50'),
(2491, 23, 1, '2024-06-17', 'late', '2024-10-27 07:05:50', '2024-10-27 07:05:50'),
(2492, 23, 2, '2024-06-17', 'late', '2024-10-27 07:05:50', '2024-10-27 07:05:50'),
(2493, 23, 3, '2024-06-17', 'late', '2024-10-27 07:05:50', '2024-10-27 07:05:50'),
(2494, 23, 4, '2024-06-17', 'late', '2024-10-27 07:05:50', '2024-10-27 07:05:50'),
(2495, 23, 5, '2024-06-17', 'absent', '2024-10-27 07:05:50', '2024-10-27 07:05:50'),
(2496, 23, 6, '2024-06-17', 'absent', '2024-10-27 07:05:50', '2024-10-27 07:05:50'),
(2497, 23, 7, '2024-06-17', 'present', '2024-10-27 07:05:50', '2024-10-27 07:05:50'),
(2498, 23, 8, '2024-06-17', 'present', '2024-10-27 07:05:50', '2024-10-27 07:05:50'),
(2499, 23, 9, '2024-06-17', 'absent', '2024-10-27 07:05:50', '2024-10-27 07:05:50'),
(2500, 23, 10, '2024-06-17', 'absent', '2024-10-27 07:05:50', '2024-10-27 07:05:50'),
(2501, 23, 11, '2024-06-17', 'late', '2024-10-27 07:05:50', '2024-10-27 07:05:50'),
(2502, 23, 12, '2024-06-17', 'late', '2024-10-27 07:05:50', '2024-10-27 07:05:50'),
(2503, 23, 13, '2024-06-17', 'absent', '2024-10-27 07:05:50', '2024-10-27 07:05:50'),
(2504, 23, 14, '2024-06-17', 'late', '2024-10-27 07:05:50', '2024-10-27 07:05:50'),
(2505, 23, 15, '2024-06-17', 'present', '2024-10-27 07:05:50', '2024-10-27 07:05:50'),
(2506, 23, 1, '2024-04-26', 'late', '2024-10-27 07:05:50', '2024-10-27 07:05:50'),
(2507, 23, 2, '2024-04-26', 'absent', '2024-10-27 07:05:50', '2024-10-27 07:05:50'),
(2508, 23, 3, '2024-04-26', 'absent', '2024-10-27 07:05:50', '2024-10-27 07:05:50'),
(2509, 23, 4, '2024-04-26', 'absent', '2024-10-27 07:05:50', '2024-10-27 07:05:50'),
(2510, 23, 5, '2024-04-26', 'late', '2024-10-27 07:05:50', '2024-10-27 07:05:50'),
(2511, 23, 6, '2024-04-26', 'late', '2024-10-27 07:05:50', '2024-10-27 07:05:50'),
(2512, 23, 7, '2024-04-26', 'present', '2024-10-27 07:05:50', '2024-10-27 07:05:50'),
(2513, 23, 8, '2024-04-26', 'present', '2024-10-27 07:05:50', '2024-10-27 07:05:50'),
(2514, 23, 9, '2024-04-26', 'late', '2024-10-27 07:05:50', '2024-10-27 07:05:50'),
(2515, 23, 10, '2024-04-26', 'absent', '2024-10-27 07:05:50', '2024-10-27 07:05:50'),
(2516, 23, 11, '2024-04-26', 'present', '2024-10-27 07:05:50', '2024-10-27 07:05:50'),
(2517, 23, 12, '2024-04-26', 'late', '2024-10-27 07:05:50', '2024-10-27 07:05:50'),
(2518, 23, 13, '2024-04-26', 'absent', '2024-10-27 07:05:50', '2024-10-27 07:05:50'),
(2519, 23, 14, '2024-04-26', 'absent', '2024-10-27 07:05:50', '2024-10-27 07:05:50'),
(2520, 23, 15, '2024-04-26', 'late', '2024-10-27 07:05:50', '2024-10-27 07:05:50'),
(2521, 23, 1, '2024-07-22', 'late', '2024-10-27 07:05:50', '2024-10-27 07:05:50'),
(2522, 23, 2, '2024-07-22', 'absent', '2024-10-27 07:05:50', '2024-10-27 07:05:50'),
(2523, 23, 3, '2024-07-22', 'absent', '2024-10-27 07:05:50', '2024-10-27 07:05:50'),
(2524, 23, 4, '2024-07-22', 'late', '2024-10-27 07:05:50', '2024-10-27 07:05:50'),
(2525, 23, 5, '2024-07-22', 'present', '2024-10-27 07:05:50', '2024-10-27 07:05:50'),
(2526, 23, 6, '2024-07-22', 'late', '2024-10-27 07:05:50', '2024-10-27 07:05:50'),
(2527, 23, 7, '2024-07-22', 'present', '2024-10-27 07:05:50', '2024-10-27 07:05:50'),
(2528, 23, 8, '2024-07-22', 'late', '2024-10-27 07:05:50', '2024-10-27 07:05:50'),
(2529, 23, 9, '2024-07-22', 'absent', '2024-10-27 07:05:50', '2024-10-27 07:05:50'),
(2530, 23, 10, '2024-07-22', 'present', '2024-10-27 07:05:50', '2024-10-27 07:05:50'),
(2531, 23, 11, '2024-07-22', 'late', '2024-10-27 07:05:50', '2024-10-27 07:05:50'),
(2532, 23, 12, '2024-07-22', 'late', '2024-10-27 07:05:50', '2024-10-27 07:05:50'),
(2533, 23, 13, '2024-07-22', 'late', '2024-10-27 07:05:50', '2024-10-27 07:05:50'),
(2534, 23, 14, '2024-07-22', 'present', '2024-10-27 07:05:50', '2024-10-27 07:05:50'),
(2535, 23, 15, '2024-07-22', 'present', '2024-10-27 07:05:50', '2024-10-27 07:05:50'),
(2536, 23, 1, '2024-07-12', 'late', '2024-10-27 07:05:50', '2024-10-27 07:05:50'),
(2537, 23, 2, '2024-07-12', 'late', '2024-10-27 07:05:50', '2024-10-27 07:05:50'),
(2538, 23, 3, '2024-07-12', 'late', '2024-10-27 07:05:50', '2024-10-27 07:05:50'),
(2539, 23, 4, '2024-07-12', 'late', '2024-10-27 07:05:50', '2024-10-27 07:05:50'),
(2540, 23, 5, '2024-07-12', 'late', '2024-10-27 07:05:50', '2024-10-27 07:05:50'),
(2541, 23, 6, '2024-07-12', 'present', '2024-10-27 07:05:50', '2024-10-27 07:05:50'),
(2542, 23, 7, '2024-07-12', 'late', '2024-10-27 07:05:50', '2024-10-27 07:05:50'),
(2543, 23, 8, '2024-07-12', 'absent', '2024-10-27 07:05:50', '2024-10-27 07:05:50'),
(2544, 23, 9, '2024-07-12', 'absent', '2024-10-27 07:05:50', '2024-10-27 07:05:50'),
(2545, 23, 10, '2024-07-12', 'present', '2024-10-27 07:05:50', '2024-10-27 07:05:50'),
(2546, 23, 11, '2024-07-12', 'absent', '2024-10-27 07:05:50', '2024-10-27 07:05:50'),
(2547, 23, 12, '2024-07-12', 'present', '2024-10-27 07:05:50', '2024-10-27 07:05:50'),
(2548, 23, 13, '2024-07-12', 'late', '2024-10-27 07:05:50', '2024-10-27 07:05:50'),
(2549, 23, 14, '2024-07-12', 'present', '2024-10-27 07:05:50', '2024-10-27 07:05:50'),
(2550, 23, 15, '2024-07-12', 'present', '2024-10-27 07:05:50', '2024-10-27 07:05:50'),
(2551, 23, 1, '2024-06-01', 'present', '2024-10-27 07:05:50', '2024-10-27 07:05:50'),
(2552, 23, 2, '2024-06-01', 'absent', '2024-10-27 07:05:50', '2024-10-27 07:05:50'),
(2553, 23, 3, '2024-06-01', 'absent', '2024-10-27 07:05:50', '2024-10-27 07:05:50'),
(2554, 23, 4, '2024-06-01', 'present', '2024-10-27 07:05:50', '2024-10-27 07:05:50'),
(2555, 23, 5, '2024-06-01', 'absent', '2024-10-27 07:05:50', '2024-10-27 07:05:50'),
(2556, 23, 6, '2024-06-01', 'present', '2024-10-27 07:05:50', '2024-10-27 07:05:50'),
(2557, 23, 7, '2024-06-01', 'absent', '2024-10-27 07:05:50', '2024-10-27 07:05:50'),
(2558, 23, 8, '2024-06-01', 'late', '2024-10-27 07:05:50', '2024-10-27 07:05:50'),
(2559, 23, 9, '2024-06-01', 'absent', '2024-10-27 07:05:50', '2024-10-27 07:05:50'),
(2560, 23, 10, '2024-06-01', 'absent', '2024-10-27 07:05:50', '2024-10-27 07:05:50'),
(2561, 23, 11, '2024-06-01', 'present', '2024-10-27 07:05:50', '2024-10-27 07:05:50'),
(2562, 23, 12, '2024-06-01', 'late', '2024-10-27 07:05:50', '2024-10-27 07:05:50'),
(2563, 23, 13, '2024-06-01', 'present', '2024-10-27 07:05:50', '2024-10-27 07:05:50'),
(2564, 23, 14, '2024-06-01', 'absent', '2024-10-27 07:05:50', '2024-10-27 07:05:50'),
(2565, 23, 15, '2024-06-01', 'absent', '2024-10-27 07:05:50', '2024-10-27 07:05:50'),
(2566, 23, 1, '2024-04-27', 'absent', '2024-10-27 07:05:50', '2024-10-27 07:05:50'),
(2567, 23, 2, '2024-04-27', 'absent', '2024-10-27 07:05:50', '2024-10-27 07:05:50'),
(2568, 23, 3, '2024-04-27', 'present', '2024-10-27 07:05:50', '2024-10-27 07:05:50'),
(2569, 23, 4, '2024-04-27', 'present', '2024-10-27 07:05:50', '2024-10-27 07:05:50'),
(2570, 23, 5, '2024-04-27', 'absent', '2024-10-27 07:05:50', '2024-10-27 07:05:50'),
(2571, 23, 6, '2024-04-27', 'late', '2024-10-27 07:05:50', '2024-10-27 07:05:50'),
(2572, 23, 7, '2024-04-27', 'absent', '2024-10-27 07:05:50', '2024-10-27 07:05:50'),
(2573, 23, 8, '2024-04-27', 'late', '2024-10-27 07:05:50', '2024-10-27 07:05:50'),
(2574, 23, 9, '2024-04-27', 'present', '2024-10-27 07:05:50', '2024-10-27 07:05:50'),
(2575, 23, 10, '2024-04-27', 'late', '2024-10-27 07:05:50', '2024-10-27 07:05:50'),
(2576, 23, 11, '2024-04-27', 'late', '2024-10-27 07:05:50', '2024-10-27 07:05:50'),
(2577, 23, 12, '2024-04-27', 'late', '2024-10-27 07:05:50', '2024-10-27 07:05:50'),
(2578, 23, 13, '2024-04-27', 'present', '2024-10-27 07:05:50', '2024-10-27 07:05:50'),
(2579, 23, 14, '2024-04-27', 'absent', '2024-10-27 07:05:50', '2024-10-27 07:05:50'),
(2580, 23, 15, '2024-04-27', 'present', '2024-10-27 07:05:50', '2024-10-27 07:05:50'),
(2581, 23, 1, '2024-05-20', 'late', '2024-10-27 07:05:50', '2024-10-27 07:05:50'),
(2582, 23, 2, '2024-05-20', 'absent', '2024-10-27 07:05:50', '2024-10-27 07:05:50'),
(2583, 23, 3, '2024-05-20', 'absent', '2024-10-27 07:05:50', '2024-10-27 07:05:50'),
(2584, 23, 4, '2024-05-20', 'late', '2024-10-27 07:05:50', '2024-10-27 07:05:50'),
(2585, 23, 5, '2024-05-20', 'absent', '2024-10-27 07:05:50', '2024-10-27 07:05:50'),
(2586, 23, 6, '2024-05-20', 'present', '2024-10-27 07:05:50', '2024-10-27 07:05:50'),
(2587, 23, 7, '2024-05-20', 'absent', '2024-10-27 07:05:50', '2024-10-27 07:05:50'),
(2588, 23, 8, '2024-05-20', 'present', '2024-10-27 07:05:50', '2024-10-27 07:05:50'),
(2589, 23, 9, '2024-05-20', 'late', '2024-10-27 07:05:50', '2024-10-27 07:05:50'),
(2590, 23, 10, '2024-05-20', 'late', '2024-10-27 07:05:50', '2024-10-27 07:05:50'),
(2591, 23, 11, '2024-05-20', 'late', '2024-10-27 07:05:50', '2024-10-27 07:05:50'),
(2592, 23, 12, '2024-05-20', 'late', '2024-10-27 07:05:50', '2024-10-27 07:05:50'),
(2593, 23, 13, '2024-05-20', 'absent', '2024-10-27 07:05:50', '2024-10-27 07:05:50'),
(2594, 23, 14, '2024-05-20', 'absent', '2024-10-27 07:05:50', '2024-10-27 07:05:50'),
(2595, 23, 15, '2024-05-20', 'late', '2024-10-27 07:05:50', '2024-10-27 07:05:50'),
(2596, 24, 1, '2024-05-17', 'late', '2024-10-27 07:05:50', '2024-10-27 07:05:50'),
(2597, 24, 2, '2024-05-17', 'present', '2024-10-27 07:05:50', '2024-10-27 07:05:50'),
(2598, 24, 3, '2024-05-17', 'late', '2024-10-27 07:05:50', '2024-10-27 07:05:50'),
(2599, 24, 4, '2024-05-17', 'absent', '2024-10-27 07:05:50', '2024-10-27 07:05:50'),
(2600, 24, 5, '2024-05-17', 'late', '2024-10-27 07:05:50', '2024-10-27 07:05:50'),
(2601, 24, 6, '2024-05-17', 'late', '2024-10-27 07:05:50', '2024-10-27 07:05:50'),
(2602, 24, 7, '2024-05-17', 'late', '2024-10-27 07:05:50', '2024-10-27 07:05:50'),
(2603, 24, 8, '2024-05-17', 'late', '2024-10-27 07:05:50', '2024-10-27 07:05:50'),
(2604, 24, 9, '2024-05-17', 'late', '2024-10-27 07:05:50', '2024-10-27 07:05:50'),
(2605, 24, 10, '2024-05-17', 'present', '2024-10-27 07:05:50', '2024-10-27 07:05:50'),
(2606, 24, 11, '2024-05-17', 'absent', '2024-10-27 07:05:50', '2024-10-27 07:05:50'),
(2607, 24, 12, '2024-05-17', 'absent', '2024-10-27 07:05:50', '2024-10-27 07:05:50'),
(2608, 24, 13, '2024-05-17', 'present', '2024-10-27 07:05:50', '2024-10-27 07:05:50'),
(2609, 24, 14, '2024-05-17', 'present', '2024-10-27 07:05:50', '2024-10-27 07:05:50'),
(2610, 24, 15, '2024-05-17', 'absent', '2024-10-27 07:05:50', '2024-10-27 07:05:50'),
(2611, 24, 1, '2024-05-07', 'present', '2024-10-27 07:05:50', '2024-10-27 07:05:50'),
(2612, 24, 2, '2024-05-07', 'present', '2024-10-27 07:05:50', '2024-10-27 07:05:50'),
(2613, 24, 3, '2024-05-07', 'late', '2024-10-27 07:05:50', '2024-10-27 07:05:50'),
(2614, 24, 4, '2024-05-07', 'present', '2024-10-27 07:05:50', '2024-10-27 07:05:50'),
(2615, 24, 5, '2024-05-07', 'absent', '2024-10-27 07:05:50', '2024-10-27 07:05:50'),
(2616, 24, 6, '2024-05-07', 'absent', '2024-10-27 07:05:50', '2024-10-27 07:05:50'),
(2617, 24, 7, '2024-05-07', 'late', '2024-10-27 07:05:50', '2024-10-27 07:05:50'),
(2618, 24, 8, '2024-05-07', 'late', '2024-10-27 07:05:50', '2024-10-27 07:05:50'),
(2619, 24, 9, '2024-05-07', 'present', '2024-10-27 07:05:50', '2024-10-27 07:05:50'),
(2620, 24, 10, '2024-05-07', 'late', '2024-10-27 07:05:50', '2024-10-27 07:05:50'),
(2621, 24, 11, '2024-05-07', 'absent', '2024-10-27 07:05:50', '2024-10-27 07:05:50'),
(2622, 24, 12, '2024-05-07', 'late', '2024-10-27 07:05:50', '2024-10-27 07:05:50'),
(2623, 24, 13, '2024-05-07', 'absent', '2024-10-27 07:05:50', '2024-10-27 07:05:50'),
(2624, 24, 14, '2024-05-07', 'present', '2024-10-27 07:05:50', '2024-10-27 07:05:50'),
(2625, 24, 15, '2024-05-07', 'late', '2024-10-27 07:05:50', '2024-10-27 07:05:50'),
(2626, 24, 1, '2024-05-18', 'present', '2024-10-27 07:05:50', '2024-10-27 07:05:50'),
(2627, 24, 2, '2024-05-18', 'late', '2024-10-27 07:05:50', '2024-10-27 07:05:50'),
(2628, 24, 3, '2024-05-18', 'late', '2024-10-27 07:05:50', '2024-10-27 07:05:50'),
(2629, 24, 4, '2024-05-18', 'absent', '2024-10-27 07:05:50', '2024-10-27 07:05:50'),
(2630, 24, 5, '2024-05-18', 'absent', '2024-10-27 07:05:50', '2024-10-27 07:05:50'),
(2631, 24, 6, '2024-05-18', 'absent', '2024-10-27 07:05:50', '2024-10-27 07:05:50'),
(2632, 24, 7, '2024-05-18', 'absent', '2024-10-27 07:05:50', '2024-10-27 07:05:50'),
(2633, 24, 8, '2024-05-18', 'late', '2024-10-27 07:05:50', '2024-10-27 07:05:50'),
(2634, 24, 9, '2024-05-18', 'present', '2024-10-27 07:05:50', '2024-10-27 07:05:50'),
(2635, 24, 10, '2024-05-18', 'present', '2024-10-27 07:05:50', '2024-10-27 07:05:50'),
(2636, 24, 11, '2024-05-18', 'absent', '2024-10-27 07:05:50', '2024-10-27 07:05:50'),
(2637, 24, 12, '2024-05-18', 'absent', '2024-10-27 07:05:50', '2024-10-27 07:05:50'),
(2638, 24, 13, '2024-05-18', 'present', '2024-10-27 07:05:50', '2024-10-27 07:05:50'),
(2639, 24, 14, '2024-05-18', 'present', '2024-10-27 07:05:50', '2024-10-27 07:05:50'),
(2640, 24, 15, '2024-05-18', 'present', '2024-10-27 07:05:50', '2024-10-27 07:05:50'),
(2641, 24, 1, '2024-05-28', 'late', '2024-10-27 07:05:50', '2024-10-27 07:05:50'),
(2642, 24, 2, '2024-05-28', 'late', '2024-10-27 07:05:50', '2024-10-27 07:05:50'),
(2643, 24, 3, '2024-05-28', 'late', '2024-10-27 07:05:50', '2024-10-27 07:05:50'),
(2644, 24, 4, '2024-05-28', 'absent', '2024-10-27 07:05:50', '2024-10-27 07:05:50'),
(2645, 24, 5, '2024-05-28', 'late', '2024-10-27 07:05:50', '2024-10-27 07:05:50'),
(2646, 24, 6, '2024-05-28', 'present', '2024-10-27 07:05:50', '2024-10-27 07:05:50'),
(2647, 24, 7, '2024-05-28', 'absent', '2024-10-27 07:05:50', '2024-10-27 07:05:50'),
(2648, 24, 8, '2024-05-28', 'present', '2024-10-27 07:05:50', '2024-10-27 07:05:50'),
(2649, 24, 9, '2024-05-28', 'absent', '2024-10-27 07:05:50', '2024-10-27 07:05:50'),
(2650, 24, 10, '2024-05-28', 'late', '2024-10-27 07:05:50', '2024-10-27 07:05:50'),
(2651, 24, 11, '2024-05-28', 'present', '2024-10-27 07:05:50', '2024-10-27 07:05:50'),
(2652, 24, 12, '2024-05-28', 'late', '2024-10-27 07:05:50', '2024-10-27 07:05:50'),
(2653, 24, 13, '2024-05-28', 'present', '2024-10-27 07:05:50', '2024-10-27 07:05:50'),
(2654, 24, 14, '2024-05-28', 'absent', '2024-10-27 07:05:50', '2024-10-27 07:05:50'),
(2655, 24, 15, '2024-05-28', 'late', '2024-10-27 07:05:50', '2024-10-27 07:05:50'),
(2656, 24, 1, '2024-05-03', 'absent', '2024-10-27 07:05:50', '2024-10-27 07:05:50'),
(2657, 24, 2, '2024-05-03', 'present', '2024-10-27 07:05:50', '2024-10-27 07:05:50'),
(2658, 24, 3, '2024-05-03', 'present', '2024-10-27 07:05:50', '2024-10-27 07:05:50'),
(2659, 24, 4, '2024-05-03', 'present', '2024-10-27 07:05:50', '2024-10-27 07:05:50'),
(2660, 24, 5, '2024-05-03', 'absent', '2024-10-27 07:05:50', '2024-10-27 07:05:50'),
(2661, 24, 6, '2024-05-03', 'late', '2024-10-27 07:05:50', '2024-10-27 07:05:50'),
(2662, 24, 7, '2024-05-03', 'late', '2024-10-27 07:05:50', '2024-10-27 07:05:50'),
(2663, 24, 8, '2024-05-03', 'present', '2024-10-27 07:05:50', '2024-10-27 07:05:50'),
(2664, 24, 9, '2024-05-03', 'present', '2024-10-27 07:05:50', '2024-10-27 07:05:50'),
(2665, 24, 10, '2024-05-03', 'late', '2024-10-27 07:05:50', '2024-10-27 07:05:50'),
(2666, 24, 11, '2024-05-03', 'present', '2024-10-27 07:05:50', '2024-10-27 07:05:50'),
(2667, 24, 12, '2024-05-03', 'late', '2024-10-27 07:05:50', '2024-10-27 07:05:50'),
(2668, 24, 13, '2024-05-03', 'late', '2024-10-27 07:05:50', '2024-10-27 07:05:50'),
(2669, 24, 14, '2024-05-03', 'absent', '2024-10-27 07:05:50', '2024-10-27 07:05:50'),
(2670, 24, 15, '2024-05-03', 'late', '2024-10-27 07:05:50', '2024-10-27 07:05:50'),
(2671, 24, 1, '2024-07-25', 'present', '2024-10-27 07:05:50', '2024-10-27 07:05:50'),
(2672, 24, 2, '2024-07-25', 'late', '2024-10-27 07:05:50', '2024-10-27 07:05:50'),
(2673, 24, 3, '2024-07-25', 'absent', '2024-10-27 07:05:50', '2024-10-27 07:05:50'),
(2674, 24, 4, '2024-07-25', 'present', '2024-10-27 07:05:50', '2024-10-27 07:05:50'),
(2675, 24, 5, '2024-07-25', 'present', '2024-10-27 07:05:50', '2024-10-27 07:05:50'),
(2676, 24, 6, '2024-07-25', 'absent', '2024-10-27 07:05:50', '2024-10-27 07:05:50'),
(2677, 24, 7, '2024-07-25', 'present', '2024-10-27 07:05:50', '2024-10-27 07:05:50'),
(2678, 24, 8, '2024-07-25', 'late', '2024-10-27 07:05:50', '2024-10-27 07:05:50'),
(2679, 24, 9, '2024-07-25', 'absent', '2024-10-27 07:05:50', '2024-10-27 07:05:50'),
(2680, 24, 10, '2024-07-25', 'absent', '2024-10-27 07:05:50', '2024-10-27 07:05:50'),
(2681, 24, 11, '2024-07-25', 'late', '2024-10-27 07:05:50', '2024-10-27 07:05:50'),
(2682, 24, 12, '2024-07-25', 'late', '2024-10-27 07:05:50', '2024-10-27 07:05:50'),
(2683, 24, 13, '2024-07-25', 'late', '2024-10-27 07:05:50', '2024-10-27 07:05:50'),
(2684, 24, 14, '2024-07-25', 'absent', '2024-10-27 07:05:50', '2024-10-27 07:05:50'),
(2685, 24, 15, '2024-07-25', 'absent', '2024-10-27 07:05:50', '2024-10-27 07:05:50'),
(2686, 24, 1, '2024-07-14', 'absent', '2024-10-27 07:05:50', '2024-10-27 07:05:50'),
(2687, 24, 2, '2024-07-14', 'late', '2024-10-27 07:05:50', '2024-10-27 07:05:50'),
(2688, 24, 3, '2024-07-14', 'late', '2024-10-27 07:05:50', '2024-10-27 07:05:50'),
(2689, 24, 4, '2024-07-14', 'present', '2024-10-27 07:05:50', '2024-10-27 07:05:50'),
(2690, 24, 5, '2024-07-14', 'present', '2024-10-27 07:05:50', '2024-10-27 07:05:50'),
(2691, 24, 6, '2024-07-14', 'present', '2024-10-27 07:05:50', '2024-10-27 07:05:50'),
(2692, 24, 7, '2024-07-14', 'absent', '2024-10-27 07:05:50', '2024-10-27 07:05:50'),
(2693, 24, 8, '2024-07-14', 'late', '2024-10-27 07:05:50', '2024-10-27 07:05:50'),
(2694, 24, 9, '2024-07-14', 'absent', '2024-10-27 07:05:50', '2024-10-27 07:05:50'),
(2695, 24, 10, '2024-07-14', 'absent', '2024-10-27 07:05:50', '2024-10-27 07:05:50'),
(2696, 24, 11, '2024-07-14', 'late', '2024-10-27 07:05:50', '2024-10-27 07:05:50'),
(2697, 24, 12, '2024-07-14', 'present', '2024-10-27 07:05:50', '2024-10-27 07:05:50'),
(2698, 24, 13, '2024-07-14', 'present', '2024-10-27 07:05:50', '2024-10-27 07:05:50'),
(2699, 24, 14, '2024-07-14', 'present', '2024-10-27 07:05:50', '2024-10-27 07:05:50'),
(2700, 24, 15, '2024-07-14', 'present', '2024-10-27 07:05:50', '2024-10-27 07:05:50'),
(2701, 24, 1, '2024-05-15', 'late', '2024-10-27 07:05:50', '2024-10-27 07:05:50'),
(2702, 24, 2, '2024-05-15', 'absent', '2024-10-27 07:05:50', '2024-10-27 07:05:50'),
(2703, 24, 3, '2024-05-15', 'absent', '2024-10-27 07:05:50', '2024-10-27 07:05:50'),
(2704, 24, 4, '2024-05-15', 'absent', '2024-10-27 07:05:50', '2024-10-27 07:05:50'),
(2705, 24, 5, '2024-05-15', 'present', '2024-10-27 07:05:50', '2024-10-27 07:05:50'),
(2706, 24, 6, '2024-05-15', 'present', '2024-10-27 07:05:50', '2024-10-27 07:05:50'),
(2707, 24, 7, '2024-05-15', 'absent', '2024-10-27 07:05:50', '2024-10-27 07:05:50'),
(2708, 24, 8, '2024-05-15', 'absent', '2024-10-27 07:05:50', '2024-10-27 07:05:50'),
(2709, 24, 9, '2024-05-15', 'present', '2024-10-27 07:05:50', '2024-10-27 07:05:50'),
(2710, 24, 10, '2024-05-15', 'late', '2024-10-27 07:05:50', '2024-10-27 07:05:50'),
(2711, 24, 11, '2024-05-15', 'present', '2024-10-27 07:05:50', '2024-10-27 07:05:50'),
(2712, 24, 12, '2024-05-15', 'late', '2024-10-27 07:05:50', '2024-10-27 07:05:50'),
(2713, 24, 13, '2024-05-15', 'absent', '2024-10-27 07:05:50', '2024-10-27 07:05:50'),
(2714, 24, 14, '2024-05-15', 'late', '2024-10-27 07:05:50', '2024-10-27 07:05:50'),
(2715, 24, 15, '2024-05-15', 'absent', '2024-10-27 07:05:50', '2024-10-27 07:05:50'),
(2716, 24, 1, '2024-06-19', 'absent', '2024-10-27 07:05:50', '2024-10-27 07:05:50'),
(2717, 24, 2, '2024-06-19', 'late', '2024-10-27 07:05:50', '2024-10-27 07:05:50'),
(2718, 24, 3, '2024-06-19', 'absent', '2024-10-27 07:05:50', '2024-10-27 07:05:50'),
(2719, 24, 4, '2024-06-19', 'late', '2024-10-27 07:05:50', '2024-10-27 07:05:50'),
(2720, 24, 5, '2024-06-19', 'late', '2024-10-27 07:05:50', '2024-10-27 07:05:50'),
(2721, 24, 6, '2024-06-19', 'present', '2024-10-27 07:05:50', '2024-10-27 07:05:50'),
(2722, 24, 7, '2024-06-19', 'present', '2024-10-27 07:05:50', '2024-10-27 07:05:50'),
(2723, 24, 8, '2024-06-19', 'absent', '2024-10-27 07:05:50', '2024-10-27 07:05:50'),
(2724, 24, 9, '2024-06-19', 'present', '2024-10-27 07:05:50', '2024-10-27 07:05:50'),
(2725, 24, 10, '2024-06-19', 'late', '2024-10-27 07:05:50', '2024-10-27 07:05:50'),
(2726, 24, 11, '2024-06-19', 'late', '2024-10-27 07:05:50', '2024-10-27 07:05:50'),
(2727, 24, 12, '2024-06-19', 'absent', '2024-10-27 07:05:50', '2024-10-27 07:05:50'),
(2728, 24, 13, '2024-06-19', 'late', '2024-10-27 07:05:50', '2024-10-27 07:05:50'),
(2729, 24, 14, '2024-06-19', 'present', '2024-10-27 07:05:50', '2024-10-27 07:05:50'),
(2730, 24, 15, '2024-06-19', 'late', '2024-10-27 07:05:50', '2024-10-27 07:05:50'),
(2731, 25, 1, '2024-05-29', 'late', '2024-10-27 07:05:50', '2024-10-27 07:05:50'),
(2732, 25, 2, '2024-05-29', 'present', '2024-10-27 07:05:50', '2024-10-27 07:05:50'),
(2733, 25, 3, '2024-05-29', 'present', '2024-10-27 07:05:50', '2024-10-27 07:05:50'),
(2734, 25, 4, '2024-05-29', 'late', '2024-10-27 07:05:50', '2024-10-27 07:05:50'),
(2735, 25, 5, '2024-05-29', 'absent', '2024-10-27 07:05:50', '2024-10-27 07:05:50'),
(2736, 25, 6, '2024-05-29', 'absent', '2024-10-27 07:05:50', '2024-10-27 07:05:50'),
(2737, 25, 7, '2024-05-29', 'present', '2024-10-27 07:05:50', '2024-10-27 07:05:50'),
(2738, 25, 8, '2024-05-29', 'absent', '2024-10-27 07:05:50', '2024-10-27 07:05:50'),
(2739, 25, 9, '2024-05-29', 'late', '2024-10-27 07:05:50', '2024-10-27 07:05:50'),
(2740, 25, 10, '2024-05-29', 'absent', '2024-10-27 07:05:50', '2024-10-27 07:05:50'),
(2741, 25, 11, '2024-05-29', 'late', '2024-10-27 07:05:50', '2024-10-27 07:05:50'),
(2742, 25, 12, '2024-05-29', 'present', '2024-10-27 07:05:50', '2024-10-27 07:05:50'),
(2743, 25, 13, '2024-05-29', 'absent', '2024-10-27 07:05:50', '2024-10-27 07:05:50'),
(2744, 25, 14, '2024-05-29', 'present', '2024-10-27 07:05:50', '2024-10-27 07:05:50'),
(2745, 25, 15, '2024-05-29', 'absent', '2024-10-27 07:05:50', '2024-10-27 07:05:50'),
(2746, 25, 1, '2024-05-14', 'present', '2024-10-27 07:05:50', '2024-10-27 07:05:50'),
(2747, 25, 2, '2024-05-14', 'present', '2024-10-27 07:05:50', '2024-10-27 07:05:50'),
(2748, 25, 3, '2024-05-14', 'present', '2024-10-27 07:05:50', '2024-10-27 07:05:50'),
(2749, 25, 4, '2024-05-14', 'late', '2024-10-27 07:05:50', '2024-10-27 07:05:50'),
(2750, 25, 5, '2024-05-14', 'absent', '2024-10-27 07:05:50', '2024-10-27 07:05:50'),
(2751, 25, 6, '2024-05-14', 'late', '2024-10-27 07:05:50', '2024-10-27 07:05:50'),
(2752, 25, 7, '2024-05-14', 'absent', '2024-10-27 07:05:50', '2024-10-27 07:05:50'),
(2753, 25, 8, '2024-05-14', 'late', '2024-10-27 07:05:50', '2024-10-27 07:05:50'),
(2754, 25, 9, '2024-05-14', 'late', '2024-10-27 07:05:50', '2024-10-27 07:05:50'),
(2755, 25, 10, '2024-05-14', 'late', '2024-10-27 07:05:50', '2024-10-27 07:05:50'),
(2756, 25, 11, '2024-05-14', 'present', '2024-10-27 07:05:50', '2024-10-27 07:05:50'),
(2757, 25, 12, '2024-05-14', 'absent', '2024-10-27 07:05:50', '2024-10-27 07:05:50'),
(2758, 25, 13, '2024-05-14', 'absent', '2024-10-27 07:05:50', '2024-10-27 07:05:50'),
(2759, 25, 14, '2024-05-14', 'present', '2024-10-27 07:05:50', '2024-10-27 07:05:50'),
(2760, 25, 15, '2024-05-14', 'late', '2024-10-27 07:05:50', '2024-10-27 07:05:50'),
(2761, 25, 1, '2024-04-28', 'absent', '2024-10-27 07:05:50', '2024-10-27 07:05:50'),
(2762, 25, 2, '2024-04-28', 'late', '2024-10-27 07:05:50', '2024-10-27 07:05:50'),
(2763, 25, 3, '2024-04-28', 'present', '2024-10-27 07:05:50', '2024-10-27 07:05:50'),
(2764, 25, 4, '2024-04-28', 'absent', '2024-10-27 07:05:50', '2024-10-27 07:05:50'),
(2765, 25, 5, '2024-04-28', 'late', '2024-10-27 07:05:50', '2024-10-27 07:05:50'),
(2766, 25, 6, '2024-04-28', 'late', '2024-10-27 07:05:50', '2024-10-27 07:05:50'),
(2767, 25, 7, '2024-04-28', 'late', '2024-10-27 07:05:50', '2024-10-27 07:05:50'),
(2768, 25, 8, '2024-04-28', 'present', '2024-10-27 07:05:50', '2024-10-27 07:05:50'),
(2769, 25, 9, '2024-04-28', 'absent', '2024-10-27 07:05:50', '2024-10-27 07:05:50'),
(2770, 25, 10, '2024-04-28', 'late', '2024-10-27 07:05:50', '2024-10-27 07:05:50'),
(2771, 25, 11, '2024-04-28', 'late', '2024-10-27 07:05:50', '2024-10-27 07:05:50'),
(2772, 25, 12, '2024-04-28', 'present', '2024-10-27 07:05:50', '2024-10-27 07:05:50'),
(2773, 25, 13, '2024-04-28', 'absent', '2024-10-27 07:05:50', '2024-10-27 07:05:50'),
(2774, 25, 14, '2024-04-28', 'present', '2024-10-27 07:05:50', '2024-10-27 07:05:50'),
(2775, 25, 15, '2024-04-28', 'late', '2024-10-27 07:05:50', '2024-10-27 07:05:50'),
(2776, 25, 1, '2024-07-06', 'absent', '2024-10-27 07:05:50', '2024-10-27 07:05:50'),
(2777, 25, 2, '2024-07-06', 'late', '2024-10-27 07:05:50', '2024-10-27 07:05:50'),
(2778, 25, 3, '2024-07-06', 'present', '2024-10-27 07:05:50', '2024-10-27 07:05:50'),
(2779, 25, 4, '2024-07-06', 'late', '2024-10-27 07:05:50', '2024-10-27 07:05:50'),
(2780, 25, 5, '2024-07-06', 'late', '2024-10-27 07:05:50', '2024-10-27 07:05:50'),
(2781, 25, 6, '2024-07-06', 'absent', '2024-10-27 07:05:50', '2024-10-27 07:05:50'),
(2782, 25, 7, '2024-07-06', 'absent', '2024-10-27 07:05:50', '2024-10-27 07:05:50'),
(2783, 25, 8, '2024-07-06', 'late', '2024-10-27 07:05:50', '2024-10-27 07:05:50'),
(2784, 25, 9, '2024-07-06', 'present', '2024-10-27 07:05:50', '2024-10-27 07:05:50'),
(2785, 25, 10, '2024-07-06', 'present', '2024-10-27 07:05:50', '2024-10-27 07:05:50'),
(2786, 25, 11, '2024-07-06', 'late', '2024-10-27 07:05:50', '2024-10-27 07:05:50'),
(2787, 25, 12, '2024-07-06', 'absent', '2024-10-27 07:05:50', '2024-10-27 07:05:50'),
(2788, 25, 13, '2024-07-06', 'late', '2024-10-27 07:05:50', '2024-10-27 07:05:50'),
(2789, 25, 14, '2024-07-06', 'late', '2024-10-27 07:05:50', '2024-10-27 07:05:50'),
(2790, 25, 15, '2024-07-06', 'present', '2024-10-27 07:05:50', '2024-10-27 07:05:50'),
(2791, 25, 1, '2024-06-25', 'present', '2024-10-27 07:05:50', '2024-10-27 07:05:50'),
(2792, 25, 2, '2024-06-25', 'absent', '2024-10-27 07:05:50', '2024-10-27 07:05:50'),
(2793, 25, 3, '2024-06-25', 'late', '2024-10-27 07:05:50', '2024-10-27 07:05:50'),
(2794, 25, 4, '2024-06-25', 'absent', '2024-10-27 07:05:50', '2024-10-27 07:05:50'),
(2795, 25, 5, '2024-06-25', 'absent', '2024-10-27 07:05:50', '2024-10-27 07:05:50'),
(2796, 25, 6, '2024-06-25', 'late', '2024-10-27 07:05:50', '2024-10-27 07:05:50'),
(2797, 25, 7, '2024-06-25', 'absent', '2024-10-27 07:05:50', '2024-10-27 07:05:50'),
(2798, 25, 8, '2024-06-25', 'present', '2024-10-27 07:05:50', '2024-10-27 07:05:50'),
(2799, 25, 9, '2024-06-25', 'absent', '2024-10-27 07:05:50', '2024-10-27 07:05:50'),
(2800, 25, 10, '2024-06-25', 'present', '2024-10-27 07:05:50', '2024-10-27 07:05:50'),
(2801, 25, 11, '2024-06-25', 'present', '2024-10-27 07:05:50', '2024-10-27 07:05:50'),
(2802, 25, 12, '2024-06-25', 'present', '2024-10-27 07:05:50', '2024-10-27 07:05:50'),
(2803, 25, 13, '2024-06-25', 'late', '2024-10-27 07:05:50', '2024-10-27 07:05:50'),
(2804, 25, 14, '2024-06-25', 'late', '2024-10-27 07:05:50', '2024-10-27 07:05:50'),
(2805, 25, 15, '2024-06-25', 'present', '2024-10-27 07:05:50', '2024-10-27 07:05:50'),
(2806, 25, 1, '2024-06-01', 'present', '2024-10-27 07:05:50', '2024-10-27 07:05:50'),
(2807, 25, 2, '2024-06-01', 'absent', '2024-10-27 07:05:50', '2024-10-27 07:05:50'),
(2808, 25, 3, '2024-06-01', 'absent', '2024-10-27 07:05:50', '2024-10-27 07:05:50'),
(2809, 25, 4, '2024-06-01', 'late', '2024-10-27 07:05:50', '2024-10-27 07:05:50'),
(2810, 25, 5, '2024-06-01', 'late', '2024-10-27 07:05:50', '2024-10-27 07:05:50'),
(2811, 25, 6, '2024-06-01', 'late', '2024-10-27 07:05:50', '2024-10-27 07:05:50'),
(2812, 25, 7, '2024-06-01', 'late', '2024-10-27 07:05:50', '2024-10-27 07:05:50'),
(2813, 25, 8, '2024-06-01', 'late', '2024-10-27 07:05:50', '2024-10-27 07:05:50'),
(2814, 25, 9, '2024-06-01', 'absent', '2024-10-27 07:05:50', '2024-10-27 07:05:50'),
(2815, 25, 10, '2024-06-01', 'present', '2024-10-27 07:05:50', '2024-10-27 07:05:50'),
(2816, 25, 11, '2024-06-01', 'absent', '2024-10-27 07:05:50', '2024-10-27 07:05:50'),
(2817, 25, 12, '2024-06-01', 'absent', '2024-10-27 07:05:50', '2024-10-27 07:05:50'),
(2818, 25, 13, '2024-06-01', 'absent', '2024-10-27 07:05:50', '2024-10-27 07:05:50'),
(2819, 25, 14, '2024-06-01', 'late', '2024-10-27 07:05:50', '2024-10-27 07:05:50'),
(2820, 25, 15, '2024-06-01', 'present', '2024-10-27 07:05:50', '2024-10-27 07:05:50'),
(2821, 25, 1, '2024-05-02', 'late', '2024-10-27 07:05:50', '2024-10-27 07:05:50'),
(2822, 25, 2, '2024-05-02', 'late', '2024-10-27 07:05:50', '2024-10-27 07:05:50'),
(2823, 25, 3, '2024-05-02', 'absent', '2024-10-27 07:05:50', '2024-10-27 07:05:50'),
(2824, 25, 4, '2024-05-02', 'late', '2024-10-27 07:05:50', '2024-10-27 07:05:50'),
(2825, 25, 5, '2024-05-02', 'late', '2024-10-27 07:05:50', '2024-10-27 07:05:50'),
(2826, 25, 6, '2024-05-02', 'late', '2024-10-27 07:05:50', '2024-10-27 07:05:50'),
(2827, 25, 7, '2024-05-02', 'present', '2024-10-27 07:05:50', '2024-10-27 07:05:50'),
(2828, 25, 8, '2024-05-02', 'absent', '2024-10-27 07:05:50', '2024-10-27 07:05:50'),
(2829, 25, 9, '2024-05-02', 'late', '2024-10-27 07:05:50', '2024-10-27 07:05:50'),
(2830, 25, 10, '2024-05-02', 'absent', '2024-10-27 07:05:50', '2024-10-27 07:05:50'),
(2831, 25, 11, '2024-05-02', 'present', '2024-10-27 07:05:50', '2024-10-27 07:05:50'),
(2832, 25, 12, '2024-05-02', 'late', '2024-10-27 07:05:50', '2024-10-27 07:05:50'),
(2833, 25, 13, '2024-05-02', 'present', '2024-10-27 07:05:50', '2024-10-27 07:05:50'),
(2834, 25, 14, '2024-05-02', 'late', '2024-10-27 07:05:50', '2024-10-27 07:05:50'),
(2835, 25, 15, '2024-05-02', 'absent', '2024-10-27 07:05:50', '2024-10-27 07:05:50'),
(2836, 25, 1, '2024-06-29', 'present', '2024-10-27 07:05:50', '2024-10-27 07:05:50'),
(2837, 25, 2, '2024-06-29', 'absent', '2024-10-27 07:05:50', '2024-10-27 07:05:50'),
(2838, 25, 3, '2024-06-29', 'late', '2024-10-27 07:05:50', '2024-10-27 07:05:50'),
(2839, 25, 4, '2024-06-29', 'late', '2024-10-27 07:05:50', '2024-10-27 07:05:50'),
(2840, 25, 5, '2024-06-29', 'late', '2024-10-27 07:05:50', '2024-10-27 07:05:50'),
(2841, 25, 6, '2024-06-29', 'late', '2024-10-27 07:05:50', '2024-10-27 07:05:50'),
(2842, 25, 7, '2024-06-29', 'present', '2024-10-27 07:05:50', '2024-10-27 07:05:50'),
(2843, 25, 8, '2024-06-29', 'present', '2024-10-27 07:05:50', '2024-10-27 07:05:50'),
(2844, 25, 9, '2024-06-29', 'present', '2024-10-27 07:05:50', '2024-10-27 07:05:50'),
(2845, 25, 10, '2024-06-29', 'late', '2024-10-27 07:05:50', '2024-10-27 07:05:50'),
(2846, 25, 11, '2024-06-29', 'late', '2024-10-27 07:05:50', '2024-10-27 07:05:50'),
(2847, 25, 12, '2024-06-29', 'present', '2024-10-27 07:05:50', '2024-10-27 07:05:50'),
(2848, 25, 13, '2024-06-29', 'late', '2024-10-27 07:05:50', '2024-10-27 07:05:50'),
(2849, 25, 14, '2024-06-29', 'present', '2024-10-27 07:05:50', '2024-10-27 07:05:50'),
(2850, 25, 15, '2024-06-29', 'late', '2024-10-27 07:05:50', '2024-10-27 07:05:50'),
(2851, 25, 1, '2024-06-07', 'present', '2024-10-27 07:05:50', '2024-10-27 07:05:50'),
(2852, 25, 2, '2024-06-07', 'present', '2024-10-27 07:05:50', '2024-10-27 07:05:50'),
(2853, 25, 3, '2024-06-07', 'absent', '2024-10-27 07:05:50', '2024-10-27 07:05:50'),
(2854, 25, 4, '2024-06-07', 'absent', '2024-10-27 07:05:50', '2024-10-27 07:05:50'),
(2855, 25, 5, '2024-06-07', 'present', '2024-10-27 07:05:50', '2024-10-27 07:05:50'),
(2856, 25, 6, '2024-06-07', 'present', '2024-10-27 07:05:50', '2024-10-27 07:05:50'),
(2857, 25, 7, '2024-06-07', 'absent', '2024-10-27 07:05:50', '2024-10-27 07:05:50'),
(2858, 25, 8, '2024-06-07', 'absent', '2024-10-27 07:05:50', '2024-10-27 07:05:50'),
(2859, 25, 9, '2024-06-07', 'present', '2024-10-27 07:05:50', '2024-10-27 07:05:50'),
(2860, 25, 10, '2024-06-07', 'late', '2024-10-27 07:05:50', '2024-10-27 07:05:50'),
(2861, 25, 11, '2024-06-07', 'late', '2024-10-27 07:05:50', '2024-10-27 07:05:50'),
(2862, 25, 12, '2024-06-07', 'late', '2024-10-27 07:05:50', '2024-10-27 07:05:50'),
(2863, 25, 13, '2024-06-07', 'present', '2024-10-27 07:05:50', '2024-10-27 07:05:50'),
(2864, 25, 14, '2024-06-07', 'late', '2024-10-27 07:05:50', '2024-10-27 07:05:50'),
(2865, 25, 15, '2024-06-07', 'absent', '2024-10-27 07:05:50', '2024-10-27 07:05:50'),
(2866, 25, 1, '2024-06-15', 'absent', '2024-10-27 07:05:50', '2024-10-27 07:05:50'),
(2867, 25, 2, '2024-06-15', 'present', '2024-10-27 07:05:50', '2024-10-27 07:05:50'),
(2868, 25, 3, '2024-06-15', 'absent', '2024-10-27 07:05:50', '2024-10-27 07:05:50'),
(2869, 25, 4, '2024-06-15', 'present', '2024-10-27 07:05:50', '2024-10-27 07:05:50'),
(2870, 25, 5, '2024-06-15', 'late', '2024-10-27 07:05:50', '2024-10-27 07:05:50'),
(2871, 25, 6, '2024-06-15', 'present', '2024-10-27 07:05:50', '2024-10-27 07:05:50'),
(2872, 25, 7, '2024-06-15', 'late', '2024-10-27 07:05:50', '2024-10-27 07:05:50'),
(2873, 25, 8, '2024-06-15', 'absent', '2024-10-27 07:05:50', '2024-10-27 07:05:50'),
(2874, 25, 9, '2024-06-15', 'late', '2024-10-27 07:05:50', '2024-10-27 07:05:50'),
(2875, 25, 10, '2024-06-15', 'present', '2024-10-27 07:05:50', '2024-10-27 07:05:50'),
(2876, 25, 11, '2024-06-15', 'present', '2024-10-27 07:05:50', '2024-10-27 07:05:50'),
(2877, 25, 12, '2024-06-15', 'late', '2024-10-27 07:05:50', '2024-10-27 07:05:50'),
(2878, 25, 13, '2024-06-15', 'present', '2024-10-27 07:05:50', '2024-10-27 07:05:50'),
(2879, 25, 14, '2024-06-15', 'absent', '2024-10-27 07:05:50', '2024-10-27 07:05:50'),
(2880, 25, 15, '2024-06-15', 'late', '2024-10-27 07:05:50', '2024-10-27 07:05:50'),
(2881, 26, 1, '2024-04-27', 'late', '2024-10-27 07:05:50', '2024-10-27 07:05:50'),
(2882, 26, 2, '2024-04-27', 'present', '2024-10-27 07:05:50', '2024-10-27 07:05:50'),
(2883, 26, 3, '2024-04-27', 'present', '2024-10-27 07:05:50', '2024-10-27 07:05:50'),
(2884, 26, 4, '2024-04-27', 'late', '2024-10-27 07:05:50', '2024-10-27 07:05:50'),
(2885, 26, 5, '2024-04-27', 'late', '2024-10-27 07:05:50', '2024-10-27 07:05:50'),
(2886, 26, 6, '2024-04-27', 'late', '2024-10-27 07:05:50', '2024-10-27 07:05:50'),
(2887, 26, 7, '2024-04-27', 'absent', '2024-10-27 07:05:50', '2024-10-27 07:05:50'),
(2888, 26, 8, '2024-04-27', 'late', '2024-10-27 07:05:50', '2024-10-27 07:05:50'),
(2889, 26, 9, '2024-04-27', 'absent', '2024-10-27 07:05:50', '2024-10-27 07:05:50'),
(2890, 26, 10, '2024-04-27', 'late', '2024-10-27 07:05:50', '2024-10-27 07:05:50'),
(2891, 26, 11, '2024-04-27', 'absent', '2024-10-27 07:05:50', '2024-10-27 07:05:50'),
(2892, 26, 12, '2024-04-27', 'absent', '2024-10-27 07:05:50', '2024-10-27 07:05:50'),
(2893, 26, 13, '2024-04-27', 'late', '2024-10-27 07:05:50', '2024-10-27 07:05:50'),
(2894, 26, 14, '2024-04-27', 'late', '2024-10-27 07:05:50', '2024-10-27 07:05:50'),
(2895, 26, 15, '2024-04-27', 'late', '2024-10-27 07:05:50', '2024-10-27 07:05:50'),
(2896, 26, 1, '2024-05-31', 'absent', '2024-10-27 07:05:50', '2024-10-27 07:05:50'),
(2897, 26, 2, '2024-05-31', 'late', '2024-10-27 07:05:50', '2024-10-27 07:05:50'),
(2898, 26, 3, '2024-05-31', 'present', '2024-10-27 07:05:50', '2024-10-27 07:05:50'),
(2899, 26, 4, '2024-05-31', 'absent', '2024-10-27 07:05:50', '2024-10-27 07:05:50'),
(2900, 26, 5, '2024-05-31', 'absent', '2024-10-27 07:05:50', '2024-10-27 07:05:50'),
(2901, 26, 6, '2024-05-31', 'absent', '2024-10-27 07:05:50', '2024-10-27 07:05:50'),
(2902, 26, 7, '2024-05-31', 'present', '2024-10-27 07:05:50', '2024-10-27 07:05:50'),
(2903, 26, 8, '2024-05-31', 'late', '2024-10-27 07:05:50', '2024-10-27 07:05:50'),
(2904, 26, 9, '2024-05-31', 'late', '2024-10-27 07:05:50', '2024-10-27 07:05:50'),
(2905, 26, 10, '2024-05-31', 'late', '2024-10-27 07:05:50', '2024-10-27 07:05:50'),
(2906, 26, 11, '2024-05-31', 'absent', '2024-10-27 07:05:50', '2024-10-27 07:05:50'),
(2907, 26, 12, '2024-05-31', 'absent', '2024-10-27 07:05:50', '2024-10-27 07:05:50'),
(2908, 26, 13, '2024-05-31', 'late', '2024-10-27 07:05:50', '2024-10-27 07:05:50'),
(2909, 26, 14, '2024-05-31', 'absent', '2024-10-27 07:05:50', '2024-10-27 07:05:50'),
(2910, 26, 15, '2024-05-31', 'present', '2024-10-27 07:05:50', '2024-10-27 07:05:50'),
(2911, 26, 1, '2024-05-30', 'present', '2024-10-27 07:05:50', '2024-10-27 07:05:50'),
(2912, 26, 2, '2024-05-30', 'late', '2024-10-27 07:05:50', '2024-10-27 07:05:50'),
(2913, 26, 3, '2024-05-30', 'present', '2024-10-27 07:05:50', '2024-10-27 07:05:50'),
(2914, 26, 4, '2024-05-30', 'absent', '2024-10-27 07:05:50', '2024-10-27 07:05:50'),
(2915, 26, 5, '2024-05-30', 'absent', '2024-10-27 07:05:50', '2024-10-27 07:05:50'),
(2916, 26, 6, '2024-05-30', 'present', '2024-10-27 07:05:50', '2024-10-27 07:05:50'),
(2917, 26, 7, '2024-05-30', 'absent', '2024-10-27 07:05:50', '2024-10-27 07:05:50'),
(2918, 26, 8, '2024-05-30', 'absent', '2024-10-27 07:05:50', '2024-10-27 07:05:50'),
(2919, 26, 9, '2024-05-30', 'present', '2024-10-27 07:05:50', '2024-10-27 07:05:50'),
(2920, 26, 10, '2024-05-30', 'present', '2024-10-27 07:05:50', '2024-10-27 07:05:50'),
(2921, 26, 11, '2024-05-30', 'late', '2024-10-27 07:05:50', '2024-10-27 07:05:50'),
(2922, 26, 12, '2024-05-30', 'late', '2024-10-27 07:05:50', '2024-10-27 07:05:50'),
(2923, 26, 13, '2024-05-30', 'absent', '2024-10-27 07:05:50', '2024-10-27 07:05:50'),
(2924, 26, 14, '2024-05-30', 'absent', '2024-10-27 07:05:50', '2024-10-27 07:05:50'),
(2925, 26, 15, '2024-05-30', 'absent', '2024-10-27 07:05:50', '2024-10-27 07:05:50'),
(2926, 26, 1, '2024-05-20', 'present', '2024-10-27 07:05:50', '2024-10-27 07:05:50'),
(2927, 26, 2, '2024-05-20', 'absent', '2024-10-27 07:05:50', '2024-10-27 07:05:50'),
(2928, 26, 3, '2024-05-20', 'late', '2024-10-27 07:05:50', '2024-10-27 07:05:50'),
(2929, 26, 4, '2024-05-20', 'present', '2024-10-27 07:05:50', '2024-10-27 07:05:50'),
(2930, 26, 5, '2024-05-20', 'present', '2024-10-27 07:05:51', '2024-10-27 07:05:51'),
(2931, 26, 6, '2024-05-20', 'late', '2024-10-27 07:05:51', '2024-10-27 07:05:51'),
(2932, 26, 7, '2024-05-20', 'late', '2024-10-27 07:05:51', '2024-10-27 07:05:51'),
(2933, 26, 8, '2024-05-20', 'absent', '2024-10-27 07:05:51', '2024-10-27 07:05:51'),
(2934, 26, 9, '2024-05-20', 'absent', '2024-10-27 07:05:51', '2024-10-27 07:05:51'),
(2935, 26, 10, '2024-05-20', 'late', '2024-10-27 07:05:51', '2024-10-27 07:05:51'),
(2936, 26, 11, '2024-05-20', 'absent', '2024-10-27 07:05:51', '2024-10-27 07:05:51'),
(2937, 26, 12, '2024-05-20', 'absent', '2024-10-27 07:05:51', '2024-10-27 07:05:51'),
(2938, 26, 13, '2024-05-20', 'present', '2024-10-27 07:05:51', '2024-10-27 07:05:51'),
(2939, 26, 14, '2024-05-20', 'present', '2024-10-27 07:05:51', '2024-10-27 07:05:51'),
(2940, 26, 15, '2024-05-20', 'late', '2024-10-27 07:05:51', '2024-10-27 07:05:51'),
(2941, 26, 1, '2024-07-03', 'present', '2024-10-27 07:05:51', '2024-10-27 07:05:51'),
(2942, 26, 2, '2024-07-03', 'absent', '2024-10-27 07:05:51', '2024-10-27 07:05:51'),
(2943, 26, 3, '2024-07-03', 'absent', '2024-10-27 07:05:51', '2024-10-27 07:05:51'),
(2944, 26, 4, '2024-07-03', 'absent', '2024-10-27 07:05:51', '2024-10-27 07:05:51'),
(2945, 26, 5, '2024-07-03', 'absent', '2024-10-27 07:05:51', '2024-10-27 07:05:51'),
(2946, 26, 6, '2024-07-03', 'absent', '2024-10-27 07:05:51', '2024-10-27 07:05:51'),
(2947, 26, 7, '2024-07-03', 'present', '2024-10-27 07:05:51', '2024-10-27 07:05:51'),
(2948, 26, 8, '2024-07-03', 'present', '2024-10-27 07:05:51', '2024-10-27 07:05:51'),
(2949, 26, 9, '2024-07-03', 'late', '2024-10-27 07:05:51', '2024-10-27 07:05:51'),
(2950, 26, 10, '2024-07-03', 'absent', '2024-10-27 07:05:51', '2024-10-27 07:05:51'),
(2951, 26, 11, '2024-07-03', 'absent', '2024-10-27 07:05:51', '2024-10-27 07:05:51'),
(2952, 26, 12, '2024-07-03', 'late', '2024-10-27 07:05:51', '2024-10-27 07:05:51'),
(2953, 26, 13, '2024-07-03', 'present', '2024-10-27 07:05:51', '2024-10-27 07:05:51'),
(2954, 26, 14, '2024-07-03', 'absent', '2024-10-27 07:05:51', '2024-10-27 07:05:51'),
(2955, 26, 15, '2024-07-03', 'absent', '2024-10-27 07:05:51', '2024-10-27 07:05:51'),
(2956, 26, 1, '2024-05-24', 'late', '2024-10-27 07:05:51', '2024-10-27 07:05:51'),
(2957, 26, 2, '2024-05-24', 'late', '2024-10-27 07:05:51', '2024-10-27 07:05:51'),
(2958, 26, 3, '2024-05-24', 'absent', '2024-10-27 07:05:51', '2024-10-27 07:05:51'),
(2959, 26, 4, '2024-05-24', 'absent', '2024-10-27 07:05:51', '2024-10-27 07:05:51'),
(2960, 26, 5, '2024-05-24', 'present', '2024-10-27 07:05:51', '2024-10-27 07:05:51'),
(2961, 26, 6, '2024-05-24', 'late', '2024-10-27 07:05:51', '2024-10-27 07:05:51'),
(2962, 26, 7, '2024-05-24', 'late', '2024-10-27 07:05:51', '2024-10-27 07:05:51'),
(2963, 26, 8, '2024-05-24', 'present', '2024-10-27 07:05:51', '2024-10-27 07:05:51'),
(2964, 26, 9, '2024-05-24', 'absent', '2024-10-27 07:05:51', '2024-10-27 07:05:51'),
(2965, 26, 10, '2024-05-24', 'present', '2024-10-27 07:05:51', '2024-10-27 07:05:51'),
(2966, 26, 11, '2024-05-24', 'late', '2024-10-27 07:05:51', '2024-10-27 07:05:51'),
(2967, 26, 12, '2024-05-24', 'late', '2024-10-27 07:05:51', '2024-10-27 07:05:51'),
(2968, 26, 13, '2024-05-24', 'late', '2024-10-27 07:05:51', '2024-10-27 07:05:51'),
(2969, 26, 14, '2024-05-24', 'absent', '2024-10-27 07:05:51', '2024-10-27 07:05:51'),
(2970, 26, 15, '2024-05-24', 'late', '2024-10-27 07:05:51', '2024-10-27 07:05:51'),
(2971, 26, 1, '2024-05-21', 'present', '2024-10-27 07:05:51', '2024-10-27 07:05:51'),
(2972, 26, 2, '2024-05-21', 'present', '2024-10-27 07:05:51', '2024-10-27 07:05:51'),
(2973, 26, 3, '2024-05-21', 'present', '2024-10-27 07:05:51', '2024-10-27 07:05:51'),
(2974, 26, 4, '2024-05-21', 'late', '2024-10-27 07:05:51', '2024-10-27 07:05:51'),
(2975, 26, 5, '2024-05-21', 'late', '2024-10-27 07:05:51', '2024-10-27 07:05:51'),
(2976, 26, 6, '2024-05-21', 'late', '2024-10-27 07:05:51', '2024-10-27 07:05:51'),
(2977, 26, 7, '2024-05-21', 'absent', '2024-10-27 07:05:51', '2024-10-27 07:05:51'),
(2978, 26, 8, '2024-05-21', 'absent', '2024-10-27 07:05:51', '2024-10-27 07:05:51'),
(2979, 26, 9, '2024-05-21', 'absent', '2024-10-27 07:05:51', '2024-10-27 07:05:51'),
(2980, 26, 10, '2024-05-21', 'absent', '2024-10-27 07:05:51', '2024-10-27 07:05:51'),
(2981, 26, 11, '2024-05-21', 'absent', '2024-10-27 07:05:51', '2024-10-27 07:05:51'),
(2982, 26, 12, '2024-05-21', 'absent', '2024-10-27 07:05:51', '2024-10-27 07:05:51'),
(2983, 26, 13, '2024-05-21', 'present', '2024-10-27 07:05:51', '2024-10-27 07:05:51'),
(2984, 26, 14, '2024-05-21', 'absent', '2024-10-27 07:05:51', '2024-10-27 07:05:51'),
(2985, 26, 15, '2024-05-21', 'absent', '2024-10-27 07:05:51', '2024-10-27 07:05:51'),
(2986, 26, 1, '2024-07-10', 'present', '2024-10-27 07:05:51', '2024-10-27 07:05:51'),
(2987, 26, 2, '2024-07-10', 'absent', '2024-10-27 07:05:51', '2024-10-27 07:05:51'),
(2988, 26, 3, '2024-07-10', 'late', '2024-10-27 07:05:51', '2024-10-27 07:05:51'),
(2989, 26, 4, '2024-07-10', 'absent', '2024-10-27 07:05:51', '2024-10-27 07:05:51'),
(2990, 26, 5, '2024-07-10', 'absent', '2024-10-27 07:05:51', '2024-10-27 07:05:51'),
(2991, 26, 6, '2024-07-10', 'absent', '2024-10-27 07:05:51', '2024-10-27 07:05:51'),
(2992, 26, 7, '2024-07-10', 'present', '2024-10-27 07:05:51', '2024-10-27 07:05:51'),
(2993, 26, 8, '2024-07-10', 'absent', '2024-10-27 07:05:51', '2024-10-27 07:05:51'),
(2994, 26, 9, '2024-07-10', 'absent', '2024-10-27 07:05:51', '2024-10-27 07:05:51'),
(2995, 26, 10, '2024-07-10', 'late', '2024-10-27 07:05:51', '2024-10-27 07:05:51'),
(2996, 26, 11, '2024-07-10', 'absent', '2024-10-27 07:05:51', '2024-10-27 07:05:51'),
(2997, 26, 12, '2024-07-10', 'late', '2024-10-27 07:05:51', '2024-10-27 07:05:51'),
(2998, 26, 13, '2024-07-10', 'present', '2024-10-27 07:05:51', '2024-10-27 07:05:51'),
(2999, 26, 14, '2024-07-10', 'present', '2024-10-27 07:05:51', '2024-10-27 07:05:51'),
(3000, 26, 15, '2024-07-10', 'absent', '2024-10-27 07:05:51', '2024-10-27 07:05:51'),
(3001, 26, 1, '2024-05-16', 'present', '2024-10-27 07:05:51', '2024-10-27 07:05:51'),
(3002, 26, 2, '2024-05-16', 'late', '2024-10-27 07:05:51', '2024-10-27 07:05:51'),
(3003, 26, 3, '2024-05-16', 'absent', '2024-10-27 07:05:51', '2024-10-27 07:05:51'),
(3004, 26, 4, '2024-05-16', 'absent', '2024-10-27 07:05:51', '2024-10-27 07:05:51'),
(3005, 26, 5, '2024-05-16', 'present', '2024-10-27 07:05:51', '2024-10-27 07:05:51'),
(3006, 26, 6, '2024-05-16', 'absent', '2024-10-27 07:05:51', '2024-10-27 07:05:51'),
(3007, 26, 7, '2024-05-16', 'absent', '2024-10-27 07:05:51', '2024-10-27 07:05:51'),
(3008, 26, 8, '2024-05-16', 'present', '2024-10-27 07:05:51', '2024-10-27 07:05:51'),
(3009, 26, 9, '2024-05-16', 'present', '2024-10-27 07:05:51', '2024-10-27 07:05:51'),
(3010, 26, 10, '2024-05-16', 'late', '2024-10-27 07:05:51', '2024-10-27 07:05:51'),
(3011, 26, 11, '2024-05-16', 'present', '2024-10-27 07:05:51', '2024-10-27 07:05:51'),
(3012, 26, 12, '2024-05-16', 'absent', '2024-10-27 07:05:51', '2024-10-27 07:05:51'),
(3013, 26, 13, '2024-05-16', 'late', '2024-10-27 07:05:51', '2024-10-27 07:05:51'),
(3014, 26, 14, '2024-05-16', 'late', '2024-10-27 07:05:51', '2024-10-27 07:05:51'),
(3015, 26, 15, '2024-05-16', 'present', '2024-10-27 07:05:51', '2024-10-27 07:05:51'),
(3016, 26, 1, '2024-07-12', 'late', '2024-10-27 07:05:51', '2024-10-27 07:05:51'),
(3017, 26, 2, '2024-07-12', 'absent', '2024-10-27 07:05:51', '2024-10-27 07:05:51'),
(3018, 26, 3, '2024-07-12', 'present', '2024-10-27 07:05:51', '2024-10-27 07:05:51'),
(3019, 26, 4, '2024-07-12', 'late', '2024-10-27 07:05:51', '2024-10-27 07:05:51'),
(3020, 26, 5, '2024-07-12', 'present', '2024-10-27 07:05:51', '2024-10-27 07:05:51'),
(3021, 26, 6, '2024-07-12', 'late', '2024-10-27 07:05:51', '2024-10-27 07:05:51'),
(3022, 26, 7, '2024-07-12', 'late', '2024-10-27 07:05:51', '2024-10-27 07:05:51'),
(3023, 26, 8, '2024-07-12', 'present', '2024-10-27 07:05:51', '2024-10-27 07:05:51'),
(3024, 26, 9, '2024-07-12', 'absent', '2024-10-27 07:05:51', '2024-10-27 07:05:51'),
(3025, 26, 10, '2024-07-12', 'late', '2024-10-27 07:05:51', '2024-10-27 07:05:51'),
(3026, 26, 11, '2024-07-12', 'late', '2024-10-27 07:05:51', '2024-10-27 07:05:51');
INSERT INTO `attendance` (`id`, `user_id`, `course_id`, `attendance_date`, `status`, `created_at`, `updated_at`) VALUES
(3027, 26, 12, '2024-07-12', 'absent', '2024-10-27 07:05:51', '2024-10-27 07:05:51'),
(3028, 26, 13, '2024-07-12', 'late', '2024-10-27 07:05:51', '2024-10-27 07:05:51'),
(3029, 26, 14, '2024-07-12', 'present', '2024-10-27 07:05:51', '2024-10-27 07:05:51'),
(3030, 26, 15, '2024-07-12', 'absent', '2024-10-27 07:05:51', '2024-10-27 07:05:51'),
(3031, 27, 1, '2024-05-01', 'late', '2024-10-27 07:05:51', '2024-10-27 07:05:51'),
(3032, 27, 2, '2024-05-01', 'late', '2024-10-27 07:05:51', '2024-10-27 07:05:51'),
(3033, 27, 3, '2024-05-01', 'absent', '2024-10-27 07:05:51', '2024-10-27 07:05:51'),
(3034, 27, 4, '2024-05-01', 'present', '2024-10-27 07:05:51', '2024-10-27 07:05:51'),
(3035, 27, 5, '2024-05-01', 'absent', '2024-10-27 07:05:51', '2024-10-27 07:05:51'),
(3036, 27, 6, '2024-05-01', 'late', '2024-10-27 07:05:51', '2024-10-27 07:05:51'),
(3037, 27, 7, '2024-05-01', 'late', '2024-10-27 07:05:51', '2024-10-27 07:05:51'),
(3038, 27, 8, '2024-05-01', 'late', '2024-10-27 07:05:51', '2024-10-27 07:05:51'),
(3039, 27, 9, '2024-05-01', 'absent', '2024-10-27 07:05:51', '2024-10-27 07:05:51'),
(3040, 27, 10, '2024-05-01', 'present', '2024-10-27 07:05:51', '2024-10-27 07:05:51'),
(3041, 27, 11, '2024-05-01', 'present', '2024-10-27 07:05:51', '2024-10-27 07:05:51'),
(3042, 27, 12, '2024-05-01', 'absent', '2024-10-27 07:05:51', '2024-10-27 07:05:51'),
(3043, 27, 13, '2024-05-01', 'absent', '2024-10-27 07:05:51', '2024-10-27 07:05:51'),
(3044, 27, 14, '2024-05-01', 'present', '2024-10-27 07:05:51', '2024-10-27 07:05:51'),
(3045, 27, 15, '2024-05-01', 'present', '2024-10-27 07:05:51', '2024-10-27 07:05:51'),
(3046, 27, 1, '2024-06-26', 'late', '2024-10-27 07:05:51', '2024-10-27 07:05:51'),
(3047, 27, 2, '2024-06-26', 'present', '2024-10-27 07:05:51', '2024-10-27 07:05:51'),
(3048, 27, 3, '2024-06-26', 'absent', '2024-10-27 07:05:51', '2024-10-27 07:05:51'),
(3049, 27, 4, '2024-06-26', 'absent', '2024-10-27 07:05:51', '2024-10-27 07:05:51'),
(3050, 27, 5, '2024-06-26', 'present', '2024-10-27 07:05:51', '2024-10-27 07:05:51'),
(3051, 27, 6, '2024-06-26', 'late', '2024-10-27 07:05:51', '2024-10-27 07:05:51'),
(3052, 27, 7, '2024-06-26', 'present', '2024-10-27 07:05:51', '2024-10-27 07:05:51'),
(3053, 27, 8, '2024-06-26', 'late', '2024-10-27 07:05:51', '2024-10-27 07:05:51'),
(3054, 27, 9, '2024-06-26', 'absent', '2024-10-27 07:05:51', '2024-10-27 07:05:51'),
(3055, 27, 10, '2024-06-26', 'late', '2024-10-27 07:05:51', '2024-10-27 07:05:51'),
(3056, 27, 11, '2024-06-26', 'absent', '2024-10-27 07:05:51', '2024-10-27 07:05:51'),
(3057, 27, 12, '2024-06-26', 'present', '2024-10-27 07:05:51', '2024-10-27 07:05:51'),
(3058, 27, 13, '2024-06-26', 'absent', '2024-10-27 07:05:51', '2024-10-27 07:05:51'),
(3059, 27, 14, '2024-06-26', 'absent', '2024-10-27 07:05:51', '2024-10-27 07:05:51'),
(3060, 27, 15, '2024-06-26', 'absent', '2024-10-27 07:05:51', '2024-10-27 07:05:51'),
(3061, 27, 1, '2024-07-10', 'absent', '2024-10-27 07:05:51', '2024-10-27 07:05:51'),
(3062, 27, 2, '2024-07-10', 'absent', '2024-10-27 07:05:51', '2024-10-27 07:05:51'),
(3063, 27, 3, '2024-07-10', 'present', '2024-10-27 07:05:51', '2024-10-27 07:05:51'),
(3064, 27, 4, '2024-07-10', 'present', '2024-10-27 07:05:51', '2024-10-27 07:05:51'),
(3065, 27, 5, '2024-07-10', 'present', '2024-10-27 07:05:51', '2024-10-27 07:05:51'),
(3066, 27, 6, '2024-07-10', 'present', '2024-10-27 07:05:51', '2024-10-27 07:05:51'),
(3067, 27, 7, '2024-07-10', 'absent', '2024-10-27 07:05:51', '2024-10-27 07:05:51'),
(3068, 27, 8, '2024-07-10', 'absent', '2024-10-27 07:05:51', '2024-10-27 07:05:51'),
(3069, 27, 9, '2024-07-10', 'late', '2024-10-27 07:05:51', '2024-10-27 07:05:51'),
(3070, 27, 10, '2024-07-10', 'absent', '2024-10-27 07:05:51', '2024-10-27 07:05:51'),
(3071, 27, 11, '2024-07-10', 'late', '2024-10-27 07:05:51', '2024-10-27 07:05:51'),
(3072, 27, 12, '2024-07-10', 'present', '2024-10-27 07:05:51', '2024-10-27 07:05:51'),
(3073, 27, 13, '2024-07-10', 'present', '2024-10-27 07:05:51', '2024-10-27 07:05:51'),
(3074, 27, 14, '2024-07-10', 'absent', '2024-10-27 07:05:51', '2024-10-27 07:05:51'),
(3075, 27, 15, '2024-07-10', 'present', '2024-10-27 07:05:51', '2024-10-27 07:05:51'),
(3076, 27, 1, '2024-06-30', 'late', '2024-10-27 07:05:51', '2024-10-27 07:05:51'),
(3077, 27, 2, '2024-06-30', 'present', '2024-10-27 07:05:51', '2024-10-27 07:05:51'),
(3078, 27, 3, '2024-06-30', 'present', '2024-10-27 07:05:51', '2024-10-27 07:05:51'),
(3079, 27, 4, '2024-06-30', 'present', '2024-10-27 07:05:51', '2024-10-27 07:05:51'),
(3080, 27, 5, '2024-06-30', 'present', '2024-10-27 07:05:51', '2024-10-27 07:05:51'),
(3081, 27, 6, '2024-06-30', 'present', '2024-10-27 07:05:51', '2024-10-27 07:05:51'),
(3082, 27, 7, '2024-06-30', 'late', '2024-10-27 07:05:51', '2024-10-27 07:05:51'),
(3083, 27, 8, '2024-06-30', 'absent', '2024-10-27 07:05:51', '2024-10-27 07:05:51'),
(3084, 27, 9, '2024-06-30', 'present', '2024-10-27 07:05:51', '2024-10-27 07:05:51'),
(3085, 27, 10, '2024-06-30', 'late', '2024-10-27 07:05:51', '2024-10-27 07:05:51'),
(3086, 27, 11, '2024-06-30', 'late', '2024-10-27 07:05:51', '2024-10-27 07:05:51'),
(3087, 27, 12, '2024-06-30', 'present', '2024-10-27 07:05:51', '2024-10-27 07:05:51'),
(3088, 27, 13, '2024-06-30', 'present', '2024-10-27 07:05:51', '2024-10-27 07:05:51'),
(3089, 27, 14, '2024-06-30', 'absent', '2024-10-27 07:05:51', '2024-10-27 07:05:51'),
(3090, 27, 15, '2024-06-30', 'absent', '2024-10-27 07:05:51', '2024-10-27 07:05:51'),
(3091, 27, 1, '2024-05-17', 'late', '2024-10-27 07:05:51', '2024-10-27 07:05:51'),
(3092, 27, 2, '2024-05-17', 'present', '2024-10-27 07:05:51', '2024-10-27 07:05:51'),
(3093, 27, 3, '2024-05-17', 'present', '2024-10-27 07:05:51', '2024-10-27 07:05:51'),
(3094, 27, 4, '2024-05-17', 'absent', '2024-10-27 07:05:51', '2024-10-27 07:05:51'),
(3095, 27, 5, '2024-05-17', 'late', '2024-10-27 07:05:51', '2024-10-27 07:05:51'),
(3096, 27, 6, '2024-05-17', 'absent', '2024-10-27 07:05:51', '2024-10-27 07:05:51'),
(3097, 27, 7, '2024-05-17', 'absent', '2024-10-27 07:05:51', '2024-10-27 07:05:51'),
(3098, 27, 8, '2024-05-17', 'present', '2024-10-27 07:05:51', '2024-10-27 07:05:51'),
(3099, 27, 9, '2024-05-17', 'absent', '2024-10-27 07:05:51', '2024-10-27 07:05:51'),
(3100, 27, 10, '2024-05-17', 'present', '2024-10-27 07:05:51', '2024-10-27 07:05:51'),
(3101, 27, 11, '2024-05-17', 'absent', '2024-10-27 07:05:51', '2024-10-27 07:05:51'),
(3102, 27, 12, '2024-05-17', 'present', '2024-10-27 07:05:51', '2024-10-27 07:05:51'),
(3103, 27, 13, '2024-05-17', 'absent', '2024-10-27 07:05:51', '2024-10-27 07:05:51'),
(3104, 27, 14, '2024-05-17', 'present', '2024-10-27 07:05:51', '2024-10-27 07:05:51'),
(3105, 27, 15, '2024-05-17', 'late', '2024-10-27 07:05:51', '2024-10-27 07:05:51'),
(3106, 27, 1, '2024-06-14', 'absent', '2024-10-27 07:05:51', '2024-10-27 07:05:51'),
(3107, 27, 2, '2024-06-14', 'late', '2024-10-27 07:05:51', '2024-10-27 07:05:51'),
(3108, 27, 3, '2024-06-14', 'present', '2024-10-27 07:05:51', '2024-10-27 07:05:51'),
(3109, 27, 4, '2024-06-14', 'present', '2024-10-27 07:05:51', '2024-10-27 07:05:51'),
(3110, 27, 5, '2024-06-14', 'present', '2024-10-27 07:05:51', '2024-10-27 07:05:51'),
(3111, 27, 6, '2024-06-14', 'absent', '2024-10-27 07:05:51', '2024-10-27 07:05:51'),
(3112, 27, 7, '2024-06-14', 'absent', '2024-10-27 07:05:51', '2024-10-27 07:05:51'),
(3113, 27, 8, '2024-06-14', 'present', '2024-10-27 07:05:51', '2024-10-27 07:05:51'),
(3114, 27, 9, '2024-06-14', 'present', '2024-10-27 07:05:51', '2024-10-27 07:05:51'),
(3115, 27, 10, '2024-06-14', 'absent', '2024-10-27 07:05:51', '2024-10-27 07:05:51'),
(3116, 27, 11, '2024-06-14', 'absent', '2024-10-27 07:05:51', '2024-10-27 07:05:51'),
(3117, 27, 12, '2024-06-14', 'late', '2024-10-27 07:05:51', '2024-10-27 07:05:51'),
(3118, 27, 13, '2024-06-14', 'absent', '2024-10-27 07:05:51', '2024-10-27 07:05:51'),
(3119, 27, 14, '2024-06-14', 'present', '2024-10-27 07:05:51', '2024-10-27 07:05:51'),
(3120, 27, 15, '2024-06-14', 'present', '2024-10-27 07:05:51', '2024-10-27 07:05:51'),
(3121, 27, 1, '2024-05-09', 'absent', '2024-10-27 07:05:51', '2024-10-27 07:05:51'),
(3122, 27, 2, '2024-05-09', 'late', '2024-10-27 07:05:51', '2024-10-27 07:05:51'),
(3123, 27, 3, '2024-05-09', 'present', '2024-10-27 07:05:51', '2024-10-27 07:05:51'),
(3124, 27, 4, '2024-05-09', 'absent', '2024-10-27 07:05:51', '2024-10-27 07:05:51'),
(3125, 27, 5, '2024-05-09', 'present', '2024-10-27 07:05:51', '2024-10-27 07:05:51'),
(3126, 27, 6, '2024-05-09', 'late', '2024-10-27 07:05:51', '2024-10-27 07:05:51'),
(3127, 27, 7, '2024-05-09', 'late', '2024-10-27 07:05:51', '2024-10-27 07:05:51'),
(3128, 27, 8, '2024-05-09', 'present', '2024-10-27 07:05:51', '2024-10-27 07:05:51'),
(3129, 27, 9, '2024-05-09', 'late', '2024-10-27 07:05:51', '2024-10-27 07:05:51'),
(3130, 27, 10, '2024-05-09', 'present', '2024-10-27 07:05:51', '2024-10-27 07:05:51'),
(3131, 27, 11, '2024-05-09', 'absent', '2024-10-27 07:05:51', '2024-10-27 07:05:51'),
(3132, 27, 12, '2024-05-09', 'present', '2024-10-27 07:05:51', '2024-10-27 07:05:51'),
(3133, 27, 13, '2024-05-09', 'absent', '2024-10-27 07:05:51', '2024-10-27 07:05:51'),
(3134, 27, 14, '2024-05-09', 'present', '2024-10-27 07:05:51', '2024-10-27 07:05:51'),
(3135, 27, 15, '2024-05-09', 'absent', '2024-10-27 07:05:51', '2024-10-27 07:05:51'),
(3136, 28, 1, '2024-05-24', 'present', '2024-10-27 07:05:51', '2024-10-27 07:05:51'),
(3137, 28, 2, '2024-05-24', 'late', '2024-10-27 07:05:51', '2024-10-27 07:05:51'),
(3138, 28, 3, '2024-05-24', 'late', '2024-10-27 07:05:51', '2024-10-27 07:05:51'),
(3139, 28, 4, '2024-05-24', 'absent', '2024-10-27 07:05:51', '2024-10-27 07:05:51'),
(3140, 28, 5, '2024-05-24', 'absent', '2024-10-27 07:05:51', '2024-10-27 07:05:51'),
(3141, 28, 6, '2024-05-24', 'late', '2024-10-27 07:05:51', '2024-10-27 07:05:51'),
(3142, 28, 7, '2024-05-24', 'late', '2024-10-27 07:05:51', '2024-10-27 07:05:51'),
(3143, 28, 8, '2024-05-24', 'late', '2024-10-27 07:05:51', '2024-10-27 07:05:51'),
(3144, 28, 9, '2024-05-24', 'late', '2024-10-27 07:05:51', '2024-10-27 07:05:51'),
(3145, 28, 10, '2024-05-24', 'late', '2024-10-27 07:05:51', '2024-10-27 07:05:51'),
(3146, 28, 11, '2024-05-24', 'present', '2024-10-27 07:05:51', '2024-10-27 07:05:51'),
(3147, 28, 12, '2024-05-24', 'late', '2024-10-27 07:05:51', '2024-10-27 07:05:51'),
(3148, 28, 13, '2024-05-24', 'absent', '2024-10-27 07:05:51', '2024-10-27 07:05:51'),
(3149, 28, 14, '2024-05-24', 'late', '2024-10-27 07:05:51', '2024-10-27 07:05:51'),
(3150, 28, 15, '2024-05-24', 'absent', '2024-10-27 07:05:51', '2024-10-27 07:05:51'),
(3151, 28, 1, '2024-07-20', 'present', '2024-10-27 07:05:51', '2024-10-27 07:05:51'),
(3152, 28, 2, '2024-07-20', 'late', '2024-10-27 07:05:51', '2024-10-27 07:05:51'),
(3153, 28, 3, '2024-07-20', 'late', '2024-10-27 07:05:51', '2024-10-27 07:05:51'),
(3154, 28, 4, '2024-07-20', 'late', '2024-10-27 07:05:51', '2024-10-27 07:05:51'),
(3155, 28, 5, '2024-07-20', 'late', '2024-10-27 07:05:51', '2024-10-27 07:05:51'),
(3156, 28, 6, '2024-07-20', 'absent', '2024-10-27 07:05:51', '2024-10-27 07:05:51'),
(3157, 28, 7, '2024-07-20', 'present', '2024-10-27 07:05:51', '2024-10-27 07:05:51'),
(3158, 28, 8, '2024-07-20', 'late', '2024-10-27 07:05:51', '2024-10-27 07:05:51'),
(3159, 28, 9, '2024-07-20', 'late', '2024-10-27 07:05:51', '2024-10-27 07:05:51'),
(3160, 28, 10, '2024-07-20', 'absent', '2024-10-27 07:05:51', '2024-10-27 07:05:51'),
(3161, 28, 11, '2024-07-20', 'absent', '2024-10-27 07:05:51', '2024-10-27 07:05:51'),
(3162, 28, 12, '2024-07-20', 'late', '2024-10-27 07:05:51', '2024-10-27 07:05:51'),
(3163, 28, 13, '2024-07-20', 'present', '2024-10-27 07:05:51', '2024-10-27 07:05:51'),
(3164, 28, 14, '2024-07-20', 'late', '2024-10-27 07:05:51', '2024-10-27 07:05:51'),
(3165, 28, 15, '2024-07-20', 'absent', '2024-10-27 07:05:51', '2024-10-27 07:05:51'),
(3166, 28, 1, '2024-06-10', 'late', '2024-10-27 07:05:51', '2024-10-27 07:05:51'),
(3167, 28, 2, '2024-06-10', 'absent', '2024-10-27 07:05:51', '2024-10-27 07:05:51'),
(3168, 28, 3, '2024-06-10', 'present', '2024-10-27 07:05:51', '2024-10-27 07:05:51'),
(3169, 28, 4, '2024-06-10', 'late', '2024-10-27 07:05:51', '2024-10-27 07:05:51'),
(3170, 28, 5, '2024-06-10', 'late', '2024-10-27 07:05:51', '2024-10-27 07:05:51'),
(3171, 28, 6, '2024-06-10', 'present', '2024-10-27 07:05:51', '2024-10-27 07:05:51'),
(3172, 28, 7, '2024-06-10', 'present', '2024-10-27 07:05:51', '2024-10-27 07:05:51'),
(3173, 28, 8, '2024-06-10', 'absent', '2024-10-27 07:05:51', '2024-10-27 07:05:51'),
(3174, 28, 9, '2024-06-10', 'absent', '2024-10-27 07:05:51', '2024-10-27 07:05:51'),
(3175, 28, 10, '2024-06-10', 'present', '2024-10-27 07:05:51', '2024-10-27 07:05:51'),
(3176, 28, 11, '2024-06-10', 'absent', '2024-10-27 07:05:51', '2024-10-27 07:05:51'),
(3177, 28, 12, '2024-06-10', 'present', '2024-10-27 07:05:51', '2024-10-27 07:05:51'),
(3178, 28, 13, '2024-06-10', 'present', '2024-10-27 07:05:51', '2024-10-27 07:05:51'),
(3179, 28, 14, '2024-06-10', 'late', '2024-10-27 07:05:51', '2024-10-27 07:05:51'),
(3180, 28, 15, '2024-06-10', 'late', '2024-10-27 07:05:51', '2024-10-27 07:05:51'),
(3181, 28, 1, '2024-05-24', 'absent', '2024-10-27 07:05:51', '2024-10-27 07:05:51'),
(3182, 28, 2, '2024-05-24', 'present', '2024-10-27 07:05:51', '2024-10-27 07:05:51'),
(3183, 28, 3, '2024-05-24', 'late', '2024-10-27 07:05:51', '2024-10-27 07:05:51'),
(3184, 28, 4, '2024-05-24', 'present', '2024-10-27 07:05:51', '2024-10-27 07:05:51'),
(3185, 28, 5, '2024-05-24', 'absent', '2024-10-27 07:05:51', '2024-10-27 07:05:51'),
(3186, 28, 6, '2024-05-24', 'present', '2024-10-27 07:05:51', '2024-10-27 07:05:51'),
(3187, 28, 7, '2024-05-24', 'late', '2024-10-27 07:05:51', '2024-10-27 07:05:51'),
(3188, 28, 8, '2024-05-24', 'absent', '2024-10-27 07:05:51', '2024-10-27 07:05:51'),
(3189, 28, 9, '2024-05-24', 'present', '2024-10-27 07:05:51', '2024-10-27 07:05:51'),
(3190, 28, 10, '2024-05-24', 'present', '2024-10-27 07:05:51', '2024-10-27 07:05:51'),
(3191, 28, 11, '2024-05-24', 'present', '2024-10-27 07:05:51', '2024-10-27 07:05:51'),
(3192, 28, 12, '2024-05-24', 'absent', '2024-10-27 07:05:51', '2024-10-27 07:05:51'),
(3193, 28, 13, '2024-05-24', 'present', '2024-10-27 07:05:51', '2024-10-27 07:05:51'),
(3194, 28, 14, '2024-05-24', 'present', '2024-10-27 07:05:51', '2024-10-27 07:05:51'),
(3195, 28, 15, '2024-05-24', 'absent', '2024-10-27 07:05:51', '2024-10-27 07:05:51'),
(3196, 28, 1, '2024-06-24', 'late', '2024-10-27 07:05:51', '2024-10-27 07:05:51'),
(3197, 28, 2, '2024-06-24', 'present', '2024-10-27 07:05:51', '2024-10-27 07:05:51'),
(3198, 28, 3, '2024-06-24', 'present', '2024-10-27 07:05:51', '2024-10-27 07:05:51'),
(3199, 28, 4, '2024-06-24', 'absent', '2024-10-27 07:05:51', '2024-10-27 07:05:51'),
(3200, 28, 5, '2024-06-24', 'absent', '2024-10-27 07:05:51', '2024-10-27 07:05:51'),
(3201, 28, 6, '2024-06-24', 'present', '2024-10-27 07:05:51', '2024-10-27 07:05:51'),
(3202, 28, 7, '2024-06-24', 'late', '2024-10-27 07:05:51', '2024-10-27 07:05:51'),
(3203, 28, 8, '2024-06-24', 'late', '2024-10-27 07:05:51', '2024-10-27 07:05:51'),
(3204, 28, 9, '2024-06-24', 'present', '2024-10-27 07:05:51', '2024-10-27 07:05:51'),
(3205, 28, 10, '2024-06-24', 'present', '2024-10-27 07:05:51', '2024-10-27 07:05:51'),
(3206, 28, 11, '2024-06-24', 'present', '2024-10-27 07:05:51', '2024-10-27 07:05:51'),
(3207, 28, 12, '2024-06-24', 'present', '2024-10-27 07:05:51', '2024-10-27 07:05:51'),
(3208, 28, 13, '2024-06-24', 'late', '2024-10-27 07:05:51', '2024-10-27 07:05:51'),
(3209, 28, 14, '2024-06-24', 'absent', '2024-10-27 07:05:51', '2024-10-27 07:05:51'),
(3210, 28, 15, '2024-06-24', 'late', '2024-10-27 07:05:51', '2024-10-27 07:05:51'),
(3211, 28, 1, '2024-06-12', 'present', '2024-10-27 07:05:51', '2024-10-27 07:05:51'),
(3212, 28, 2, '2024-06-12', 'present', '2024-10-27 07:05:51', '2024-10-27 07:05:51'),
(3213, 28, 3, '2024-06-12', 'present', '2024-10-27 07:05:51', '2024-10-27 07:05:51'),
(3214, 28, 4, '2024-06-12', 'absent', '2024-10-27 07:05:51', '2024-10-27 07:05:51'),
(3215, 28, 5, '2024-06-12', 'late', '2024-10-27 07:05:51', '2024-10-27 07:05:51'),
(3216, 28, 6, '2024-06-12', 'late', '2024-10-27 07:05:51', '2024-10-27 07:05:51'),
(3217, 28, 7, '2024-06-12', 'late', '2024-10-27 07:05:51', '2024-10-27 07:05:51'),
(3218, 28, 8, '2024-06-12', 'absent', '2024-10-27 07:05:51', '2024-10-27 07:05:51'),
(3219, 28, 9, '2024-06-12', 'present', '2024-10-27 07:05:51', '2024-10-27 07:05:51'),
(3220, 28, 10, '2024-06-12', 'absent', '2024-10-27 07:05:51', '2024-10-27 07:05:51'),
(3221, 28, 11, '2024-06-12', 'present', '2024-10-27 07:05:51', '2024-10-27 07:05:51'),
(3222, 28, 12, '2024-06-12', 'absent', '2024-10-27 07:05:51', '2024-10-27 07:05:51'),
(3223, 28, 13, '2024-06-12', 'late', '2024-10-27 07:05:51', '2024-10-27 07:05:51'),
(3224, 28, 14, '2024-06-12', 'absent', '2024-10-27 07:05:51', '2024-10-27 07:05:51'),
(3225, 28, 15, '2024-06-12', 'absent', '2024-10-27 07:05:51', '2024-10-27 07:05:51'),
(3226, 28, 1, '2024-06-24', 'late', '2024-10-27 07:05:51', '2024-10-27 07:05:51'),
(3227, 28, 2, '2024-06-24', 'late', '2024-10-27 07:05:51', '2024-10-27 07:05:51'),
(3228, 28, 3, '2024-06-24', 'absent', '2024-10-27 07:05:51', '2024-10-27 07:05:51'),
(3229, 28, 4, '2024-06-24', 'present', '2024-10-27 07:05:51', '2024-10-27 07:05:51'),
(3230, 28, 5, '2024-06-24', 'present', '2024-10-27 07:05:51', '2024-10-27 07:05:51'),
(3231, 28, 6, '2024-06-24', 'absent', '2024-10-27 07:05:51', '2024-10-27 07:05:51'),
(3232, 28, 7, '2024-06-24', 'absent', '2024-10-27 07:05:51', '2024-10-27 07:05:51'),
(3233, 28, 8, '2024-06-24', 'absent', '2024-10-27 07:05:51', '2024-10-27 07:05:51'),
(3234, 28, 9, '2024-06-24', 'absent', '2024-10-27 07:05:51', '2024-10-27 07:05:51'),
(3235, 28, 10, '2024-06-24', 'late', '2024-10-27 07:05:51', '2024-10-27 07:05:51'),
(3236, 28, 11, '2024-06-24', 'absent', '2024-10-27 07:05:51', '2024-10-27 07:05:51'),
(3237, 28, 12, '2024-06-24', 'present', '2024-10-27 07:05:51', '2024-10-27 07:05:51'),
(3238, 28, 13, '2024-06-24', 'present', '2024-10-27 07:05:51', '2024-10-27 07:05:51'),
(3239, 28, 14, '2024-06-24', 'absent', '2024-10-27 07:05:51', '2024-10-27 07:05:51'),
(3240, 28, 15, '2024-06-24', 'late', '2024-10-27 07:05:51', '2024-10-27 07:05:51'),
(3241, 28, 1, '2024-06-27', 'absent', '2024-10-27 07:05:51', '2024-10-27 07:05:51'),
(3242, 28, 2, '2024-06-27', 'late', '2024-10-27 07:05:51', '2024-10-27 07:05:51'),
(3243, 28, 3, '2024-06-27', 'absent', '2024-10-27 07:05:51', '2024-10-27 07:05:51'),
(3244, 28, 4, '2024-06-27', 'late', '2024-10-27 07:05:51', '2024-10-27 07:05:51'),
(3245, 28, 5, '2024-06-27', 'late', '2024-10-27 07:05:51', '2024-10-27 07:05:51'),
(3246, 28, 6, '2024-06-27', 'late', '2024-10-27 07:05:51', '2024-10-27 07:05:51'),
(3247, 28, 7, '2024-06-27', 'late', '2024-10-27 07:05:51', '2024-10-27 07:05:51'),
(3248, 28, 8, '2024-06-27', 'late', '2024-10-27 07:05:51', '2024-10-27 07:05:51'),
(3249, 28, 9, '2024-06-27', 'present', '2024-10-27 07:05:51', '2024-10-27 07:05:51'),
(3250, 28, 10, '2024-06-27', 'absent', '2024-10-27 07:05:51', '2024-10-27 07:05:51'),
(3251, 28, 11, '2024-06-27', 'present', '2024-10-27 07:05:51', '2024-10-27 07:05:51'),
(3252, 28, 12, '2024-06-27', 'late', '2024-10-27 07:05:51', '2024-10-27 07:05:51'),
(3253, 28, 13, '2024-06-27', 'absent', '2024-10-27 07:05:51', '2024-10-27 07:05:51'),
(3254, 28, 14, '2024-06-27', 'present', '2024-10-27 07:05:51', '2024-10-27 07:05:51'),
(3255, 28, 15, '2024-06-27', 'late', '2024-10-27 07:05:51', '2024-10-27 07:05:51'),
(3256, 29, 1, '2024-05-27', 'absent', '2024-10-27 07:05:51', '2024-10-27 07:05:51'),
(3257, 29, 2, '2024-05-27', 'late', '2024-10-27 07:05:51', '2024-10-27 07:05:51'),
(3258, 29, 3, '2024-05-27', 'present', '2024-10-27 07:05:51', '2024-10-27 07:05:51'),
(3259, 29, 4, '2024-05-27', 'late', '2024-10-27 07:05:51', '2024-10-27 07:05:51'),
(3260, 29, 5, '2024-05-27', 'late', '2024-10-27 07:05:51', '2024-10-27 07:05:51'),
(3261, 29, 6, '2024-05-27', 'present', '2024-10-27 07:05:51', '2024-10-27 07:05:51'),
(3262, 29, 7, '2024-05-27', 'absent', '2024-10-27 07:05:51', '2024-10-27 07:05:51'),
(3263, 29, 8, '2024-05-27', 'absent', '2024-10-27 07:05:51', '2024-10-27 07:05:51'),
(3264, 29, 9, '2024-05-27', 'present', '2024-10-27 07:05:51', '2024-10-27 07:05:51'),
(3265, 29, 10, '2024-05-27', 'late', '2024-10-27 07:05:51', '2024-10-27 07:05:51'),
(3266, 29, 11, '2024-05-27', 'absent', '2024-10-27 07:05:51', '2024-10-27 07:05:51'),
(3267, 29, 12, '2024-05-27', 'absent', '2024-10-27 07:05:51', '2024-10-27 07:05:51'),
(3268, 29, 13, '2024-05-27', 'absent', '2024-10-27 07:05:51', '2024-10-27 07:05:51'),
(3269, 29, 14, '2024-05-27', 'absent', '2024-10-27 07:05:51', '2024-10-27 07:05:51'),
(3270, 29, 15, '2024-05-27', 'absent', '2024-10-27 07:05:51', '2024-10-27 07:05:51'),
(3271, 29, 1, '2024-05-09', 'present', '2024-10-27 07:05:51', '2024-10-27 07:05:51'),
(3272, 29, 2, '2024-05-09', 'absent', '2024-10-27 07:05:51', '2024-10-27 07:05:51'),
(3273, 29, 3, '2024-05-09', 'absent', '2024-10-27 07:05:51', '2024-10-27 07:05:51'),
(3274, 29, 4, '2024-05-09', 'absent', '2024-10-27 07:05:51', '2024-10-27 07:05:51'),
(3275, 29, 5, '2024-05-09', 'absent', '2024-10-27 07:05:51', '2024-10-27 07:05:51'),
(3276, 29, 6, '2024-05-09', 'present', '2024-10-27 07:05:51', '2024-10-27 07:05:51'),
(3277, 29, 7, '2024-05-09', 'present', '2024-10-27 07:05:51', '2024-10-27 07:05:51'),
(3278, 29, 8, '2024-05-09', 'absent', '2024-10-27 07:05:51', '2024-10-27 07:05:51'),
(3279, 29, 9, '2024-05-09', 'late', '2024-10-27 07:05:51', '2024-10-27 07:05:51'),
(3280, 29, 10, '2024-05-09', 'late', '2024-10-27 07:05:51', '2024-10-27 07:05:51'),
(3281, 29, 11, '2024-05-09', 'absent', '2024-10-27 07:05:51', '2024-10-27 07:05:51'),
(3282, 29, 12, '2024-05-09', 'present', '2024-10-27 07:05:51', '2024-10-27 07:05:51'),
(3283, 29, 13, '2024-05-09', 'present', '2024-10-27 07:05:51', '2024-10-27 07:05:51'),
(3284, 29, 14, '2024-05-09', 'absent', '2024-10-27 07:05:51', '2024-10-27 07:05:51'),
(3285, 29, 15, '2024-05-09', 'late', '2024-10-27 07:05:51', '2024-10-27 07:05:51'),
(3286, 29, 1, '2024-07-02', 'absent', '2024-10-27 07:05:51', '2024-10-27 07:05:51'),
(3287, 29, 2, '2024-07-02', 'late', '2024-10-27 07:05:51', '2024-10-27 07:05:51'),
(3288, 29, 3, '2024-07-02', 'late', '2024-10-27 07:05:51', '2024-10-27 07:05:51'),
(3289, 29, 4, '2024-07-02', 'present', '2024-10-27 07:05:51', '2024-10-27 07:05:51'),
(3290, 29, 5, '2024-07-02', 'late', '2024-10-27 07:05:51', '2024-10-27 07:05:51'),
(3291, 29, 6, '2024-07-02', 'present', '2024-10-27 07:05:51', '2024-10-27 07:05:51'),
(3292, 29, 7, '2024-07-02', 'present', '2024-10-27 07:05:51', '2024-10-27 07:05:51'),
(3293, 29, 8, '2024-07-02', 'present', '2024-10-27 07:05:51', '2024-10-27 07:05:51'),
(3294, 29, 9, '2024-07-02', 'present', '2024-10-27 07:05:51', '2024-10-27 07:05:51'),
(3295, 29, 10, '2024-07-02', 'present', '2024-10-27 07:05:51', '2024-10-27 07:05:51'),
(3296, 29, 11, '2024-07-02', 'late', '2024-10-27 07:05:51', '2024-10-27 07:05:51'),
(3297, 29, 12, '2024-07-02', 'present', '2024-10-27 07:05:51', '2024-10-27 07:05:51'),
(3298, 29, 13, '2024-07-02', 'late', '2024-10-27 07:05:51', '2024-10-27 07:05:51'),
(3299, 29, 14, '2024-07-02', 'late', '2024-10-27 07:05:51', '2024-10-27 07:05:51'),
(3300, 29, 15, '2024-07-02', 'absent', '2024-10-27 07:05:51', '2024-10-27 07:05:51'),
(3301, 29, 1, '2024-06-27', 'absent', '2024-10-27 07:05:51', '2024-10-27 07:05:51'),
(3302, 29, 2, '2024-06-27', 'absent', '2024-10-27 07:05:51', '2024-10-27 07:05:51'),
(3303, 29, 3, '2024-06-27', 'late', '2024-10-27 07:05:51', '2024-10-27 07:05:51'),
(3304, 29, 4, '2024-06-27', 'late', '2024-10-27 07:05:51', '2024-10-27 07:05:51'),
(3305, 29, 5, '2024-06-27', 'absent', '2024-10-27 07:05:51', '2024-10-27 07:05:51'),
(3306, 29, 6, '2024-06-27', 'present', '2024-10-27 07:05:51', '2024-10-27 07:05:51'),
(3307, 29, 7, '2024-06-27', 'present', '2024-10-27 07:05:51', '2024-10-27 07:05:51'),
(3308, 29, 8, '2024-06-27', 'present', '2024-10-27 07:05:51', '2024-10-27 07:05:51'),
(3309, 29, 9, '2024-06-27', 'absent', '2024-10-27 07:05:51', '2024-10-27 07:05:51'),
(3310, 29, 10, '2024-06-27', 'absent', '2024-10-27 07:05:51', '2024-10-27 07:05:51'),
(3311, 29, 11, '2024-06-27', 'absent', '2024-10-27 07:05:51', '2024-10-27 07:05:51'),
(3312, 29, 12, '2024-06-27', 'present', '2024-10-27 07:05:51', '2024-10-27 07:05:51'),
(3313, 29, 13, '2024-06-27', 'present', '2024-10-27 07:05:51', '2024-10-27 07:05:51'),
(3314, 29, 14, '2024-06-27', 'present', '2024-10-27 07:05:51', '2024-10-27 07:05:51'),
(3315, 29, 15, '2024-06-27', 'late', '2024-10-27 07:05:51', '2024-10-27 07:05:51'),
(3316, 29, 1, '2024-06-08', 'absent', '2024-10-27 07:05:51', '2024-10-27 07:05:51'),
(3317, 29, 2, '2024-06-08', 'present', '2024-10-27 07:05:51', '2024-10-27 07:05:51'),
(3318, 29, 3, '2024-06-08', 'present', '2024-10-27 07:05:51', '2024-10-27 07:05:51'),
(3319, 29, 4, '2024-06-08', 'late', '2024-10-27 07:05:51', '2024-10-27 07:05:51'),
(3320, 29, 5, '2024-06-08', 'present', '2024-10-27 07:05:51', '2024-10-27 07:05:51'),
(3321, 29, 6, '2024-06-08', 'late', '2024-10-27 07:05:51', '2024-10-27 07:05:51'),
(3322, 29, 7, '2024-06-08', 'absent', '2024-10-27 07:05:51', '2024-10-27 07:05:51'),
(3323, 29, 8, '2024-06-08', 'absent', '2024-10-27 07:05:51', '2024-10-27 07:05:51'),
(3324, 29, 9, '2024-06-08', 'absent', '2024-10-27 07:05:51', '2024-10-27 07:05:51'),
(3325, 29, 10, '2024-06-08', 'late', '2024-10-27 07:05:51', '2024-10-27 07:05:51'),
(3326, 29, 11, '2024-06-08', 'present', '2024-10-27 07:05:51', '2024-10-27 07:05:51'),
(3327, 29, 12, '2024-06-08', 'late', '2024-10-27 07:05:51', '2024-10-27 07:05:51'),
(3328, 29, 13, '2024-06-08', 'absent', '2024-10-27 07:05:51', '2024-10-27 07:05:51'),
(3329, 29, 14, '2024-06-08', 'late', '2024-10-27 07:05:51', '2024-10-27 07:05:51'),
(3330, 29, 15, '2024-06-08', 'absent', '2024-10-27 07:05:51', '2024-10-27 07:05:51'),
(3331, 30, 1, '2024-04-28', 'present', '2024-10-27 07:05:51', '2024-10-27 07:05:51'),
(3332, 30, 2, '2024-04-28', 'absent', '2024-10-27 07:05:51', '2024-10-27 07:05:51'),
(3333, 30, 3, '2024-04-28', 'late', '2024-10-27 07:05:51', '2024-10-27 07:05:51'),
(3334, 30, 4, '2024-04-28', 'late', '2024-10-27 07:05:51', '2024-10-27 07:05:51'),
(3335, 30, 5, '2024-04-28', 'present', '2024-10-27 07:05:51', '2024-10-27 07:05:51'),
(3336, 30, 6, '2024-04-28', 'present', '2024-10-27 07:05:51', '2024-10-27 07:05:51'),
(3337, 30, 7, '2024-04-28', 'late', '2024-10-27 07:05:51', '2024-10-27 07:05:51'),
(3338, 30, 8, '2024-04-28', 'present', '2024-10-27 07:05:51', '2024-10-27 07:05:51'),
(3339, 30, 9, '2024-04-28', 'present', '2024-10-27 07:05:51', '2024-10-27 07:05:51'),
(3340, 30, 10, '2024-04-28', 'present', '2024-10-27 07:05:51', '2024-10-27 07:05:51'),
(3341, 30, 11, '2024-04-28', 'present', '2024-10-27 07:05:51', '2024-10-27 07:05:51'),
(3342, 30, 12, '2024-04-28', 'late', '2024-10-27 07:05:51', '2024-10-27 07:05:51'),
(3343, 30, 13, '2024-04-28', 'absent', '2024-10-27 07:05:51', '2024-10-27 07:05:51'),
(3344, 30, 14, '2024-04-28', 'present', '2024-10-27 07:05:51', '2024-10-27 07:05:51'),
(3345, 30, 15, '2024-04-28', 'absent', '2024-10-27 07:05:51', '2024-10-27 07:05:51'),
(3346, 30, 1, '2024-06-08', 'late', '2024-10-27 07:05:51', '2024-10-27 07:05:51'),
(3347, 30, 2, '2024-06-08', 'absent', '2024-10-27 07:05:51', '2024-10-27 07:05:51'),
(3348, 30, 3, '2024-06-08', 'late', '2024-10-27 07:05:51', '2024-10-27 07:05:51'),
(3349, 30, 4, '2024-06-08', 'late', '2024-10-27 07:05:51', '2024-10-27 07:05:51'),
(3350, 30, 5, '2024-06-08', 'absent', '2024-10-27 07:05:51', '2024-10-27 07:05:51'),
(3351, 30, 6, '2024-06-08', 'present', '2024-10-27 07:05:51', '2024-10-27 07:05:51'),
(3352, 30, 7, '2024-06-08', 'absent', '2024-10-27 07:05:51', '2024-10-27 07:05:51'),
(3353, 30, 8, '2024-06-08', 'late', '2024-10-27 07:05:51', '2024-10-27 07:05:51'),
(3354, 30, 9, '2024-06-08', 'absent', '2024-10-27 07:05:51', '2024-10-27 07:05:51'),
(3355, 30, 10, '2024-06-08', 'late', '2024-10-27 07:05:51', '2024-10-27 07:05:51'),
(3356, 30, 11, '2024-06-08', 'absent', '2024-10-27 07:05:51', '2024-10-27 07:05:51'),
(3357, 30, 12, '2024-06-08', 'late', '2024-10-27 07:05:51', '2024-10-27 07:05:51'),
(3358, 30, 13, '2024-06-08', 'late', '2024-10-27 07:05:51', '2024-10-27 07:05:51'),
(3359, 30, 14, '2024-06-08', 'present', '2024-10-27 07:05:51', '2024-10-27 07:05:51'),
(3360, 30, 15, '2024-06-08', 'present', '2024-10-27 07:05:51', '2024-10-27 07:05:51'),
(3361, 30, 1, '2024-05-06', 'late', '2024-10-27 07:05:51', '2024-10-27 07:05:51'),
(3362, 30, 2, '2024-05-06', 'present', '2024-10-27 07:05:51', '2024-10-27 07:05:51'),
(3363, 30, 3, '2024-05-06', 'absent', '2024-10-27 07:05:51', '2024-10-27 07:05:51'),
(3364, 30, 4, '2024-05-06', 'present', '2024-10-27 07:05:51', '2024-10-27 07:05:51'),
(3365, 30, 5, '2024-05-06', 'late', '2024-10-27 07:05:51', '2024-10-27 07:05:51'),
(3366, 30, 6, '2024-05-06', 'absent', '2024-10-27 07:05:51', '2024-10-27 07:05:51'),
(3367, 30, 7, '2024-05-06', 'absent', '2024-10-27 07:05:51', '2024-10-27 07:05:51'),
(3368, 30, 8, '2024-05-06', 'present', '2024-10-27 07:05:51', '2024-10-27 07:05:51'),
(3369, 30, 9, '2024-05-06', 'present', '2024-10-27 07:05:51', '2024-10-27 07:05:51'),
(3370, 30, 10, '2024-05-06', 'late', '2024-10-27 07:05:51', '2024-10-27 07:05:51'),
(3371, 30, 11, '2024-05-06', 'absent', '2024-10-27 07:05:51', '2024-10-27 07:05:51'),
(3372, 30, 12, '2024-05-06', 'late', '2024-10-27 07:05:51', '2024-10-27 07:05:51'),
(3373, 30, 13, '2024-05-06', 'present', '2024-10-27 07:05:51', '2024-10-27 07:05:51'),
(3374, 30, 14, '2024-05-06', 'absent', '2024-10-27 07:05:51', '2024-10-27 07:05:51'),
(3375, 30, 15, '2024-05-06', 'late', '2024-10-27 07:05:51', '2024-10-27 07:05:51'),
(3376, 30, 1, '2024-06-26', 'late', '2024-10-27 07:05:51', '2024-10-27 07:05:51'),
(3377, 30, 2, '2024-06-26', 'absent', '2024-10-27 07:05:51', '2024-10-27 07:05:51'),
(3378, 30, 3, '2024-06-26', 'present', '2024-10-27 07:05:51', '2024-10-27 07:05:51'),
(3379, 30, 4, '2024-06-26', 'late', '2024-10-27 07:05:52', '2024-10-27 07:05:52'),
(3380, 30, 5, '2024-06-26', 'present', '2024-10-27 07:05:52', '2024-10-27 07:05:52'),
(3381, 30, 6, '2024-06-26', 'absent', '2024-10-27 07:05:52', '2024-10-27 07:05:52'),
(3382, 30, 7, '2024-06-26', 'present', '2024-10-27 07:05:52', '2024-10-27 07:05:52'),
(3383, 30, 8, '2024-06-26', 'present', '2024-10-27 07:05:52', '2024-10-27 07:05:52'),
(3384, 30, 9, '2024-06-26', 'late', '2024-10-27 07:05:52', '2024-10-27 07:05:52'),
(3385, 30, 10, '2024-06-26', 'late', '2024-10-27 07:05:52', '2024-10-27 07:05:52'),
(3386, 30, 11, '2024-06-26', 'absent', '2024-10-27 07:05:52', '2024-10-27 07:05:52'),
(3387, 30, 12, '2024-06-26', 'late', '2024-10-27 07:05:52', '2024-10-27 07:05:52'),
(3388, 30, 13, '2024-06-26', 'present', '2024-10-27 07:05:52', '2024-10-27 07:05:52'),
(3389, 30, 14, '2024-06-26', 'present', '2024-10-27 07:05:52', '2024-10-27 07:05:52'),
(3390, 30, 15, '2024-06-26', 'present', '2024-10-27 07:05:52', '2024-10-27 07:05:52'),
(3391, 30, 1, '2024-06-13', 'present', '2024-10-27 07:05:52', '2024-10-27 07:05:52'),
(3392, 30, 2, '2024-06-13', 'late', '2024-10-27 07:05:52', '2024-10-27 07:05:52'),
(3393, 30, 3, '2024-06-13', 'absent', '2024-10-27 07:05:52', '2024-10-27 07:05:52'),
(3394, 30, 4, '2024-06-13', 'late', '2024-10-27 07:05:52', '2024-10-27 07:05:52'),
(3395, 30, 5, '2024-06-13', 'present', '2024-10-27 07:05:52', '2024-10-27 07:05:52'),
(3396, 30, 6, '2024-06-13', 'present', '2024-10-27 07:05:52', '2024-10-27 07:05:52'),
(3397, 30, 7, '2024-06-13', 'present', '2024-10-27 07:05:52', '2024-10-27 07:05:52'),
(3398, 30, 8, '2024-06-13', 'late', '2024-10-27 07:05:52', '2024-10-27 07:05:52'),
(3399, 30, 9, '2024-06-13', 'absent', '2024-10-27 07:05:52', '2024-10-27 07:05:52'),
(3400, 30, 10, '2024-06-13', 'present', '2024-10-27 07:05:52', '2024-10-27 07:05:52'),
(3401, 30, 11, '2024-06-13', 'late', '2024-10-27 07:05:52', '2024-10-27 07:05:52'),
(3402, 30, 12, '2024-06-13', 'absent', '2024-10-27 07:05:52', '2024-10-27 07:05:52'),
(3403, 30, 13, '2024-06-13', 'late', '2024-10-27 07:05:52', '2024-10-27 07:05:52'),
(3404, 30, 14, '2024-06-13', 'absent', '2024-10-27 07:05:52', '2024-10-27 07:05:52'),
(3405, 30, 15, '2024-06-13', 'absent', '2024-10-27 07:05:52', '2024-10-27 07:05:52'),
(3406, 30, 1, '2024-06-21', 'present', '2024-10-27 07:05:52', '2024-10-27 07:05:52'),
(3407, 30, 2, '2024-06-21', 'absent', '2024-10-27 07:05:52', '2024-10-27 07:05:52'),
(3408, 30, 3, '2024-06-21', 'present', '2024-10-27 07:05:52', '2024-10-27 07:05:52'),
(3409, 30, 4, '2024-06-21', 'absent', '2024-10-27 07:05:52', '2024-10-27 07:05:52'),
(3410, 30, 5, '2024-06-21', 'absent', '2024-10-27 07:05:52', '2024-10-27 07:05:52'),
(3411, 30, 6, '2024-06-21', 'late', '2024-10-27 07:05:52', '2024-10-27 07:05:52'),
(3412, 30, 7, '2024-06-21', 'present', '2024-10-27 07:05:52', '2024-10-27 07:05:52'),
(3413, 30, 8, '2024-06-21', 'late', '2024-10-27 07:05:52', '2024-10-27 07:05:52'),
(3414, 30, 9, '2024-06-21', 'late', '2024-10-27 07:05:52', '2024-10-27 07:05:52'),
(3415, 30, 10, '2024-06-21', 'late', '2024-10-27 07:05:52', '2024-10-27 07:05:52'),
(3416, 30, 11, '2024-06-21', 'late', '2024-10-27 07:05:52', '2024-10-27 07:05:52'),
(3417, 30, 12, '2024-06-21', 'late', '2024-10-27 07:05:52', '2024-10-27 07:05:52'),
(3418, 30, 13, '2024-06-21', 'absent', '2024-10-27 07:05:52', '2024-10-27 07:05:52'),
(3419, 30, 14, '2024-06-21', 'present', '2024-10-27 07:05:52', '2024-10-27 07:05:52'),
(3420, 30, 15, '2024-06-21', 'present', '2024-10-27 07:05:52', '2024-10-27 07:05:52'),
(3421, 30, 1, '2024-05-08', 'absent', '2024-10-27 07:05:52', '2024-10-27 07:05:52'),
(3422, 30, 2, '2024-05-08', 'absent', '2024-10-27 07:05:52', '2024-10-27 07:05:52'),
(3423, 30, 3, '2024-05-08', 'present', '2024-10-27 07:05:52', '2024-10-27 07:05:52'),
(3424, 30, 4, '2024-05-08', 'present', '2024-10-27 07:05:52', '2024-10-27 07:05:52'),
(3425, 30, 5, '2024-05-08', 'late', '2024-10-27 07:05:52', '2024-10-27 07:05:52'),
(3426, 30, 6, '2024-05-08', 'absent', '2024-10-27 07:05:52', '2024-10-27 07:05:52'),
(3427, 30, 7, '2024-05-08', 'late', '2024-10-27 07:05:52', '2024-10-27 07:05:52'),
(3428, 30, 8, '2024-05-08', 'absent', '2024-10-27 07:05:52', '2024-10-27 07:05:52'),
(3429, 30, 9, '2024-05-08', 'present', '2024-10-27 07:05:52', '2024-10-27 07:05:52'),
(3430, 30, 10, '2024-05-08', 'late', '2024-10-27 07:05:52', '2024-10-27 07:05:52'),
(3431, 30, 11, '2024-05-08', 'absent', '2024-10-27 07:05:52', '2024-10-27 07:05:52'),
(3432, 30, 12, '2024-05-08', 'late', '2024-10-27 07:05:52', '2024-10-27 07:05:52'),
(3433, 30, 13, '2024-05-08', 'present', '2024-10-27 07:05:52', '2024-10-27 07:05:52'),
(3434, 30, 14, '2024-05-08', 'present', '2024-10-27 07:05:52', '2024-10-27 07:05:52'),
(3435, 30, 15, '2024-05-08', 'present', '2024-10-27 07:05:52', '2024-10-27 07:05:52'),
(3436, 30, 1, '2024-07-03', 'present', '2024-10-27 07:05:52', '2024-10-27 07:05:52'),
(3437, 30, 2, '2024-07-03', 'present', '2024-10-27 07:05:52', '2024-10-27 07:05:52'),
(3438, 30, 3, '2024-07-03', 'absent', '2024-10-27 07:05:52', '2024-10-27 07:05:52'),
(3439, 30, 4, '2024-07-03', 'present', '2024-10-27 07:05:52', '2024-10-27 07:05:52'),
(3440, 30, 5, '2024-07-03', 'present', '2024-10-27 07:05:52', '2024-10-27 07:05:52'),
(3441, 30, 6, '2024-07-03', 'present', '2024-10-27 07:05:52', '2024-10-27 07:05:52'),
(3442, 30, 7, '2024-07-03', 'late', '2024-10-27 07:05:52', '2024-10-27 07:05:52'),
(3443, 30, 8, '2024-07-03', 'absent', '2024-10-27 07:05:52', '2024-10-27 07:05:52'),
(3444, 30, 9, '2024-07-03', 'present', '2024-10-27 07:05:52', '2024-10-27 07:05:52'),
(3445, 30, 10, '2024-07-03', 'late', '2024-10-27 07:05:52', '2024-10-27 07:05:52'),
(3446, 30, 11, '2024-07-03', 'absent', '2024-10-27 07:05:52', '2024-10-27 07:05:52'),
(3447, 30, 12, '2024-07-03', 'present', '2024-10-27 07:05:52', '2024-10-27 07:05:52'),
(3448, 30, 13, '2024-07-03', 'present', '2024-10-27 07:05:52', '2024-10-27 07:05:52'),
(3449, 30, 14, '2024-07-03', 'absent', '2024-10-27 07:05:52', '2024-10-27 07:05:52'),
(3450, 30, 15, '2024-07-03', 'present', '2024-10-27 07:05:52', '2024-10-27 07:05:52');

-- --------------------------------------------------------

--
-- Estructura de tabla para la tabla `cache`
--

CREATE TABLE `cache` (
  `key` varchar(191) NOT NULL,
  `value` mediumtext NOT NULL,
  `expiration` int(11) NOT NULL
) ENGINE=InnoDB DEFAULT CHARSET=utf8mb4 COLLATE=utf8mb4_unicode_ci;

-- --------------------------------------------------------

--
-- Estructura de tabla para la tabla `cache_locks`
--

CREATE TABLE `cache_locks` (
  `key` varchar(191) NOT NULL,
  `owner` varchar(191) NOT NULL,
  `expiration` int(11) NOT NULL
) ENGINE=InnoDB DEFAULT CHARSET=utf8mb4 COLLATE=utf8mb4_unicode_ci;

-- --------------------------------------------------------

--
-- Estructura de tabla para la tabla `certificados`
--

CREATE TABLE `certificados` (
  `id` bigint(20) UNSIGNED NOT NULL,
  `nombre` varchar(191) NOT NULL,
  `descripcion` text DEFAULT NULL,
  `precio` decimal(8,2) NOT NULL,
  `created_at` timestamp NULL DEFAULT NULL,
  `updated_at` timestamp NULL DEFAULT NULL
) ENGINE=InnoDB DEFAULT CHARSET=utf8mb4 COLLATE=utf8mb4_unicode_ci;

--
-- Volcado de datos para la tabla `certificados`
--

INSERT INTO `certificados` (`id`, `nombre`, `descripcion`, `precio`, `created_at`, `updated_at`) VALUES
(1, 'Certificado 1', 'Architecto necessitatibus harum omnis magni aut ea quia quod saepe ducimus iste sed non aliquam.', 23.05, '2024-10-27 07:05:52', '2024-10-27 07:05:52'),
(2, 'Certificado 2', 'Non mollitia modi qui corrupti magnam rerum id molestias qui.', 36.51, '2024-10-27 07:05:52', '2024-10-27 07:05:52'),
(3, 'Certificado 3', 'Voluptatem veritatis et pariatur porro et fuga voluptatem ex reprehenderit quia aut quidem.', 17.47, '2024-10-27 07:05:52', '2024-10-27 07:05:52'),
(4, 'Certificado 4', 'Ducimus ducimus sed iusto fugiat voluptas magnam ex.', 55.57, '2024-10-27 07:05:52', '2024-10-27 07:05:52'),
(5, 'Certificado 5', 'Ut aut voluptate et aliquid tenetur id minus nobis dignissimos exercitationem totam dignissimos.', 75.32, '2024-10-27 07:05:52', '2024-10-27 07:05:52'),
(6, 'Certificado 6', 'Est optio optio possimus est soluta aliquam vel non sunt dicta nisi in ut.', 50.36, '2024-10-27 07:05:52', '2024-10-27 07:05:52'),
(7, 'Certificado 7', 'Accusantium id tempora officiis enim earum dolorem quidem cum et impedit sed iusto eos et.', 45.26, '2024-10-27 07:05:52', '2024-10-27 07:05:52'),
(8, 'Certificado 8', 'Et aut explicabo sunt cumque iusto vel.', 45.39, '2024-10-27 07:05:52', '2024-10-27 07:05:52'),
(9, 'Certificado 9', 'Et hic molestias mollitia occaecati enim temporibus velit reprehenderit nihil suscipit voluptate enim.', 87.22, '2024-10-27 07:05:52', '2024-10-27 07:05:52'),
(10, 'Certificado 10', 'Delectus minima et iusto placeat quia occaecati vel ea.', 49.79, '2024-10-27 07:05:52', '2024-10-27 07:05:52');

-- --------------------------------------------------------

--
-- Estructura de tabla para la tabla `courses`
--

CREATE TABLE `courses` (
  `id` bigint(20) UNSIGNED NOT NULL,
  `course_id` varchar(191) NOT NULL,
  `name` varchar(191) NOT NULL,
  `period` varchar(191) NOT NULL,
  `session_link` varchar(191) DEFAULT NULL,
  `description` text DEFAULT NULL,
  `precio` decimal(8,2) DEFAULT NULL,
  `created_at` timestamp NULL DEFAULT NULL,
  `updated_at` timestamp NULL DEFAULT NULL
) ENGINE=InnoDB DEFAULT CHARSET=utf8mb4 COLLATE=utf8mb4_unicode_ci;

--
-- Volcado de datos para la tabla `courses`
--

INSERT INTO `courses` (`id`, `course_id`, `name`, `period`, `session_link`, `description`, `precio`, `created_at`, `updated_at`) VALUES
(1, 'C001', 'Matemáticas I', '2024-1', 'https://link-a-sesion-1.com', 'Curso introductorio a las matemáticas.', 100.00, '2024-10-27 07:05:44', '2024-10-27 07:05:44'),
(2, 'C002', 'Física I', '2024-1', 'https://link-a-sesion-2.com', 'Fundamentos de la física para estudiantes de primer año.', 100.00, '2024-10-27 07:05:44', '2024-10-27 07:05:44'),
(3, 'C003', 'Química General', '2024-1', 'https://link-a-sesion-3.com', 'Introducción a los conceptos básicos de la química.', 100.00, '2024-10-27 07:05:44', '2024-10-27 07:05:44'),
(4, 'C004', 'Programación Básica', '2024-1', 'https://link-a-sesion-4.com', 'Curso básico de programación en Python.', 200.00, '2024-10-27 07:05:44', '2024-10-27 07:05:44'),
(5, 'C005', 'Literatura Española', '2024-1', 'https://link-a-sesion-5.com', 'Análisis de obras clásicas de la literatura española.', 200.00, '2024-10-27 07:05:44', '2024-10-27 07:05:44'),
(6, 'C006', 'Historia del Arte', '2024-1', 'https://link-a-sesion-6.com', 'Estudio de las diferentes corrientes artísticas.', 140.00, '2024-10-27 07:05:44', '2024-10-27 07:05:44'),
(7, 'C007', 'Biología Celular', '2024-1', 'https://link-a-sesion-7.com', 'Introducción a la biología y sus fundamentos celulares.', 165.00, '2024-10-27 07:05:44', '2024-10-27 07:05:44'),
(8, 'C008', 'Economía Básica', '2024-1', 'https://link-a-sesion-8.com', 'Principios fundamentales de la economía.', 200.00, '2024-10-27 07:05:44', '2024-10-27 07:05:44'),
(9, 'C009', 'Filosofía Moderna', '2024-1', 'https://link-a-sesion-9.com', 'Análisis de las teorías filosóficas modernas.', 125.00, '2024-10-27 07:05:44', '2024-10-27 07:05:44'),
(10, 'C010', 'Sociología Contemporánea', '2024-1', 'https://link-a-sesion-10.com', 'Estudio de la sociedad y sus estructuras contemporáneas.', 135.00, '2024-10-27 07:05:44', '2024-10-27 07:05:44'),
(11, 'C011', 'Matemáticas II', '2024-2', 'https://link-a-sesion-11.com', 'Continuación de Matemáticas I.', 150.00, '2024-10-27 07:05:44', '2024-10-27 07:05:44'),
(12, 'C012', 'Física II', '2024-2', 'https://link-a-sesion-12.com', 'Continuación de Física I.', 160.00, '2024-10-27 07:05:44', '2024-10-27 07:05:44'),
(13, 'C013', 'Química Orgánica', '2024-2', 'https://link-a-sesion-13.com', 'Estudio de compuestos orgánicos y sus reacciones.', 170.00, '2024-10-27 07:05:44', '2024-10-27 07:05:44'),
(14, 'C014', 'Programación Avanzada', '2024-2', 'https://link-a-sesion-14.com', 'Curso avanzado de programación en C++.', 220.00, '2024-10-27 07:05:44', '2024-10-27 07:05:44'),
(15, 'C015', 'Gestión de Proyectos', '2024-2', 'https://link-a-sesion-15.com', 'Fundamentos en la gestión de proyectos y planificación.', 180.00, '2024-10-27 07:05:44', '2024-10-27 07:05:44');

-- --------------------------------------------------------

--
-- Estructura de tabla para la tabla `course_user`
--

CREATE TABLE `course_user` (
  `id` bigint(20) UNSIGNED NOT NULL,
  `course_id` bigint(20) UNSIGNED NOT NULL,
  `user_id` bigint(20) UNSIGNED NOT NULL,
  `created_at` timestamp NULL DEFAULT NULL,
  `updated_at` timestamp NULL DEFAULT NULL
) ENGINE=InnoDB DEFAULT CHARSET=utf8mb4 COLLATE=utf8mb4_unicode_ci;

--
-- Volcado de datos para la tabla `course_user`
--

INSERT INTO `course_user` (`id`, `course_id`, `user_id`, `created_at`, `updated_at`) VALUES
(1, 4, 1, NULL, NULL),
(2, 10, 1, NULL, NULL),
(3, 13, 1, NULL, NULL),
(4, 4, 2, NULL, NULL),
(5, 5, 2, NULL, NULL),
(6, 15, 2, NULL, NULL),
(7, 8, 3, NULL, NULL),
(8, 10, 3, NULL, NULL),
(9, 14, 3, NULL, NULL),
(10, 3, 4, NULL, NULL),
(11, 9, 4, NULL, NULL),
(12, 11, 4, NULL, NULL),
(13, 14, 4, NULL, NULL),
(14, 9, 5, NULL, NULL),
(15, 13, 5, NULL, NULL),
(16, 14, 5, NULL, NULL),
(17, 1, 6, NULL, NULL),
(18, 2, 6, NULL, NULL),
(19, 5, 6, NULL, NULL),
(20, 3, 7, NULL, NULL),
(21, 7, 7, NULL, NULL),
(22, 10, 7, NULL, NULL),
(23, 12, 7, NULL, NULL),
(24, 6, 8, NULL, NULL),
(25, 7, 8, NULL, NULL),
(26, 8, 8, NULL, NULL),
(27, 5, 9, NULL, NULL),
(28, 9, 9, NULL, NULL),
(29, 10, 9, NULL, NULL),
(30, 12, 9, NULL, NULL),
(31, 3, 10, NULL, NULL),
(32, 4, 10, NULL, NULL),
(33, 6, 10, NULL, NULL),
(34, 7, 10, NULL, NULL),
(35, 1, 11, NULL, NULL),
(36, 7, 11, NULL, NULL),
(37, 8, 11, NULL, NULL),
(38, 3, 12, NULL, NULL),
(39, 9, 12, NULL, NULL),
(40, 13, 12, NULL, NULL),
(41, 14, 12, NULL, NULL),
(42, 1, 13, NULL, NULL),
(43, 5, 13, NULL, NULL),
(44, 13, 13, NULL, NULL),
(45, 14, 13, NULL, NULL),
(46, 4, 14, NULL, NULL),
(47, 8, 14, NULL, NULL),
(48, 9, 14, NULL, NULL),
(49, 13, 14, NULL, NULL),
(50, 5, 15, NULL, NULL),
(51, 7, 15, NULL, NULL),
(52, 9, 15, NULL, NULL),
(53, 11, 15, NULL, NULL),
(54, 2, 16, NULL, NULL),
(55, 4, 16, NULL, NULL),
(56, 6, 16, NULL, NULL),
(57, 8, 16, NULL, NULL),
(58, 5, 17, NULL, NULL),
(59, 10, 17, NULL, NULL),
(60, 11, 17, NULL, NULL),
(61, 15, 17, NULL, NULL),
(62, 4, 18, NULL, NULL),
(63, 6, 18, NULL, NULL),
(64, 10, 18, NULL, NULL),
(65, 12, 18, NULL, NULL),
(66, 2, 19, NULL, NULL),
(67, 13, 19, NULL, NULL),
(68, 14, 19, NULL, NULL),
(69, 15, 19, NULL, NULL),
(70, 1, 20, NULL, NULL),
(71, 2, 20, NULL, NULL),
(72, 4, 20, NULL, NULL),
(73, 1, 21, NULL, NULL),
(74, 9, 21, NULL, NULL),
(75, 12, 21, NULL, NULL),
(76, 13, 21, NULL, NULL),
(77, 5, 22, NULL, NULL),
(78, 8, 22, NULL, NULL),
(79, 14, 22, NULL, NULL),
(80, 4, 23, NULL, NULL),
(81, 6, 23, NULL, NULL),
(82, 15, 23, NULL, NULL),
(83, 9, 24, NULL, NULL),
(84, 11, 24, NULL, NULL),
(85, 12, 24, NULL, NULL),
(86, 6, 25, NULL, NULL),
(87, 8, 25, NULL, NULL),
(88, 9, 25, NULL, NULL),
(89, 15, 25, NULL, NULL),
(90, 9, 26, NULL, NULL),
(91, 12, 26, NULL, NULL),
(92, 13, 26, NULL, NULL),
(93, 15, 26, NULL, NULL),
(94, 2, 27, NULL, NULL),
(95, 8, 27, NULL, NULL),
(96, 11, 27, NULL, NULL),
(97, 12, 27, NULL, NULL),
(98, 3, 28, NULL, NULL),
(99, 5, 28, NULL, NULL),
(100, 13, 28, NULL, NULL),
(101, 14, 28, NULL, NULL),
(102, 4, 29, NULL, NULL),
(103, 8, 29, NULL, NULL),
(104, 9, 29, NULL, NULL),
(105, 10, 29, NULL, NULL),
(106, 6, 30, NULL, NULL),
(107, 7, 30, NULL, NULL),
(108, 14, 30, NULL, NULL),
(109, 15, 30, NULL, NULL);

-- --------------------------------------------------------

--
-- Estructura de tabla para la tabla `failed_jobs`
--

CREATE TABLE `failed_jobs` (
  `id` bigint(20) UNSIGNED NOT NULL,
  `uuid` varchar(191) NOT NULL,
  `connection` text NOT NULL,
  `queue` text NOT NULL,
  `payload` longtext NOT NULL,
  `exception` longtext NOT NULL,
  `failed_at` timestamp NOT NULL DEFAULT current_timestamp()
) ENGINE=InnoDB DEFAULT CHARSET=utf8mb4 COLLATE=utf8mb4_unicode_ci;

-- --------------------------------------------------------

--
-- Estructura de tabla para la tabla `jobs`
--

CREATE TABLE `jobs` (
  `id` bigint(20) UNSIGNED NOT NULL,
  `queue` varchar(191) NOT NULL,
  `payload` longtext NOT NULL,
  `attempts` tinyint(3) UNSIGNED NOT NULL,
  `reserved_at` int(10) UNSIGNED DEFAULT NULL,
  `available_at` int(10) UNSIGNED NOT NULL,
  `created_at` int(10) UNSIGNED NOT NULL
) ENGINE=InnoDB DEFAULT CHARSET=utf8mb4 COLLATE=utf8mb4_unicode_ci;

-- --------------------------------------------------------

--
-- Estructura de tabla para la tabla `job_batches`
--

CREATE TABLE `job_batches` (
  `id` varchar(191) NOT NULL,
  `name` varchar(191) NOT NULL,
  `total_jobs` int(11) NOT NULL,
  `pending_jobs` int(11) NOT NULL,
  `failed_jobs` int(11) NOT NULL,
  `failed_job_ids` longtext NOT NULL,
  `options` mediumtext DEFAULT NULL,
  `cancelled_at` int(11) DEFAULT NULL,
  `created_at` int(11) NOT NULL,
  `finished_at` int(11) DEFAULT NULL
) ENGINE=InnoDB DEFAULT CHARSET=utf8mb4 COLLATE=utf8mb4_unicode_ci;

-- --------------------------------------------------------

--
-- Estructura de tabla para la tabla `matriculados`
--

CREATE TABLE `matriculados` (
  `id` bigint(20) UNSIGNED NOT NULL,
  `nombres` varchar(191) NOT NULL,
  `apellidos` varchar(191) NOT NULL,
  `dni` varchar(191) NOT NULL,
  `registro_id` bigint(20) UNSIGNED NOT NULL,
  `matricula_id` bigint(20) UNSIGNED NOT NULL,
  `voucher_validado_id` bigint(20) UNSIGNED DEFAULT NULL,
  `user_id` bigint(20) UNSIGNED NOT NULL,
  `created_at` timestamp NULL DEFAULT NULL,
  `updated_at` timestamp NULL DEFAULT NULL
) ENGINE=InnoDB DEFAULT CHARSET=utf8mb4 COLLATE=utf8mb4_unicode_ci;

--
-- Volcado de datos para la tabla `matriculados`
--

INSERT INTO `matriculados` (`id`, `nombres`, `apellidos`, `dni`, `registro_id`, `matricula_id`, `voucher_validado_id`, `user_id`, `created_at`, `updated_at`) VALUES
(1, 'Juan', 'Pérez', '12345678', 1, 1, NULL, 1, '2024-10-27 07:05:52', '2024-10-27 07:05:52'),
(2, 'María', 'González', '87654321', 2, 2, NULL, 2, '2024-10-27 07:05:52', '2024-10-27 07:05:52'),
(3, 'Carlos', 'López', '11223344', 3, 1, NULL, 3, '2024-10-27 07:05:52', '2024-10-27 07:05:52'),
(4, 'Ana', 'Martínez', '55667788', 4, 2, NULL, 4, '2024-10-27 07:05:52', '2024-10-27 07:05:52'),
(5, 'Pedro', 'Sánchez', '99887766', 5, 1, NULL, 5, '2024-10-27 07:05:52', '2024-10-27 07:05:52'),
(13, 'Carlos', 'González', '63272778', 2, 1, 2, 1, '2024-10-27 12:30:54', '2024-10-27 12:30:54');

-- --------------------------------------------------------

--
-- Estructura de tabla para la tabla `matriculas`
--

CREATE TABLE `matriculas` (
  `id` bigint(20) UNSIGNED NOT NULL,
  `nombre` varchar(191) NOT NULL,
  `descripcion` text DEFAULT NULL,
  `precio` decimal(8,2) NOT NULL,
  `created_at` timestamp NULL DEFAULT NULL,
  `updated_at` timestamp NULL DEFAULT NULL
) ENGINE=InnoDB DEFAULT CHARSET=utf8mb4 COLLATE=utf8mb4_unicode_ci;

--
-- Volcado de datos para la tabla `matriculas`
--

INSERT INTO `matriculas` (`id`, `nombre`, `descripcion`, `precio`, `created_at`, `updated_at`) VALUES
(1, 'Curso de Programación PHP', 'Aprende a desarrollar aplicaciones web con PHP.', 150.00, '2024-10-27 07:05:52', '2024-10-27 07:05:52'),
(2, 'Curso de Diseño Gráfico', 'Conviértete en un experto en diseño gráfico y edición de imágenes.', 200.00, '2024-10-27 07:05:52', '2024-10-27 07:05:52'),
(3, 'Curso de Marketing Digital', 'Domina las estrategias de marketing en línea y redes sociales.', 120.00, '2024-10-27 07:05:52', '2024-10-27 07:05:52'),
(4, 'Curso de Fotografía', 'Aprende las técnicas de fotografía profesional.', 180.00, '2024-10-27 07:05:52', '2024-10-27 07:05:52'),
(5, 'Curso de Desarrollo Web', 'Crea sitios web responsivos y funcionales desde cero.', 220.00, '2024-10-27 07:05:52', '2024-10-27 07:05:52'),
(6, 'Curso de Excel Avanzado', 'Mejora tus habilidades en Excel con técnicas avanzadas.', 90.00, '2024-10-27 07:05:52', '2024-10-27 07:05:52');

-- --------------------------------------------------------

--
-- Estructura de tabla para la tabla `migrations`
--

CREATE TABLE `migrations` (
  `id` int(10) UNSIGNED NOT NULL,
  `migration` varchar(255) NOT NULL,
  `batch` int(11) NOT NULL
) ENGINE=InnoDB DEFAULT CHARSET=utf8mb4 COLLATE=utf8mb4_unicode_ci;

--
-- Volcado de datos para la tabla `migrations`
--

INSERT INTO `migrations` (`id`, `migration`, `batch`) VALUES
(662, '0001_01_01_000001_create_cache_table', 1),
(663, '0001_01_01_000002_create_jobs_table', 1),
(664, '2024_10_06_160803_create_organizations_table', 1),
(665, '2024_10_06_160804_create_users_table', 1),
(666, '2024_10_06_160813_create_courses_table', 1),
(667, '2024_10_06_160817_create_course_user_table', 1),
(668, '2024_10_06_160821_create_activities_table', 1),
(669, '2024_10_06_160824_create_activity_submissions_table', 1),
(670, '2024_10_06_160827_create_grades_table', 1),
(671, '2024_10_06_160830_create_attendance_table', 1),
(672, '2024_10_06_161608_create_activity_user_table', 1),
(673, '2024_10_06_162953_create_teachers_table', 1),
(674, '2024_10_06_163014_create_students_table', 1),
(675, '2024_10_26_184509_create_certificados._table', 1),
(676, '2024_10_26_184733_create_user_certificados_table', 1),
(677, '2024_10_26_185011_create_pagos_siiga_table', 1),
(678, '2024_10_26_185056_create_vouchers_table', 1),
(679, '2024_10_26_185124_create_vouchers_validados_table', 1),
(680, '2024_10_26_185214_create_registros_table', 1),
(681, '2024_10_26_185301_create_matriculas_table', 1),
(682, '2024_10_26_185336_create_matriculados_table', 1);

-- --------------------------------------------------------

--
-- Estructura de tabla para la tabla `notas`
--

CREATE TABLE `notas` (
  `id` bigint(20) UNSIGNED NOT NULL,
  `activity_submission_id` bigint(20) UNSIGNED NOT NULL,
  `nota` decimal(5,2) NOT NULL,
  `created_at` timestamp NULL DEFAULT NULL,
  `updated_at` timestamp NULL DEFAULT NULL
) ENGINE=InnoDB DEFAULT CHARSET=utf8mb4 COLLATE=utf8mb4_unicode_ci;

--
-- Volcado de datos para la tabla `notas`
--

INSERT INTO `notas` (`id`, `activity_submission_id`, `nota`, `created_at`, `updated_at`) VALUES
(1, 1, 5.00, '2024-10-27 07:05:44', '2024-10-27 07:05:44'),
(2, 2, 7.80, '2024-10-27 07:05:44', '2024-10-27 07:05:44'),
(3, 3, 7.50, '2024-10-27 07:05:44', '2024-10-27 07:05:44'),
(4, 4, 6.30, '2024-10-27 07:05:44', '2024-10-27 07:05:44'),
(5, 5, 8.20, '2024-10-27 07:05:44', '2024-10-27 07:05:44'),
(6, 6, 7.40, '2024-10-27 07:05:44', '2024-10-27 07:05:44'),
(7, 7, 8.50, '2024-10-27 07:05:44', '2024-10-27 07:05:44'),
(8, 8, 6.40, '2024-10-27 07:05:44', '2024-10-27 07:05:44'),
(9, 9, 9.30, '2024-10-27 07:05:44', '2024-10-27 07:05:44'),
(10, 10, 5.10, '2024-10-27 07:05:44', '2024-10-27 07:05:44'),
(11, 11, 5.10, '2024-10-27 07:05:44', '2024-10-27 07:05:44'),
(12, 12, 5.00, '2024-10-27 07:05:44', '2024-10-27 07:05:44'),
(13, 13, 5.90, '2024-10-27 07:05:44', '2024-10-27 07:05:44'),
(14, 14, 7.20, '2024-10-27 07:05:44', '2024-10-27 07:05:44'),
(15, 15, 5.60, '2024-10-27 07:05:44', '2024-10-27 07:05:44'),
(16, 16, 7.20, '2024-10-27 07:05:44', '2024-10-27 07:05:44'),
(17, 17, 7.50, '2024-10-27 07:05:44', '2024-10-27 07:05:44'),
(18, 18, 7.40, '2024-10-27 07:05:44', '2024-10-27 07:05:44'),
(19, 19, 8.30, '2024-10-27 07:05:44', '2024-10-27 07:05:44'),
(20, 20, 5.40, '2024-10-27 07:05:44', '2024-10-27 07:05:44'),
(21, 21, 6.50, '2024-10-27 07:05:44', '2024-10-27 07:05:44'),
(22, 22, 9.90, '2024-10-27 07:05:44', '2024-10-27 07:05:44'),
(23, 23, 6.90, '2024-10-27 07:05:44', '2024-10-27 07:05:44'),
(24, 24, 7.70, '2024-10-27 07:05:44', '2024-10-27 07:05:44'),
(25, 25, 8.80, '2024-10-27 07:05:44', '2024-10-27 07:05:44'),
(26, 26, 7.00, '2024-10-27 07:05:44', '2024-10-27 07:05:44'),
(27, 27, 6.40, '2024-10-27 07:05:44', '2024-10-27 07:05:44'),
(28, 28, 9.70, '2024-10-27 07:05:44', '2024-10-27 07:05:44'),
(29, 29, 9.30, '2024-10-27 07:05:44', '2024-10-27 07:05:44'),
(30, 30, 6.00, '2024-10-27 07:05:44', '2024-10-27 07:05:44'),
(31, 31, 5.10, '2024-10-27 07:05:44', '2024-10-27 07:05:44'),
(32, 32, 6.90, '2024-10-27 07:05:44', '2024-10-27 07:05:44'),
(33, 33, 6.40, '2024-10-27 07:05:44', '2024-10-27 07:05:44'),
(34, 34, 8.60, '2024-10-27 07:05:44', '2024-10-27 07:05:44'),
(35, 35, 8.60, '2024-10-27 07:05:44', '2024-10-27 07:05:44'),
(36, 36, 8.10, '2024-10-27 07:05:44', '2024-10-27 07:05:44'),
(37, 37, 7.60, '2024-10-27 07:05:44', '2024-10-27 07:05:44'),
(38, 38, 8.20, '2024-10-27 07:05:44', '2024-10-27 07:05:44'),
(39, 39, 9.10, '2024-10-27 07:05:44', '2024-10-27 07:05:44'),
(40, 40, 9.40, '2024-10-27 07:05:44', '2024-10-27 07:05:44'),
(41, 41, 5.50, '2024-10-27 07:05:44', '2024-10-27 07:05:44'),
(42, 42, 7.70, '2024-10-27 07:05:44', '2024-10-27 07:05:44'),
(43, 43, 9.50, '2024-10-27 07:05:44', '2024-10-27 07:05:44'),
(44, 44, 9.90, '2024-10-27 07:05:44', '2024-10-27 07:05:44'),
(45, 45, 6.30, '2024-10-27 07:05:44', '2024-10-27 07:05:44'),
(46, 46, 5.00, '2024-10-27 07:05:44', '2024-10-27 07:05:44'),
(47, 47, 7.90, '2024-10-27 07:05:44', '2024-10-27 07:05:44'),
(48, 48, 10.00, '2024-10-27 07:05:44', '2024-10-27 07:05:44'),
(49, 49, 8.40, '2024-10-27 07:05:44', '2024-10-27 07:05:44'),
(50, 50, 8.90, '2024-10-27 07:05:44', '2024-10-27 07:05:44'),
(51, 51, 5.80, '2024-10-27 07:05:44', '2024-10-27 07:05:44'),
(52, 52, 7.60, '2024-10-27 07:05:44', '2024-10-27 07:05:44'),
(53, 53, 5.20, '2024-10-27 07:05:44', '2024-10-27 07:05:44'),
(54, 54, 9.90, '2024-10-27 07:05:44', '2024-10-27 07:05:44'),
(55, 55, 7.20, '2024-10-27 07:05:44', '2024-10-27 07:05:44');

-- --------------------------------------------------------

--
-- Estructura de tabla para la tabla `organizations`
--

CREATE TABLE `organizations` (
  `id` bigint(20) UNSIGNED NOT NULL,
  `name` varchar(191) NOT NULL,
  `description` varchar(191) DEFAULT NULL,
  `created_at` timestamp NULL DEFAULT NULL,
  `updated_at` timestamp NULL DEFAULT NULL
) ENGINE=InnoDB DEFAULT CHARSET=utf8mb4 COLLATE=utf8mb4_unicode_ci;

--
-- Volcado de datos para la tabla `organizations`
--

INSERT INTO `organizations` (`id`, `name`, `description`, `created_at`, `updated_at`) VALUES
(1, 'Organización Ejemplo', 'Esta es una organización dedicada a la educación y formación de estudiantes en diversas áreas.', '2024-10-27 07:05:37', '2024-10-27 07:05:37'),
(2, 'Fundación Aprender', 'Fundación sin fines de lucro que apoya a jóvenes en su desarrollo académico.', '2024-10-27 07:05:37', '2024-10-27 07:05:37'),
(3, 'Asociación Educativa Avance', 'Asociación enfocada en la mejora continua de la educación en comunidades vulnerables.', '2024-10-27 07:05:37', '2024-10-27 07:05:37');

-- --------------------------------------------------------

--
-- Estructura de tabla para la tabla `pagos_s_i_g_g_a_s`
--

CREATE TABLE `pagos_s_i_g_g_a_s` (
  `id` bigint(20) UNSIGNED NOT NULL,
  `numero_operacion` varchar(191) NOT NULL,
  `nombres` varchar(191) NOT NULL,
  `apellidos` varchar(191) NOT NULL,
  `monto_pago` decimal(8,2) NOT NULL,
  `fecha_pago` datetime NOT NULL,
  `hora` time NOT NULL,
  `dni` varchar(191) NOT NULL,
  `sucursal` varchar(191) NOT NULL,
  `created_at` timestamp NULL DEFAULT NULL,
  `updated_at` timestamp NULL DEFAULT NULL
) ENGINE=InnoDB DEFAULT CHARSET=utf8mb4 COLLATE=utf8mb4_unicode_ci;

--
-- Volcado de datos para la tabla `pagos_s_i_g_g_a_s`
--

INSERT INTO `pagos_s_i_g_g_a_s` (`id`, `numero_operacion`, `nombres`, `apellidos`, `monto_pago`, `fecha_pago`, `hora`, `dni`, `sucursal`, `created_at`, `updated_at`) VALUES
(3, '88888', 'Juan', 'López', 100.00, '2024-10-16 02:05:52', '01:05:52', '8888', 'Sucursal 3', '2024-10-27 07:05:52', '2024-10-27 07:05:52'),
(4, 'OP-671DA00070B5C', 'José', 'Hernández', 438.59, '2024-10-17 00:00:00', '03:05:52', '69624836', 'Sucursal 4', '2024-10-27 07:05:52', '2024-10-27 07:05:52'),
(5, 'OP-671DA000712BA', 'María', 'Rodríguez', 10.88, '2024-10-08 00:00:00', '02:05:52', '37008984', 'Sucursal 5', '2024-10-27 07:05:52', '2024-10-27 07:05:52'),
(6, 'OP-671DA00071B79', 'José', 'González', 226.73, '2024-09-30 00:00:00', '01:05:52', '90769202', 'Sucursal 5', '2024-10-27 07:05:52', '2024-10-27 07:05:52'),
(7, 'OP-671DA000726D8', 'Carlos', 'Díaz', 307.13, '2024-10-10 00:00:00', '20:05:52', '26415745', 'Sucursal 2', '2024-10-27 07:05:52', '2024-10-27 07:05:52'),
(8, 'OP-671DA00072F5A', 'Laura', 'Martínez', 184.90, '2024-10-02 00:00:00', '05:05:52', '57212262', 'Sucursal 2', '2024-10-27 07:05:52', '2024-10-27 07:05:52'),
(9, 'OP-671DA00073BB9', 'José', 'García', 441.31, '2024-10-09 00:00:00', '13:05:52', '01056624', 'Sucursal 4', '2024-10-27 07:05:52', '2024-10-27 07:05:52'),
(10, 'OP-671DA000745E1', 'Juan', 'Fernández', 156.76, '2024-10-14 00:00:00', '19:05:52', '67755142', 'Sucursal 5', '2024-10-27 07:05:52', '2024-10-27 07:05:52'),
(11, 'OP-671DA00074FE7', 'Carlos', 'Pérez', 477.22, '2024-10-20 00:00:00', '17:05:52', '67789407', 'Sucursal 1', '2024-10-27 07:05:52', '2024-10-27 07:05:52'),
(12, 'OP-671DA00075820', 'Ana', 'Hernández', 442.96, '2024-10-24 00:00:00', '11:05:52', '64761385', 'Sucursal 2', '2024-10-27 07:05:52', '2024-10-27 07:05:52'),
(13, 'OP-671DA00076079', 'Ana', 'González', 101.09, '2024-10-11 00:00:00', '23:05:52', '07862520', 'Sucursal 1', '2024-10-27 07:05:52', '2024-10-27 07:05:52'),
(14, 'OP-671DA00076BDA', 'José', 'Rodríguez', 166.14, '2024-10-04 00:00:00', '13:05:52', '99066260', 'Sucursal 3', '2024-10-27 07:05:52', '2024-10-27 07:05:52'),
(15, 'OP-671DA000772A9', 'Pedro', 'Díaz', 262.94, '2024-10-26 00:00:00', '13:05:52', '51614617', 'Sucursal 2', '2024-10-27 07:05:52', '2024-10-27 07:05:52'),
(16, 'OP-671DA00077957', 'José', 'Hernández', 242.77, '2024-10-26 00:00:00', '11:05:52', '84674881', 'Sucursal 4', '2024-10-27 07:05:52', '2024-10-27 07:05:52'),
(17, 'OP-671DA0007804E', 'Luis', 'Pérez', 430.44, '2024-10-14 00:00:00', '23:05:52', '73996851', 'Sucursal 4', '2024-10-27 07:05:52', '2024-10-27 07:05:52'),
(18, 'OP-671DA000785E9', 'María', 'Hernández', 478.80, '2024-10-11 00:00:00', '21:05:52', '27261831', 'Sucursal 3', '2024-10-27 07:05:52', '2024-10-27 07:05:52'),
(19, 'OP-671DA00078DBA', 'José', 'Díaz', 15.44, '2024-10-27 00:00:00', '01:05:52', '02506589', 'Sucursal 4', '2024-10-27 07:05:52', '2024-10-27 07:05:52'),
(20, 'OP-671DA000795C7', 'Luis', 'Rodríguez', 439.00, '2024-10-08 00:00:00', '00:05:52', '86685093', 'Sucursal 4', '2024-10-27 07:05:52', '2024-10-27 07:05:52'),
(21, 'OP-671DA00079D5C', 'Carlos', 'Fernández', 278.30, '2024-10-20 00:00:00', '16:05:52', '33678153', 'Sucursal 4', '2024-10-27 07:05:52', '2024-10-27 07:05:52'),
(22, 'OP-671DA0007A280', 'Luis', 'García', 274.06, '2024-10-13 00:00:00', '02:05:52', '34110383', 'Sucursal 5', '2024-10-27 07:05:52', '2024-10-27 07:05:52'),
(23, 'OP-671DA0007A756', 'Laura', 'Morales', 448.04, '2024-10-21 00:00:00', '18:05:52', '86913343', 'Sucursal 2', '2024-10-27 07:05:52', '2024-10-27 07:05:52'),
(24, 'OP-671DA0007AF4D', 'María', 'Rodríguez', 42.97, '2024-10-24 00:00:00', '19:05:52', '36939510', 'Sucursal 3', '2024-10-27 07:05:52', '2024-10-27 07:05:52'),
(25, 'OP-671DA0007B71B', 'Laura', 'Díaz', 284.75, '2024-10-15 00:00:00', '08:05:52', '34606140', 'Sucursal 5', '2024-10-27 07:05:52', '2024-10-27 07:05:52'),
(26, 'OP-671DA0007BD5C', 'Juan', 'Hernández', 499.65, '2024-10-05 00:00:00', '20:05:52', '92465492', 'Sucursal 3', '2024-10-27 07:05:52', '2024-10-27 07:05:52'),
(27, 'OP-671DA0007C1D4', 'Pedro', 'Hernández', 155.08, '2024-10-10 00:00:00', '04:05:52', '10800861', 'Sucursal 1', '2024-10-27 07:05:52', '2024-10-27 07:05:52'),
(28, 'OP-671DA0007C7B7', 'María', 'Díaz', 275.35, '2024-10-13 00:00:00', '20:05:52', '37695120', 'Sucursal 2', '2024-10-27 07:05:52', '2024-10-27 07:05:52'),
(29, 'OP-671DA0007CE5A', 'Luis', 'Morales', 223.70, '2024-10-24 00:00:00', '00:05:52', '81631811', 'Sucursal 5', '2024-10-27 07:05:52', '2024-10-27 07:05:52'),
(30, 'OP-671DA0007D525', 'José', 'Martínez', 484.94, '2024-10-04 00:00:00', '07:05:52', '77049729', 'Sucursal 3', '2024-10-27 07:05:52', '2024-10-27 07:05:52'),
(31, 'OP-671DA0007D96F', 'Lucía', 'Pérez', 84.94, '2024-10-19 00:00:00', '23:05:52', '37589271', 'Sucursal 4', '2024-10-27 07:05:52', '2024-10-27 07:05:52'),
(32, 'OP-671DA0007DEB4', 'José', 'Fernández', 293.72, '2024-10-14 00:00:00', '18:05:52', '19844232', 'Sucursal 3', '2024-10-27 07:05:52', '2024-10-27 07:05:52'),
(33, 'OP-671DA0007E5D6', 'Carmen', 'Fernández', 365.25, '2024-10-11 00:00:00', '15:05:52', '73376026', 'Sucursal 3', '2024-10-27 07:05:52', '2024-10-27 07:05:52'),
(34, 'OP-671DA0007F0BC', 'Laura', 'Morales', 402.78, '2024-09-29 00:00:00', '03:05:52', '70867158', 'Sucursal 4', '2024-10-27 07:05:52', '2024-10-27 07:05:52'),
(35, 'OP-671DA0007F6EF', 'Luis', 'Pérez', 114.77, '2024-10-27 00:00:00', '22:05:52', '58961221', 'Sucursal 1', '2024-10-27 07:05:52', '2024-10-27 07:05:52'),
(36, 'OP-671DA0007FDED', 'María', 'Rodríguez', 358.22, '2024-10-11 00:00:00', '22:05:52', '20781037', 'Sucursal 3', '2024-10-27 07:05:52', '2024-10-27 07:05:52'),
(37, 'OP-671DA00080505', 'Lucía', 'Pérez', 480.65, '2024-10-22 00:00:00', '12:05:52', '33526505', 'Sucursal 1', '2024-10-27 07:05:52', '2024-10-27 07:05:52'),
(38, 'OP-671DA00081120', 'Carmen', 'López', 151.65, '2024-10-06 00:00:00', '04:05:52', '77780714', 'Sucursal 2', '2024-10-27 07:05:52', '2024-10-27 07:05:52'),
(39, 'OP-671DA00082768', 'José', 'Hernández', 13.50, '2024-10-19 00:00:00', '15:05:52', '06773170', 'Sucursal 1', '2024-10-27 07:05:52', '2024-10-27 07:05:52'),
(40, 'OP-671DA00082F54', 'Lucía', 'Morales', 298.56, '2024-10-22 00:00:00', '05:05:52', '30839926', 'Sucursal 4', '2024-10-27 07:05:52', '2024-10-27 07:05:52'),
(41, 'OP-671DA00083748', 'Laura', 'Pérez', 457.22, '2024-10-14 00:00:00', '16:05:52', '27701100', 'Sucursal 4', '2024-10-27 07:05:52', '2024-10-27 07:05:52'),
(42, 'OP-671DA00083FDA', 'José', 'Rodríguez', 464.17, '2024-10-25 00:00:00', '15:05:52', '99209541', 'Sucursal 1', '2024-10-27 07:05:52', '2024-10-27 07:05:52'),
(43, 'OP-671DA00084858', 'María', 'Martínez', 225.04, '2024-10-02 00:00:00', '10:05:52', '69459401', 'Sucursal 3', '2024-10-27 07:05:52', '2024-10-27 07:05:52'),
(44, 'OP-671DA00084F10', 'Ana', 'Martínez', 12.42, '2024-10-12 00:00:00', '22:05:52', '50359287', 'Sucursal 2', '2024-10-27 07:05:52', '2024-10-27 07:05:52'),
(45, 'OP-671DA000856F7', 'Pedro', 'García', 286.27, '2024-10-15 00:00:00', '22:05:52', '41157607', 'Sucursal 2', '2024-10-27 07:05:52', '2024-10-27 07:05:52'),
(46, 'OP-671DA00085DEF', 'Lucía', 'Hernández', 47.82, '2024-10-26 00:00:00', '01:05:52', '78604090', 'Sucursal 2', '2024-10-27 07:05:52', '2024-10-27 07:05:52'),
(47, 'OP-671DA0008629E', 'Juan', 'González', 470.60, '2024-10-16 00:00:00', '03:05:52', '90159695', 'Sucursal 5', '2024-10-27 07:05:52', '2024-10-27 07:05:52'),
(48, 'OP-671DA000867AB', 'Juan', 'Hernández', 468.73, '2024-10-18 00:00:00', '17:05:52', '37651223', 'Sucursal 4', '2024-10-27 07:05:52', '2024-10-27 07:05:52'),
(49, 'OP-671DA00086E1F', 'Carmen', 'Fernández', 213.86, '2024-10-16 00:00:00', '04:05:52', '97390250', 'Sucursal 4', '2024-10-27 07:05:52', '2024-10-27 07:05:52'),
(50, '777777', 'José', 'Díaz', 100.00, '2024-10-18 02:05:52', '07:05:52', '21999564', 'Sucursal 4', '2024-10-27 07:05:52', '2024-10-27 07:05:52');

-- --------------------------------------------------------

--
-- Estructura de tabla para la tabla `password_reset_tokens`
--

CREATE TABLE `password_reset_tokens` (
  `email` varchar(191) NOT NULL,
  `token` varchar(191) NOT NULL,
  `created_at` timestamp NULL DEFAULT NULL
) ENGINE=InnoDB DEFAULT CHARSET=utf8mb4 COLLATE=utf8mb4_unicode_ci;

-- --------------------------------------------------------

--
-- Estructura de tabla para la tabla `registros`
--

CREATE TABLE `registros` (
  `id` bigint(20) UNSIGNED NOT NULL,
  `nombres` varchar(191) NOT NULL,
  `apellidos` varchar(191) NOT NULL,
  `dni` varchar(191) NOT NULL,
  `celular` varchar(191) NOT NULL,
  `edad` int(11) NOT NULL,
  `sexo` varchar(191) NOT NULL,
  `fecha_nacimiento` date NOT NULL,
  `created_at` timestamp NULL DEFAULT NULL,
  `updated_at` timestamp NULL DEFAULT NULL
) ENGINE=InnoDB DEFAULT CHARSET=utf8mb4 COLLATE=utf8mb4_unicode_ci;

--
-- Volcado de datos para la tabla `registros`
--

INSERT INTO `registros` (`id`, `nombres`, `apellidos`, `dni`, `celular`, `edad`, `sexo`, `fecha_nacimiento`, `created_at`, `updated_at`) VALUES
(1, 'Carlos', 'Hernández', '77777777', '979566427', 26, 'Femenino', '2005-10-27', '2024-10-27 07:05:52', '2024-10-27 07:05:52'),
(2, 'Carlos', 'González', '63272778', '918545283', 20, 'Masculino', '2005-10-27', '2024-10-27 07:05:52', '2024-10-27 07:05:52'),
(3, 'Juan', 'González', '65069285', '959256622', 23, 'Masculino', '2000-10-27', '2024-10-27 07:05:52', '2024-10-27 07:05:52'),
(4, 'Ana', 'Martínez', '34193260', '933973898', 26, 'Masculino', '1995-10-27', '2024-10-27 07:05:52', '2024-10-27 07:05:52'),
(5, 'Ana', 'Hernández', '00354559', '928163050', 27, 'Femenino', '2005-10-27', '2024-10-27 07:05:52', '2024-10-27 07:05:52'),
(6, 'Pedro', 'Martínez', '10321851', '966429652', 19, 'Femenino', '2004-10-27', '2024-10-27 07:05:52', '2024-10-27 07:05:52'),
(7, 'Luisa', 'López', '57503490', '967747104', 20, 'Masculino', '2002-10-27', '2024-10-27 07:05:52', '2024-10-27 07:05:52'),
(8, 'Luisa', 'Pérez', '17724564', '954402278', 29, 'Femenino', '1997-10-27', '2024-10-27 07:05:52', '2024-10-27 07:05:52'),
(9, 'Jorge', 'López', '69320177', '963830294', 24, 'Masculino', '2000-10-27', '2024-10-27 07:05:52', '2024-10-27 07:05:52'),
(10, 'Juan', 'González', '91351673', '921793049', 26, 'Masculino', '2000-10-27', '2024-10-27 07:05:52', '2024-10-27 07:05:52'),
(11, 'Pedro', 'González', '28040988', '943421724', 27, 'Masculino', '2001-10-27', '2024-10-27 07:05:52', '2024-10-27 07:05:52'),
(12, 'Pedro', 'García', '92653754', '955000362', 24, 'Masculino', '1994-10-27', '2024-10-27 07:05:52', '2024-10-27 07:05:52'),
(13, 'María', 'González', '62943124', '964366399', 18, 'Masculino', '1996-10-27', '2024-10-27 07:05:52', '2024-10-27 07:05:52'),
(14, 'María', 'González', '75051701', '986997889', 30, 'Femenino', '2002-10-27', '2024-10-27 07:05:52', '2024-10-27 07:05:52'),
(15, 'Ana', 'García', '93963571', '999545000', 20, 'Masculino', '1995-10-27', '2024-10-27 07:05:52', '2024-10-27 07:05:52'),
(16, 'Isabel', 'Pérez', '65483785', '925914141', 19, 'Masculino', '1995-10-27', '2024-10-27 07:05:52', '2024-10-27 07:05:52'),
(17, 'Juan', 'López', '82950796', '905673139', 30, 'Masculino', '1996-10-27', '2024-10-27 07:05:52', '2024-10-27 07:05:52'),
(18, 'Carlos', 'Hernández', '70363700', '972741415', 27, 'Masculino', '2003-10-27', '2024-10-27 07:05:52', '2024-10-27 07:05:52'),
(19, 'María', 'Hernández', '28535108', '909173005', 20, 'Masculino', '2000-10-27', '2024-10-27 07:05:52', '2024-10-27 07:05:52'),
(20, 'Carlos', 'Hernández', '09643146', '924703803', 29, 'Femenino', '1994-10-27', '2024-10-27 07:05:52', '2024-10-27 07:05:52'),
(21, 'Juan', 'Pérez', '66632551', '904878947', 23, 'Masculino', '2003-10-27', '2024-10-27 07:05:52', '2024-10-27 07:05:52'),
(22, 'Isabel', 'López', '51896424', '904701384', 24, 'Femenino', '1997-10-27', '2024-10-27 07:05:52', '2024-10-27 07:05:52'),
(23, 'Pedro', 'Martínez', '25836589', '990464993', 25, 'Masculino', '1995-10-27', '2024-10-27 07:05:52', '2024-10-27 07:05:52'),
(24, 'Jorge', 'González', '75487458', '997915192', 27, 'Masculino', '1996-10-27', '2024-10-27 07:05:52', '2024-10-27 07:05:52'),
(25, 'Jorge', 'González', '04669084', '954431802', 18, 'Masculino', '1994-10-27', '2024-10-27 07:05:52', '2024-10-27 07:05:52'),
(26, 'Jorge', 'López', '22661746', '984670989', 21, 'Femenino', '2006-10-27', '2024-10-27 07:05:52', '2024-10-27 07:05:52'),
(27, 'Luisa', 'López', '27684812', '945354870', 28, 'Masculino', '2004-10-27', '2024-10-27 07:05:52', '2024-10-27 07:05:52'),
(28, 'Juan', 'Hernández', '09449242', '973107188', 29, 'Femenino', '1995-10-27', '2024-10-27 07:05:52', '2024-10-27 07:05:52'),
(29, 'Ana', 'Hernández', '84233638', '936899105', 20, 'Masculino', '2005-10-27', '2024-10-27 07:05:52', '2024-10-27 07:05:52'),
(30, 'María', 'Hernández', '09928513', '920473386', 21, 'Masculino', '1995-10-27', '2024-10-27 07:05:52', '2024-10-27 07:05:52'),
(31, 'Ana', 'González', '04470023', '984216313', 23, 'Femenino', '2005-10-27', '2024-10-27 07:05:52', '2024-10-27 07:05:52'),
(32, 'Juan', 'López', '11912341', '961209024', 19, 'Masculino', '2004-10-27', '2024-10-27 07:05:52', '2024-10-27 07:05:52'),
(33, 'Pedro', 'López', '80408519', '950906443', 20, 'Masculino', '1994-10-27', '2024-10-27 07:05:52', '2024-10-27 07:05:52'),
(34, 'Pedro', 'Hernández', '11638638', '930838963', 22, 'Femenino', '1998-10-27', '2024-10-27 07:05:52', '2024-10-27 07:05:52'),
(35, 'Carlos', 'García', '50920561', '981132914', 28, 'Masculino', '2000-10-27', '2024-10-27 07:05:52', '2024-10-27 07:05:52'),
(36, 'Juan', 'García', '52260248', '935743843', 25, 'Masculino', '2006-10-27', '2024-10-27 07:05:52', '2024-10-27 07:05:52'),
(37, 'Luisa', 'González', '18514917', '925238298', 28, 'Masculino', '1997-10-27', '2024-10-27 07:05:52', '2024-10-27 07:05:52'),
(38, 'Juan', 'López', '97711230', '925946337', 20, 'Masculino', '1997-10-27', '2024-10-27 07:05:52', '2024-10-27 07:05:52'),
(39, 'María', 'Pérez', '61709027', '941681559', 20, 'Femenino', '2000-10-27', '2024-10-27 07:05:52', '2024-10-27 07:05:52'),
(40, 'María', 'Martínez', '09595492', '900017286', 23, 'Femenino', '2001-10-27', '2024-10-27 07:05:52', '2024-10-27 07:05:52'),
(41, 'Ana', 'Pérez', '81047986', '911878131', 25, 'Masculino', '1997-10-27', '2024-10-27 07:05:52', '2024-10-27 07:05:52'),
(42, 'Ana', 'García', '79330358', '999721058', 21, 'Femenino', '1998-10-27', '2024-10-27 07:05:52', '2024-10-27 07:05:52'),
(43, 'Jorge', 'Hernández', '95311483', '974785521', 18, 'Masculino', '1996-10-27', '2024-10-27 07:05:52', '2024-10-27 07:05:52'),
(44, 'Isabel', 'García', '04811330', '937014279', 28, 'Masculino', '2004-10-27', '2024-10-27 07:05:52', '2024-10-27 07:05:52'),
(45, 'Jorge', 'Hernández', '03794770', '913609436', 25, 'Femenino', '1994-10-27', '2024-10-27 07:05:52', '2024-10-27 07:05:52'),
(46, 'Juan', 'García', '29280599', '935640342', 24, 'Masculino', '1994-10-27', '2024-10-27 07:05:52', '2024-10-27 07:05:52'),
(47, 'Carlos', 'López', '23881041', '958691067', 18, 'Masculino', '1994-10-27', '2024-10-27 07:05:52', '2024-10-27 07:05:52'),
(48, 'María', 'Pérez', '87504397', '920054995', 19, 'Masculino', '1997-10-27', '2024-10-27 07:05:52', '2024-10-27 07:05:52'),
(49, 'Pedro', 'Pérez', '56239353', '993692377', 23, 'Masculino', '2006-10-27', '2024-10-27 07:05:52', '2024-10-27 07:05:52'),
(50, 'Carlos', 'García', '05572642', '975142068', 18, 'Femenino', '1994-10-27', '2024-10-27 07:05:52', '2024-10-27 07:05:52'),
(51, 'ALAN JORDAN', 'PRETEL CANO', '72535264', '964519558', 22, 'M', '2024-10-07', '2024-10-27 08:03:27', '2024-10-27 08:03:27'),
(53, 'ALAN JORDAN', 'PRETEL CANO', '72535267', '964519558', 22, 'F', '2024-10-21', '2024-10-27 08:05:31', '2024-10-27 08:05:31'),
(56, 'ALAN JORDAN', 'PRETEL CANO', '72531111', '964519558', 22, 'F', '2024-10-07', '2024-10-27 12:38:19', '2024-10-27 12:38:19');

-- --------------------------------------------------------

--
-- Estructura de tabla para la tabla `sessions`
--

CREATE TABLE `sessions` (
  `id` varchar(191) NOT NULL,
  `user_id` bigint(20) UNSIGNED DEFAULT NULL,
  `ip_address` varchar(45) DEFAULT NULL,
  `user_agent` text DEFAULT NULL,
  `payload` longtext NOT NULL,
  `last_activity` int(11) NOT NULL
) ENGINE=InnoDB DEFAULT CHARSET=utf8mb4 COLLATE=utf8mb4_unicode_ci;

--
-- Volcado de datos para la tabla `sessions`
--

INSERT INTO `sessions` (`id`, `user_id`, `ip_address`, `user_agent`, `payload`, `last_activity`) VALUES
('KhhpsEmO8RAyBOx7ogKOhl6RtT53QWgq5muWim2c', NULL, '127.0.0.1', 'Mozilla/5.0 (Windows NT 10.0; Win64; x64) AppleWebKit/537.36 (KHTML, like Gecko) Chrome/131.0.0.0 Safari/537.36', 'YTozOntzOjY6Il90b2tlbiI7czo0MDoiY0V0VWVpNkxXOTRwa1EzTkxjbEttT1A2YTdYemtITWs0MFoyYTFVZCI7czo5OiJfcHJldmlvdXMiO2E6MTp7czozOiJ1cmwiO3M6Mjc6Imh0dHA6Ly8xMjcuMC4wLjE6ODAwMC9sb2dpbiI7fXM6NjoiX2ZsYXNoIjthOjI6e3M6Mzoib2xkIjthOjA6e31zOjM6Im5ldyI7YTowOnt9fX0=', 1733014865),
('rO3SkvNXmjvD7m8T48drMEr4vjlFjrXxDHEMWyN8', NULL, '127.0.0.1', 'Mozilla/5.0 (Windows NT 10.0; Win64; x64) AppleWebKit/537.36 (KHTML, like Gecko) Chrome/131.0.0.0 Safari/537.36 Edg/131.0.0.0', 'YTozOntzOjY6Il90b2tlbiI7czo0MDoiWEsya3RteDdaN3JlcEltbW5xbU5QZGE5REE4UDVmZ21WV3NSY0VIayI7czo5OiJfcHJldmlvdXMiO2E6MTp7czozOiJ1cmwiO3M6MjE6Imh0dHA6Ly8xMjcuMC4wLjE6ODAwMCI7fXM6NjoiX2ZsYXNoIjthOjI6e3M6Mzoib2xkIjthOjA6e31zOjM6Im5ldyI7YTowOnt9fX0=', 1733014527),
('tM2nAvxsEIyKbiEV3zGTt7kpP3fYzOJU3goVhEyi', NULL, '127.0.0.1', 'Mozilla/5.0 (Windows NT 10.0; Win64; x64) AppleWebKit/537.36 (KHTML, like Gecko) Chrome/130.0.0.0 Safari/537.36', 'YTo0OntzOjY6Il90b2tlbiI7czo0MDoiUU5FNVB5MGRmY1g2Yk0zNThnOW9DZVFvMzRUV0FhVzNzd1pycVpJaiI7czozOiJ1cmwiO2E6MTp7czo4OiJpbnRlbmRlZCI7czozMDoiaHR0cDovL2xvY2FsaG9zdDo4MDAwL3BheW1lbnQxIjt9czo5OiJfcHJldmlvdXMiO2E6MTp7czozOiJ1cmwiO3M6MjE6Imh0dHA6Ly9sb2NhbGhvc3Q6ODAwMCI7fXM6NjoiX2ZsYXNoIjthOjI6e3M6Mzoib2xkIjthOjA6e31zOjM6Im5ldyI7YTowOnt9fX0=', 1730520807);

-- --------------------------------------------------------

--
-- Estructura de tabla para la tabla `students`
--

CREATE TABLE `students` (
  `id` bigint(20) UNSIGNED NOT NULL,
  `user_id` bigint(20) UNSIGNED NOT NULL,
  `first_name` varchar(191) NOT NULL,
  `last_name` varchar(191) NOT NULL,
  `dni` varchar(191) NOT NULL,
  `birth_date` date NOT NULL,
  `enrollment_number` varchar(191) DEFAULT NULL,
  `address` varchar(191) DEFAULT NULL,
  `phone` varchar(191) DEFAULT NULL,
  `profile_image` varchar(191) DEFAULT NULL,
  `created_at` timestamp NULL DEFAULT NULL,
  `updated_at` timestamp NULL DEFAULT NULL
) ENGINE=InnoDB DEFAULT CHARSET=utf8mb4 COLLATE=utf8mb4_unicode_ci;

--
-- Volcado de datos para la tabla `students`
--

INSERT INTO `students` (`id`, `user_id`, `first_name`, `last_name`, `dni`, `birth_date`, `enrollment_number`, `address`, `phone`, `profile_image`, `created_at`, `updated_at`) VALUES
(1, 4, 'Estudiante 1', 'Apellido 1', 'DNI00000001', '2000-01-01', 'MATRICULA1', 'Dirección 1', '900000001', NULL, NULL, NULL),
(2, 5, 'Estudiante 2', 'Apellido 2', 'DNI00000002', '2000-01-02', 'MATRICULA2', 'Dirección 2', '900000002', NULL, NULL, NULL),
(3, 6, 'Estudiante 3', 'Apellido 3', 'DNI00000003', '2000-01-03', 'MATRICULA3', 'Dirección 3', '900000003', NULL, NULL, NULL),
(4, 7, 'Estudiante 4', 'Apellido 4', 'DNI00000004', '2000-01-04', 'MATRICULA4', 'Dirección 4', '900000004', NULL, NULL, NULL),
(5, 8, 'Estudiante 5', 'Apellido 5', 'DNI00000005', '2000-01-05', 'MATRICULA5', 'Dirección 5', '900000005', NULL, NULL, NULL),
(6, 9, 'Estudiante 6', 'Apellido 6', 'DNI00000006', '2000-01-06', 'MATRICULA6', 'Dirección 6', '900000006', NULL, NULL, NULL),
(7, 10, 'Estudiante 7', 'Apellido 7', 'DNI00000007', '2000-01-07', 'MATRICULA7', 'Dirección 7', '900000007', NULL, NULL, NULL),
(8, 11, 'Estudiante 8', 'Apellido 8', 'DNI00000008', '2000-01-08', 'MATRICULA8', 'Dirección 8', '900000008', NULL, NULL, NULL),
(9, 12, 'Estudiante 9', 'Apellido 9', 'DNI00000009', '2000-01-09', 'MATRICULA9', 'Dirección 9', '900000009', NULL, NULL, NULL),
(10, 13, 'Estudiante 10', 'Apellido 10', 'DNI00000010', '2000-01-10', 'MATRICULA10', 'Dirección 10', '9000000010', NULL, NULL, NULL),
(11, 14, 'Estudiante 11', 'Apellido 11', 'DNI00000011', '2000-01-11', 'MATRICULA11', 'Dirección 11', '9000000011', NULL, NULL, NULL),
(12, 15, 'Estudiante 12', 'Apellido 12', 'DNI00000012', '2000-01-12', 'MATRICULA12', 'Dirección 12', '9000000012', NULL, NULL, NULL),
(13, 16, 'Estudiante 13', 'Apellido 13', 'DNI00000013', '2000-01-13', 'MATRICULA13', 'Dirección 13', '9000000013', NULL, NULL, NULL),
(14, 17, 'Estudiante 14', 'Apellido 14', 'DNI00000014', '2000-01-14', 'MATRICULA14', 'Dirección 14', '9000000014', NULL, NULL, NULL),
(15, 18, 'Estudiante 15', 'Apellido 15', 'DNI00000015', '2000-01-15', 'MATRICULA15', 'Dirección 15', '9000000015', NULL, NULL, NULL),
(16, 19, 'Estudiante 16', 'Apellido 16', 'DNI00000016', '2000-01-16', 'MATRICULA16', 'Dirección 16', '9000000016', NULL, NULL, NULL),
(17, 20, 'Estudiante 17', 'Apellido 17', 'DNI00000017', '2000-01-17', 'MATRICULA17', 'Dirección 17', '9000000017', NULL, NULL, NULL),
(18, 21, 'Estudiante 18', 'Apellido 18', 'DNI00000018', '2000-01-18', 'MATRICULA18', 'Dirección 18', '9000000018', NULL, NULL, NULL),
(19, 22, 'Estudiante 19', 'Apellido 19', 'DNI00000019', '2000-01-19', 'MATRICULA19', 'Dirección 19', '9000000019', NULL, NULL, NULL),
(20, 23, 'Estudiante 20', 'Apellido 20', 'DNI00000020', '2000-01-20', 'MATRICULA20', 'Dirección 20', '9000000020', NULL, NULL, NULL),
(21, 24, 'Estudiante 21', 'Apellido 21', 'DNI00000021', '2000-01-21', 'MATRICULA21', 'Dirección 21', '9000000021', NULL, NULL, NULL),
(22, 25, 'Estudiante 22', 'Apellido 22', 'DNI00000022', '2000-01-22', 'MATRICULA22', 'Dirección 22', '9000000022', NULL, NULL, NULL),
(23, 26, 'Estudiante 23', 'Apellido 23', 'DNI00000023', '2000-01-23', 'MATRICULA23', 'Dirección 23', '9000000023', NULL, NULL, NULL),
(24, 27, 'Estudiante 24', 'Apellido 24', 'DNI00000024', '2000-01-24', 'MATRICULA24', 'Dirección 24', '9000000024', NULL, NULL, NULL),
(25, 28, 'Estudiante 25', 'Apellido 25', 'DNI00000025', '2000-01-25', 'MATRICULA25', 'Dirección 25', '9000000025', NULL, NULL, NULL),
(26, 29, 'Estudiante 26', 'Apellido 26', 'DNI00000026', '2000-01-26', 'MATRICULA26', 'Dirección 26', '9000000026', NULL, NULL, NULL),
(27, 30, 'Estudiante 27', 'Apellido 27', 'DNI00000027', '2000-01-27', 'MATRICULA27', 'Dirección 27', '9000000027', NULL, NULL, NULL),
(28, 31, 'Estudiante 28', 'Apellido 28', 'DNI00000028', '2000-01-28', 'MATRICULA28', 'Dirección 28', '9000000028', NULL, NULL, NULL),
(29, 32, 'Estudiante 29', 'Apellido 29', 'DNI00000029', '2000-01-29', 'MATRICULA29', 'Dirección 29', '9000000029', NULL, NULL, NULL),
(30, 33, 'Estudiante 30', 'Apellido 30', 'DNI00000030', '2000-01-30', 'MATRICULA30', 'Dirección 30', '9000000030', NULL, NULL, NULL);

-- --------------------------------------------------------

--
-- Estructura de tabla para la tabla `teachers`
--

CREATE TABLE `teachers` (
  `id` bigint(20) UNSIGNED NOT NULL,
  `user_id` bigint(20) UNSIGNED NOT NULL,
  `first_name` varchar(191) NOT NULL,
  `last_name` varchar(191) NOT NULL,
  `dni` varchar(191) NOT NULL,
  `birth_date` date NOT NULL,
  `subject` varchar(191) DEFAULT NULL,
  `address` varchar(191) DEFAULT NULL,
  `phone` varchar(191) DEFAULT NULL,
  `profile_image` varchar(191) DEFAULT NULL,
  `created_at` timestamp NULL DEFAULT NULL,
  `updated_at` timestamp NULL DEFAULT NULL
) ENGINE=InnoDB DEFAULT CHARSET=utf8mb4 COLLATE=utf8mb4_unicode_ci;

--
-- Volcado de datos para la tabla `teachers`
--

INSERT INTO `teachers` (`id`, `user_id`, `first_name`, `last_name`, `dni`, `birth_date`, `subject`, `address`, `phone`, `profile_image`, `created_at`, `updated_at`) VALUES
(1, 2, 'Juan', 'Pérez', '12345678', '1985-05-15', 'Matemáticas', 'Calle Falsa 123', '987654321', NULL, NULL, NULL),
(2, 3, 'Ana', 'Gómez', '87654321', '1990-08-25', 'Historia', 'Avenida Siempre Viva 742', '912345678', NULL, NULL, NULL);

-- --------------------------------------------------------

--
-- Estructura de tabla para la tabla `users`
--

CREATE TABLE `users` (
  `id` bigint(20) UNSIGNED NOT NULL,
  `name` varchar(191) NOT NULL,
  `email` varchar(191) NOT NULL,
  `email_verified_at` timestamp NULL DEFAULT NULL,
  `password` varchar(191) NOT NULL,
  `remember_token` varchar(100) DEFAULT NULL,
  `role` enum('admin','teacher','student','contador') NOT NULL,
  `codigo` varchar(191) DEFAULT NULL,
  `dni` varchar(191) DEFAULT NULL,
  `organization_id` bigint(20) UNSIGNED DEFAULT NULL,
  `created_at` timestamp NULL DEFAULT NULL,
  `updated_at` timestamp NULL DEFAULT NULL
) ENGINE=InnoDB DEFAULT CHARSET=utf8mb4 COLLATE=utf8mb4_unicode_ci;

--
-- Volcado de datos para la tabla `users`
--

INSERT INTO `users` (`id`, `name`, `email`, `email_verified_at`, `password`, `remember_token`, `role`, `codigo`, `dni`, `organization_id`, `created_at`, `updated_at`) VALUES
(1, 'Admin', 'admin@ejemplo.com', NULL, '$2y$12$/QETc0go/GV4.VtSS7Iqx./nTAkOhPjgMDQ/.K5Wtpl064//oi8Ta', 'K0DAnuWfnH0EF4Gzbhd5C7WAgc6TPNcgr7iWPcOWSQLnq5liGrn8oxgqr8Zj', 'admin', NULL, NULL, NULL, NULL, NULL),
(2, 'Profesor Uno', 'profesor1@ejemplo.com', NULL, '$2y$12$SkvHJfVZ/dHekyqW2LCJsudeYcdMRyLVfYcE6eBd1s6AQ/JjFe.Hu', NULL, 'teacher', NULL, NULL, NULL, NULL, NULL),
(3, 'Profesor Dos', 'profesor2@ejemplo.com', NULL, '$2y$12$umW7fBu0UjkcfDaIJaSIp.63LAoAL3KmR/h1wjLCM6FLQqts722Ca', NULL, 'teacher', NULL, NULL, NULL, NULL, NULL),
(4, 'Estudiante 1', 'estudiante1@ejemplo.com', NULL, '$2y$12$LSWhl2X5Ntxnvl9KhHK27ugVpLNHqyWRTRWpgDb98t1HBZ6qnnfhG', NULL, 'student', NULL, NULL, NULL, NULL, NULL),
(5, 'Estudiante 2', 'estudiante2@ejemplo.com', NULL, '$2y$12$CN47QzfWE7kv6WNMjPTbveZeHtwkqpCroTeqZhh2gmdWZ2zms8lhe', NULL, 'student', NULL, NULL, NULL, NULL, NULL),
(6, 'Estudiante 3', 'estudiante3@ejemplo.com', NULL, '$2y$12$IJh0RP0Uruxx/IaUi76BNeKE2T2KtHqhRLIvqyRaa7raD/NiwRG7a', NULL, 'student', NULL, NULL, NULL, NULL, NULL),
(7, 'Estudiante 4', 'estudiante4@ejemplo.com', NULL, '$2y$12$h6kAk6WU3O8Q/e9OnCznQ.n4MzP49WKmLMUT0zsUUEzFGFd0rgFZ.', NULL, 'student', NULL, NULL, NULL, NULL, NULL),
(8, 'Estudiante 5', 'estudiante5@ejemplo.com', NULL, '$2y$12$MJvBV80dfq/9J.BE6X/y0.sNZFrXPwGLE3zEq6Yi4xR5MgOullJle', NULL, 'student', NULL, NULL, NULL, NULL, NULL),
(9, 'Estudiante 6', 'estudiante6@ejemplo.com', NULL, '$2y$12$/U.adXbWB8mrn9fdsWtdveZXTwrAzbcyOXJe8La4ERpQHxvsqJw5m', NULL, 'student', NULL, NULL, NULL, NULL, NULL),
(10, 'Estudiante 7', 'estudiante7@ejemplo.com', NULL, '$2y$12$eDRCNz1Lg7LO.k3ZleuH8u9JUvMo5KLWHhqeQk/t7QrUjv1MglJs6', NULL, 'student', NULL, NULL, NULL, NULL, NULL),
(11, 'Estudiante 8', 'estudiante8@ejemplo.com', NULL, '$2y$12$52TLcqrD/.vBx64MMyimn.z1HfOnxmrLokRvLAetXpAy4Nw6s/GFu', NULL, 'student', NULL, NULL, NULL, NULL, NULL),
(12, 'Estudiante 9', 'estudiante9@ejemplo.com', NULL, '$2y$12$lvTAUO2tKdbWaUKEDXMMJu4Ws62uGm9fq32jLx0o2sjpSNBfLzIFu', NULL, 'student', NULL, NULL, NULL, NULL, NULL),
(13, 'Estudiante 10', 'estudiante10@ejemplo.com', NULL, '$2y$12$UdVBIMU7SyQ5uzkTABsdnOIvVKUiifNwhm3oqObEMvPFKCjU6MbqS', NULL, 'student', NULL, NULL, NULL, NULL, NULL),
(14, 'Estudiante 11', 'estudiante11@ejemplo.com', NULL, '$2y$12$R.ACvGJyIiNrib7zAa8W7eSs/aGqwncOx.2RAvcFhE/Kz6nJwwZVW', NULL, 'student', NULL, NULL, NULL, NULL, NULL),
(15, 'Estudiante 12', 'estudiante12@ejemplo.com', NULL, '$2y$12$h0w5HJsBlql5t412nJDr9uhrJ0XcDt9nyL5rdnu6ejKoI2pKRzLN2', NULL, 'student', NULL, NULL, NULL, NULL, NULL),
(16, 'Estudiante 13', 'estudiante13@ejemplo.com', NULL, '$2y$12$F6NLJRSi0e5929X3Jf2Pxupf.O7FflUpWAfVpU0wOl5LYkZqUIFUa', NULL, 'student', NULL, NULL, NULL, NULL, NULL),
(17, 'Estudiante 14', 'estudiante14@ejemplo.com', NULL, '$2y$12$9YfrJd1WCwF2efad.pPjM.BmMTNwwlNiR/DINgjHlNiO60YkarfPC', NULL, 'student', NULL, NULL, NULL, NULL, NULL),
(18, 'Estudiante 15', 'estudiante15@ejemplo.com', NULL, '$2y$12$CF211Td0QbAMdXpj8vECJOi450GkdYp2.xi2.QgAQL7ha97nsQAiO', NULL, 'student', NULL, NULL, NULL, NULL, NULL),
(19, 'Estudiante 16', 'estudiante16@ejemplo.com', NULL, '$2y$12$JwOrt4JL7x.f3GNVXdWhjuQTHB8wf.629upzrxxwm6br6ROOA/kjq', NULL, 'student', NULL, NULL, NULL, NULL, NULL),
(20, 'Estudiante 17', 'estudiante17@ejemplo.com', NULL, '$2y$12$21uX5p2DRrjaEhLvTlrHOOJ8BnZXkpnmRVzfTPqQ9gxcyin.t6Y4i', NULL, 'student', NULL, NULL, NULL, NULL, NULL),
(21, 'Estudiante 18', 'estudiante18@ejemplo.com', NULL, '$2y$12$HHjyWcsm.xEqpxJbNdhMUeoC9NZEUwtqL086Y.QG0zG5bdUXQjZbu', NULL, 'student', NULL, NULL, NULL, NULL, NULL),
(22, 'Estudiante 19', 'estudiante19@ejemplo.com', NULL, '$2y$12$PQH.etIhk.aQ1WIs2h9bHesVRLLDQSbSGwJxFg9UwBkaNjfiKcgXu', NULL, 'student', NULL, NULL, NULL, NULL, NULL),
(23, 'Estudiante 20', 'estudiante20@ejemplo.com', NULL, '$2y$12$j0SmzukRIreo81YckUeO.uaUtNh3gCWevB4DjMrgtole2pURPdwku', NULL, 'student', NULL, NULL, NULL, NULL, NULL),
(24, 'Estudiante 21', 'estudiante21@ejemplo.com', NULL, '$2y$12$yQ39BZRARPdyu8tnUzdIF.NACak9epOdcu8Sk8VfKa9rCJj.KjxVq', NULL, 'student', NULL, NULL, NULL, NULL, NULL),
(25, 'Estudiante 22', 'estudiante22@ejemplo.com', NULL, '$2y$12$pKDSJ.sDQXtJzOM6txJaJe5a8r01jq4nTFEF9boS6f.cQ/7FTiTwC', NULL, 'student', NULL, NULL, NULL, NULL, NULL),
(26, 'Estudiante 23', 'estudiante23@ejemplo.com', NULL, '$2y$12$.//7KPvQv8OaOFmMKpobSuZCXabKUXgS7s.eWkC1lZLG3bKLNMCxG', NULL, 'student', NULL, NULL, NULL, NULL, NULL),
(27, 'Estudiante 24', 'estudiante24@ejemplo.com', NULL, '$2y$12$MgCg1anOePKrADoEfDp9Pe1yRDDQUB7DU0p4DPNqeCbVRZ7p70WtG', NULL, 'student', NULL, NULL, NULL, NULL, NULL),
(28, 'Estudiante 25', 'estudiante25@ejemplo.com', NULL, '$2y$12$I2olKEcbidub4cn/kqUku..G8HFmbAUfZcqmfa7b.pHGEiEd1LQ1y', NULL, 'student', NULL, NULL, NULL, NULL, NULL),
(29, 'Estudiante 26', 'estudiante26@ejemplo.com', NULL, '$2y$12$DoivrAdbRcNbYd1eTGd0bOWo06qewsPK87yYKN/Me3v5Pl51rI8r6', NULL, 'student', NULL, NULL, NULL, NULL, NULL),
(30, 'Estudiante 27', 'estudiante27@ejemplo.com', NULL, '$2y$12$13hLTrqy5MtblvSHSgebKOdt6FenWZdZwa9lRwU9V8h4ITYtKy5JC', NULL, 'student', NULL, NULL, NULL, NULL, NULL),
(31, 'Estudiante 28', 'estudiante28@ejemplo.com', NULL, '$2y$12$mFcY2yKyZ2kd8PzwBwE3EO.nSvbZfVOJO9tiV0h41uya2/u1SK0JG', NULL, 'student', NULL, NULL, NULL, NULL, NULL),
(32, 'Estudiante 29', 'estudiante29@ejemplo.com', NULL, '$2y$12$vkcwl8tkgcWHaHrag/CTweRb2.wgDIOfXrElp75qK2UwY.hWSMQ3q', NULL, 'student', NULL, NULL, NULL, NULL, NULL),
(33, 'Estudiante 30', 'estudiante30@ejemplo.com', NULL, '$2y$12$c/IY6ZVmB9fzb9Abc7zGIeoHpMgiYJuhmg8DX2eXm2fhbwqPveSj2', NULL, 'student', NULL, NULL, NULL, NULL, NULL),
(34, 'Juan Ramirez', 'admin10@ejemplo.com', NULL, '$2y$12$D7To3p/JIbzr9XkMdOu2yeiZGwFCVbngTZP/xRuLYkMEyheGwCEsW', NULL, 'admin', NULL, NULL, NULL, '2024-10-29 09:35:05', '2024-10-29 09:35:05'),
(35, 'CaptainBird88', 'admin45@ejemplo.com', NULL, '$2y$12$Cq1ejomHWpLrGBezsFHiLeYdJYEQRUhreKdsl.FttSf/2Wze7WFDe', NULL, 'admin', NULL, NULL, NULL, '2024-11-02 08:57:58', '2024-11-02 08:57:58');

-- --------------------------------------------------------

--
-- Estructura de tabla para la tabla `user_certificados`
--

CREATE TABLE `user_certificados` (
  `id` bigint(20) UNSIGNED NOT NULL,
  `user_id` bigint(20) UNSIGNED NOT NULL,
  `nota_final` decimal(8,2) NOT NULL,
  `certificado_id` bigint(20) UNSIGNED NOT NULL,
  `fecha_obtencion` date DEFAULT NULL,
  `created_at` timestamp NULL DEFAULT NULL,
  `updated_at` timestamp NULL DEFAULT NULL
) ENGINE=InnoDB DEFAULT CHARSET=utf8mb4 COLLATE=utf8mb4_unicode_ci;

--
-- Volcado de datos para la tabla `user_certificados`
--

INSERT INTO `user_certificados` (`id`, `user_id`, `nota_final`, `certificado_id`, `fecha_obtencion`, `created_at`, `updated_at`) VALUES
(1, 1, 5.60, 1, '2024-09-29', '2024-10-27 07:05:52', '2024-10-27 07:05:52'),
(2, 2, 6.90, 1, '2024-10-11', '2024-10-27 07:05:52', '2024-10-27 07:05:52'),
(3, 3, 9.50, 1, '2024-10-01', '2024-10-27 07:05:52', '2024-10-27 07:05:52'),
(4, 4, 9.50, 7, '2024-10-12', '2024-10-27 07:05:52', '2024-10-27 07:05:52'),
(5, 5, 5.60, 2, '2024-10-08', '2024-10-27 07:05:52', '2024-10-27 07:05:52'),
(6, 6, 9.20, 6, '2024-10-27', '2024-10-27 07:05:52', '2024-10-27 07:05:52'),
(7, 7, 9.60, 7, '2024-09-30', '2024-10-27 07:05:52', '2024-10-27 07:05:52'),
(8, 8, 9.20, 4, '2024-10-14', '2024-10-27 07:05:52', '2024-10-27 07:05:52'),
(9, 9, 6.30, 8, '2024-10-13', '2024-10-27 07:05:52', '2024-10-27 07:05:52'),
(10, 10, 7.90, 9, '2024-10-05', '2024-10-27 07:05:52', '2024-10-27 07:05:52'),
(11, 11, 7.40, 3, '2024-10-12', '2024-10-27 07:05:52', '2024-10-27 07:05:52'),
(12, 12, 8.10, 9, '2024-10-02', '2024-10-27 07:05:52', '2024-10-27 07:05:52'),
(13, 13, 6.30, 2, '2024-10-02', '2024-10-27 07:05:52', '2024-10-27 07:05:52'),
(14, 14, 8.40, 10, '2024-10-09', '2024-10-27 07:05:52', '2024-10-27 07:05:52'),
(15, 15, 6.20, 10, '2024-10-15', '2024-10-27 07:05:52', '2024-10-27 07:05:52'),
(16, 16, 7.70, 10, '2024-10-03', '2024-10-27 07:05:52', '2024-10-27 07:05:52'),
(17, 17, 6.10, 9, '2024-10-17', '2024-10-27 07:05:52', '2024-10-27 07:05:52'),
(18, 18, 5.80, 3, '2024-10-12', '2024-10-27 07:05:52', '2024-10-27 07:05:52'),
(19, 19, 7.30, 3, '2024-10-06', '2024-10-27 07:05:52', '2024-10-27 07:05:52'),
(20, 20, 8.70, 2, '2024-10-10', '2024-10-27 07:05:52', '2024-10-27 07:05:52'),
(21, 21, 7.10, 3, '2024-09-27', '2024-10-27 07:05:52', '2024-10-27 07:05:52'),
(22, 22, 9.70, 8, '2024-10-05', '2024-10-27 07:05:52', '2024-10-27 07:05:52'),
(23, 23, 6.40, 4, '2024-10-12', '2024-10-27 07:05:52', '2024-10-27 07:05:52'),
(24, 24, 5.70, 8, '2024-10-05', '2024-10-27 07:05:52', '2024-10-27 07:05:52'),
(25, 25, 8.50, 1, '2024-10-09', '2024-10-27 07:05:52', '2024-10-27 07:05:52'),
(26, 26, 8.50, 5, '2024-10-11', '2024-10-27 07:05:52', '2024-10-27 07:05:52'),
(27, 27, 9.70, 5, '2024-09-28', '2024-10-27 07:05:52', '2024-10-27 07:05:52'),
(28, 28, 8.20, 4, '2024-10-15', '2024-10-27 07:05:52', '2024-10-27 07:05:52'),
(29, 29, 8.80, 8, '2024-10-01', '2024-10-27 07:05:52', '2024-10-27 07:05:52'),
(30, 30, 6.90, 4, '2024-10-04', '2024-10-27 07:05:52', '2024-10-27 07:05:52'),
(31, 31, 5.50, 3, '2024-10-03', '2024-10-27 07:05:52', '2024-10-27 07:05:52'),
(32, 32, 9.60, 9, '2024-10-01', '2024-10-27 07:05:52', '2024-10-27 07:05:52'),
(33, 33, 9.90, 6, '2024-10-14', '2024-10-27 07:05:52', '2024-10-27 07:05:52');

-- --------------------------------------------------------

--
-- Estructura de tabla para la tabla `vouchers`
--

CREATE TABLE `vouchers` (
  `id` bigint(20) UNSIGNED NOT NULL,
  `fecha` datetime NOT NULL,
  `hora` time NOT NULL,
  `operacion` varchar(191) NOT NULL,
  `monto` decimal(8,2) NOT NULL,
  `codigo_dni` varchar(191) NOT NULL,
  `servicio` varchar(191) NOT NULL,
  `created_at` timestamp NULL DEFAULT NULL,
  `updated_at` timestamp NULL DEFAULT NULL
) ENGINE=InnoDB DEFAULT CHARSET=utf8mb4 COLLATE=utf8mb4_unicode_ci;

--
-- Volcado de datos para la tabla `vouchers`
--

INSERT INTO `vouchers` (`id`, `fecha`, `hora`, `operacion`, `monto`, `codigo_dni`, `servicio`, `created_at`, `updated_at`) VALUES
(1, '2024-10-16 02:05:52', '06:05:52', '88888', 100.00, '8888', 'Servicio E', '2024-10-27 07:05:52', '2024-10-27 07:05:52'),
(2, '2024-09-28 02:05:52', '11:05:52', 'OP-671DA000553D4', 480.71, '92917148', 'Servicio E', '2024-10-27 07:05:52', '2024-10-27 07:05:52'),
(3, '2024-09-28 02:05:52', '12:05:52', 'OP-671DA00055C50', 223.32, '57650100', 'Servicio B', '2024-10-27 07:05:52', '2024-10-27 07:05:52'),
(4, '2024-10-19 02:05:52', '05:05:52', 'OP-671DA00056611', 393.63, '60491966', 'Servicio A', '2024-10-27 07:05:52', '2024-10-27 07:05:52'),
(5, '2024-09-28 02:05:52', '18:05:52', 'OP-671DA00056C1D', 435.53, '84167958', 'Servicio B', '2024-10-27 07:05:52', '2024-10-27 07:05:52'),
(6, '2024-10-20 02:05:52', '20:05:52', 'OP-671DA0005751B', 102.80, '80587137', 'Servicio B', '2024-10-27 07:05:52', '2024-10-27 07:05:52'),
(7, '2024-10-05 02:05:52', '06:05:52', 'OP-671DA00058C99', 429.86, '03459798', 'Servicio D', '2024-10-27 07:05:52', '2024-10-27 07:05:52'),
(8, '2024-10-13 02:05:52', '15:05:52', 'OP-671DA00059D4F', 229.60, '30928364', 'Servicio A', '2024-10-27 07:05:52', '2024-10-27 07:05:52'),
(9, '2024-10-19 02:05:52', '18:05:52', 'OP-671DA0005A7B2', 488.06, '30314947', 'Servicio A', '2024-10-27 07:05:52', '2024-10-27 07:05:52'),
(10, '2024-10-10 02:05:52', '23:05:52', 'OP-671DA0005B0B6', 238.96, '49947517', 'Servicio D', '2024-10-27 07:05:52', '2024-10-27 07:05:52'),
(11, '2024-09-28 02:05:52', '00:05:52', 'OP-671DA0005B816', 462.04, '04017790', 'Servicio E', '2024-10-27 07:05:52', '2024-10-27 07:05:52'),
(12, '2024-10-27 02:05:52', '13:05:52', 'OP-671DA0005BF1A', 226.57, '87856927', 'Servicio C', '2024-10-27 07:05:52', '2024-10-27 07:05:52'),
(13, '2024-10-21 02:05:52', '02:05:52', 'OP-671DA0005C64E', 290.19, '31007565', 'Servicio D', '2024-10-27 07:05:52', '2024-10-27 07:05:52'),
(14, '2024-09-30 02:05:52', '23:05:52', 'OP-671DA0005CF24', 60.62, '36141036', 'Servicio E', '2024-10-27 07:05:52', '2024-10-27 07:05:52'),
(15, '2024-09-29 02:05:52', '02:05:52', 'OP-671DA0005D3BF', 57.12, '64916854', 'Servicio E', '2024-10-27 07:05:52', '2024-10-27 07:05:52'),
(16, '2024-10-21 02:05:52', '16:05:52', 'OP-671DA0005D8BE', 450.58, '59213486', 'Servicio D', '2024-10-27 07:05:52', '2024-10-27 07:05:52'),
(17, '2024-10-14 02:05:52', '13:05:52', 'OP-671DA0005DFFD', 354.56, '48462749', 'Servicio A', '2024-10-27 07:05:52', '2024-10-27 07:05:52'),
(18, '2024-10-11 02:05:52', '11:05:52', 'OP-671DA0005E958', 469.48, '00640211', 'Servicio D', '2024-10-27 07:05:52', '2024-10-27 07:05:52'),
(19, '2024-10-19 02:05:52', '06:05:52', 'OP-671DA0005F176', 365.95, '01649446', 'Servicio D', '2024-10-27 07:05:52', '2024-10-27 07:05:52'),
(20, '2024-10-08 02:05:52', '09:05:52', 'OP-671DA0005F5F8', 215.52, '50570096', 'Servicio A', '2024-10-27 07:05:52', '2024-10-27 07:05:52'),
(21, '2024-10-08 02:05:52', '10:05:52', 'OP-671DA0005FD73', 488.11, '66400729', 'Servicio D', '2024-10-27 07:05:52', '2024-10-27 07:05:52'),
(22, '2024-10-02 02:05:52', '18:05:52', 'OP-671DA00060632', 223.71, '18656756', 'Servicio E', '2024-10-27 07:05:52', '2024-10-27 07:05:52'),
(23, '2024-10-01 02:05:52', '20:05:52', 'OP-671DA00060D27', 346.02, '01798565', 'Servicio A', '2024-10-27 07:05:52', '2024-10-27 07:05:52'),
(24, '2024-10-17 02:05:52', '09:05:52', 'OP-671DA000612D3', 435.94, '94311806', 'Servicio B', '2024-10-27 07:05:52', '2024-10-27 07:05:52'),
(25, '2024-10-23 02:05:52', '14:05:52', 'OP-671DA00061A31', 300.03, '89901658', 'Servicio E', '2024-10-27 07:05:52', '2024-10-27 07:05:52'),
(26, '2024-10-21 02:05:52', '18:05:52', 'OP-671DA000621B6', 232.49, '92337011', 'Servicio D', '2024-10-27 07:05:52', '2024-10-27 07:05:52'),
(27, '2024-10-01 02:05:52', '08:05:52', 'OP-671DA00062BB6', 340.25, '81652413', 'Servicio B', '2024-10-27 07:05:52', '2024-10-27 07:05:52'),
(28, '2024-10-25 02:05:52', '23:05:52', 'OP-671DA0006362F', 377.98, '94455006', 'Servicio B', '2024-10-27 07:05:52', '2024-10-27 07:05:52'),
(29, '2024-10-04 02:05:52', '21:05:52', 'OP-671DA00064038', 295.42, '17859110', 'Servicio E', '2024-10-27 07:05:52', '2024-10-27 07:05:52'),
(30, '2024-10-21 02:05:52', '03:05:52', 'OP-671DA00064628', 39.76, '62268197', 'Servicio D', '2024-10-27 07:05:52', '2024-10-27 07:05:52'),
(31, '2024-10-27 02:05:52', '16:05:52', 'OP-671DA00064D40', 346.67, '59493935', 'Servicio E', '2024-10-27 07:05:52', '2024-10-27 07:05:52'),
(32, '2024-10-01 02:05:52', '11:05:52', 'OP-671DA000655CD', 265.36, '31021149', 'Servicio A', '2024-10-27 07:05:52', '2024-10-27 07:05:52'),
(33, '2024-10-11 02:05:52', '12:05:52', 'OP-671DA00065B28', 492.43, '06302324', 'Servicio C', '2024-10-27 07:05:52', '2024-10-27 07:05:52'),
(34, '2024-10-25 02:05:52', '05:05:52', 'OP-671DA00066236', 35.97, '49653611', 'Servicio E', '2024-10-27 07:05:52', '2024-10-27 07:05:52'),
(35, '2024-10-26 02:05:52', '10:05:52', 'OP-671DA00066AA9', 49.75, '45242248', 'Servicio D', '2024-10-27 07:05:52', '2024-10-27 07:05:52'),
(36, '2024-10-12 02:05:52', '11:05:52', 'OP-671DA000671BC', 144.53, '00224417', 'Servicio B', '2024-10-27 07:05:52', '2024-10-27 07:05:52'),
(37, '2024-10-21 02:05:52', '19:05:52', 'OP-671DA000679AD', 101.79, '30735002', 'Servicio E', '2024-10-27 07:05:52', '2024-10-27 07:05:52'),
(38, '2024-10-13 02:05:52', '04:05:52', 'OP-671DA000681F1', 10.54, '45621608', 'Servicio A', '2024-10-27 07:05:52', '2024-10-27 07:05:52'),
(39, '2024-10-12 02:05:52', '03:05:52', 'OP-671DA00068840', 62.65, '88398063', 'Servicio A', '2024-10-27 07:05:52', '2024-10-27 07:05:52'),
(40, '2024-10-19 02:05:52', '23:05:52', 'OP-671DA00068D12', 374.72, '56126581', 'Servicio A', '2024-10-27 07:05:52', '2024-10-27 07:05:52'),
(41, '2024-10-20 02:05:52', '17:05:52', 'OP-671DA00069337', 168.98, '76924069', 'Servicio D', '2024-10-27 07:05:52', '2024-10-27 07:05:52'),
(42, '2024-10-23 02:05:52', '17:05:52', 'OP-671DA00069AD5', 326.28, '47014444', 'Servicio C', '2024-10-27 07:05:52', '2024-10-27 07:05:52'),
(43, '2024-10-05 02:05:52', '03:05:52', 'OP-671DA0006A31A', 497.03, '48723516', 'Servicio C', '2024-10-27 07:05:52', '2024-10-27 07:05:52'),
(44, '2024-10-04 02:05:52', '12:05:52', 'OP-671DA0006AA91', 186.76, '29304474', 'Servicio E', '2024-10-27 07:05:52', '2024-10-27 07:05:52'),
(45, '2024-10-06 02:05:52', '21:05:52', 'OP-671DA0006B2C2', 241.37, '41776496', 'Servicio B', '2024-10-27 07:05:52', '2024-10-27 07:05:52'),
(46, '2024-10-10 02:05:52', '21:05:52', 'OP-671DA0006BA37', 26.85, '58197040', 'Servicio C', '2024-10-27 07:05:52', '2024-10-27 07:05:52'),
(47, '2024-09-30 02:05:52', '22:05:52', 'OP-671DA0006C0C3', 284.58, '90349182', 'Servicio C', '2024-10-27 07:05:52', '2024-10-27 07:05:52'),
(48, '2024-10-03 02:05:52', '11:05:52', 'OP-671DA0006C5E0', 469.84, '45080059', 'Servicio D', '2024-10-27 07:05:52', '2024-10-27 07:05:52'),
(49, '2024-10-18 02:05:52', '07:05:52', '777777', 100.00, '21999564', 'Servicio D', '2024-10-07 05:00:00', '2024-10-27 07:05:52');

-- --------------------------------------------------------

--
-- Estructura de tabla para la tabla `vouchers_validados`
--

CREATE TABLE `vouchers_validados` (
  `id` bigint(20) UNSIGNED NOT NULL,
  `numero_operacion` varchar(191) NOT NULL,
  `fecha_pago` datetime NOT NULL,
  `monto` decimal(8,2) NOT NULL,
  `dni_codigo` varchar(191) NOT NULL,
  `nombres` varchar(191) NOT NULL,
  `apellidos` varchar(191) NOT NULL,
  `nombre_curso_servicio` varchar(191) NOT NULL,
  `estado` tinyint(1) NOT NULL DEFAULT 0,
  `voucher_id` bigint(20) UNSIGNED DEFAULT NULL,
  `pagos_siga_id` bigint(20) UNSIGNED DEFAULT NULL,
  `created_at` timestamp NULL DEFAULT NULL,
  `updated_at` timestamp NULL DEFAULT NULL
) ENGINE=InnoDB DEFAULT CHARSET=utf8mb4 COLLATE=utf8mb4_unicode_ci;

--
-- Volcado de datos para la tabla `vouchers_validados`
--

INSERT INTO `vouchers_validados` (`id`, `numero_operacion`, `fecha_pago`, `monto`, `dni_codigo`, `nombres`, `apellidos`, `nombre_curso_servicio`, `estado`, `voucher_id`, `pagos_siga_id`, `created_at`, `updated_at`) VALUES
(2, 'OP-671DA00053C22', '2024-10-16 02:05:52', 100.00, '63272778', 'Ana', 'López', 'Certificado 2', 1, 11, 32, '2024-10-27 07:05:52', '2024-10-27 07:05:52'),
(3, 'OP-671DA000914C7', '2024-10-03 02:05:52', 155.00, '70546801', 'Luisa', 'López', 'Certificado 2', 1, 24, 8, '2024-10-27 07:05:52', '2024-10-27 07:05:52'),
(4, 'OP-671DA000924CF', '2024-10-07 02:05:52', 200.00, '60145531', 'Jorge', 'Pérez', 'Certificado 2', 1, 34, 33, '2024-10-27 07:05:52', '2024-10-27 07:05:52'),
(5, 'OP-671DA00092BEA', '2024-10-19 02:05:52', 140.00, '37046605', 'Luisa', 'López', 'Historia del Arte', 1, 10, 48, '2024-10-27 07:05:52', '2024-10-27 07:05:52'),
(6, 'OP-671DA0009356D', '2024-10-19 02:05:52', 135.00, '27189097', 'Luisa', 'García', 'Sociología Contemporánea', 1, 17, 10, '2024-10-27 07:05:52', '2024-10-27 07:05:52'),
(7, 'OP-671DA00093C45', '2024-10-17 02:05:52', 180.00, '95596159', 'Pedro', 'López', 'Gestión de Proyectos', 1, 49, 23, '2024-10-27 07:05:52', '2024-10-27 07:05:52'),
(8, 'OP-671DA0009438D', '2024-10-10 02:05:52', 140.00, '87004984', 'María', 'Martínez', 'Historia del Arte', 1, 44, 47, '2024-10-27 07:05:52', '2024-10-27 07:05:52'),
(9, 'OP-671DA00094A9C', '2024-09-29 02:05:52', 155.00, '52160115', 'María', 'Pérez', 'Química General', 1, 45, 24, '2024-10-27 07:05:52', '2024-10-27 07:05:52'),
(10, 'OP-671DA000950E0', '2024-10-08 02:05:52', 135.00, '12375049', 'María', 'Martínez', 'Sociología Contemporánea', 1, 10, 9, '2024-10-27 07:05:52', '2024-10-27 07:05:52'),
(11, 'OP-671DA00095938', '2024-10-08 02:05:52', 180.00, '59308249', 'Pedro', 'García', 'Gestión de Proyectos', 1, 19, 20, '2024-10-27 07:05:52', '2024-10-27 07:05:52'),
(12, 'OP-671DA000962D4', '2024-10-03 02:05:52', 130.00, '34517799', 'Ana', 'Pérez', 'Matemáticas I', 1, 38, 17, '2024-10-27 07:05:52', '2024-10-27 07:05:52'),
(13, 'OP-671DA00096D2D', '2024-10-19 02:05:52', 160.00, '67282056', 'Pedro', 'Martínez', 'Matemáticas I', 1, 10, 44, '2024-10-27 07:05:52', '2024-10-27 07:05:52'),
(14, 'OP-671DA000976F4', '2024-10-26 02:05:52', 165.00, '15976763', 'Pedro', 'Martínez', 'Matemáticas I', 1, 29, 37, '2024-10-27 07:05:52', '2024-10-27 07:05:52'),
(15, 'OP-671DA00097DFF', '2024-10-23 02:05:52', 120.00, '23296669', 'Ana', 'González', 'Química General', 1, 21, 12, '2024-10-27 07:05:52', '2024-10-27 07:05:52'),
(16, 'OP-671DA00098529', '2024-10-09 02:05:52', 170.00, '54017422', 'Isabel', 'Martínez', 'Química General', 1, 20, 11, '2024-10-27 07:05:52', '2024-10-27 07:05:52'),
(17, 'OP-671DA00098D5E', '2024-10-17 02:05:52', 150.00, '12565659', 'Jorge', 'González', 'Química General', 1, 34, 34, '2024-10-27 07:05:52', '2024-10-27 07:05:52'),
(18, 'OP-671DA00099592', '2024-10-07 02:05:52', 180.00, '97820019', 'Isabel', 'Hernández', 'Gestión de Proyectos', 1, 10, 23, '2024-10-27 07:05:52', '2024-10-27 07:05:52'),
(19, 'OP-671DA00099D86', '2024-10-20 02:05:52', 180.00, '20182632', 'María', 'Hernández', 'Gestión de Proyectos', 1, 31, 3, '2024-10-27 07:05:52', '2024-10-27 07:05:52'),
(20, 'OP-671DA0009A593', '2024-10-06 02:05:52', 150.00, '58513242', 'María', 'López', 'Matemáticas II', 1, 12, 31, '2024-10-27 07:05:52', '2024-10-27 07:05:52'),
(21, 'OP-671DA0009ADEE', '2024-10-14 02:05:52', 150.00, '11900840', 'Juan', 'Martínez', 'Matemáticas I', 1, 1, 33, '2024-10-27 07:05:52', '2024-10-27 07:05:52'),
(23, 'OP-671DA0009CA35', '2024-10-14 02:05:52', 200.00, '05090219', 'Pedro', 'Hernández', 'Programación Básica', 1, 15, 17, '2024-10-27 07:05:52', '2024-10-27 07:05:52'),
(24, 'OP-671DA0009D1AF', '2024-10-16 02:05:52', 155.00, '76908312', 'Carlos', 'Pérez', 'Química General', 1, 15, 39, '2024-10-27 07:05:52', '2024-10-27 07:05:52'),
(25, 'OP-671DA0009DA14', '2024-10-03 02:05:52', 165.00, '49939633', 'Isabel', 'González', 'Biología Celular', 1, 1, 6, '2024-10-27 07:05:52', '2024-10-27 07:05:52'),
(26, 'OP-671DA0009E1CA', '2024-10-11 02:05:52', 140.00, '61831227', 'Carlos', 'Pérez', 'Historia del Arte', 1, 37, 31, '2024-10-27 07:05:52', '2024-10-27 07:05:52'),
(27, 'OP-671DA0009EAE7', '2024-10-07 02:05:52', 200.00, '65570879', 'Carlos', 'López', 'Programación Básica', 1, 49, 21, '2024-10-27 07:05:52', '2024-10-27 07:05:52'),
(28, 'OP-671DA000A05CE', '2024-10-09 02:05:52', 140.00, '28492924', 'Ana', 'González', 'Historia del Arte', 1, 3, 38, '2024-10-27 07:05:52', '2024-10-27 07:05:52'),
(29, 'OP-671DA000A11C3', '2024-10-16 02:05:52', 165.00, '41222650', 'Isabel', 'Martínez', 'Biología Celular', 1, 23, 32, '2024-10-27 07:05:52', '2024-10-27 07:05:52'),
(30, 'OP-671DA000A1B85', '2024-10-23 02:05:52', 165.00, '42823041', 'Luisa', 'Martínez', 'Biología Celular', 1, 38, 22, '2024-10-27 07:05:52', '2024-10-27 07:05:52'),
(32, 'OP-671DA000A332F', '2024-09-28 02:05:52', 180.00, '37053603', 'Carlos', 'García', 'Gestión de Proyectos', 1, 25, 24, '2024-10-27 07:05:52', '2024-10-27 07:05:52'),
(33, 'OP-671DA000A3AA2', '2024-10-24 02:05:52', 220.00, '61765105', 'Isabel', 'Hernández', 'Programación Avanzada', 1, 42, 46, '2024-10-27 07:05:52', '2024-10-27 07:05:52'),
(34, 'OP-671DA000A4EC7', '2024-10-22 02:05:52', 165.00, '55908521', 'Ana', 'Martínez', 'Biología Celular', 1, 46, 21, '2024-10-27 07:05:52', '2024-10-27 07:05:52'),
(35, 'OP-671DA000A5579', '2024-10-07 02:05:52', 125.00, '67121483', 'Pedro', 'López', 'Filosofía Moderna', 1, 2, 16, '2024-10-27 07:05:52', '2024-10-27 07:05:52'),
(36, 'OP-671DA000A636E', '2024-10-01 02:05:52', 170.00, '91286275', 'Luisa', 'Pérez', 'Química Orgánica', 1, 11, 20, '2024-10-27 07:05:52', '2024-10-27 07:05:52'),
(37, 'OP-671DA000A6AB7', '2024-10-13 02:05:52', 160.00, '74557308', 'Isabel', 'Martínez', 'Física I', 1, 30, 40, '2024-10-27 07:05:52', '2024-10-27 07:05:52'),
(38, 'OP-671DA000A71A4', '2024-09-28 02:05:52', 125.00, '60392301', 'Jorge', 'López', 'Filosofía Moderna', 1, 33, 4, '2024-10-27 07:05:52', '2024-10-27 07:05:52'),
(39, 'OP-671DA000B0102', '2024-10-15 02:05:52', 125.00, '47910316', 'Luisa', 'González', 'Filosofía Moderna', 1, 42, 28, '2024-10-27 07:05:52', '2024-10-27 07:05:52'),
(41, 'OP-671DA000B1C6D', '2024-10-22 02:05:52', 135.00, '76836045', 'Ana', 'Pérez', 'Sociología Contemporánea', 1, 41, 43, '2024-10-27 07:05:52', '2024-10-27 07:05:52'),
(42, 'OP-671DA000B28E5', '2024-10-03 02:05:52', 140.00, '48862445', 'Luisa', 'Martínez', 'Historia del Arte', 1, 44, 43, '2024-10-27 07:05:52', '2024-10-27 07:05:52'),
(43, 'OP-671DA000B35D7', '2024-10-14 02:05:52', 160.00, '89474898', 'María', 'González', 'Física II', 1, 47, 28, '2024-10-27 07:05:52', '2024-10-27 07:05:52'),
(44, 'OP-671DA000B406B', '2024-10-25 02:05:52', 120.00, '35136854', 'Juan', 'Hernández', 'Literatura Española', 1, 25, 3, '2024-10-27 07:05:52', '2024-10-27 07:05:52'),
(45, 'OP-671DA000B4B50', '2024-10-22 02:05:52', 135.00, '07530608', 'María', 'García', 'Sociología Contemporánea', 1, 21, 10, '2024-10-27 07:05:52', '2024-10-27 07:05:52'),
(46, 'OP-671DA000B5E80', '2024-10-07 02:05:52', 125.00, '85311466', 'Luisa', 'Martínez', 'Filosofía Moderna', 1, 27, 21, '2024-10-27 07:05:52', '2024-10-27 07:05:52'),
(47, 'OP-671DA000B963B', '2024-09-29 02:05:52', 170.00, '70761748', 'Jorge', 'López', 'Química Orgánica', 1, 2, 11, '2024-10-27 07:05:52', '2024-10-27 07:05:52'),
(48, 'OP-671DA000BA6D6', '2024-10-26 02:05:52', 125.00, '62490673', 'Ana', 'Pérez', 'Filosofía Moderna', 1, 12, 17, '2024-10-27 07:05:52', '2024-10-27 07:05:52'),
(49, 'OP-671DA000BACB8', '2024-10-02 02:05:52', 155.00, '01387840', 'Jorge', 'González', 'Química General', 1, 29, 3, '2024-10-27 07:05:52', '2024-10-27 07:05:52'),
(50, 'OP-671DA000BB49C', '2024-10-12 02:05:52', 150.00, '99485957', 'Juan', 'Pérez', 'Matemáticas I', 1, 3, 28, '2024-10-27 07:05:52', '2024-10-27 07:05:52'),
(75, '88888', '2024-10-16 02:05:52', 100.00, '8888', 'Juan', 'López', 'Servicio E', 1, 1, 3, '2024-11-02 07:31:06', '2024-11-02 07:31:06'),
(76, '777777', '2024-10-18 02:05:52', 100.00, '21999564', 'José', 'Díaz', 'Servicio D', 1, 49, 50, '2024-11-02 07:31:06', '2024-11-02 07:31:06');

--
-- Índices para tablas volcadas
--

--
-- Indices de la tabla `activities`
--
ALTER TABLE `activities`
  ADD PRIMARY KEY (`id`),
  ADD UNIQUE KEY `activities_activity_code_unique` (`activity_code`),
  ADD KEY `activities_course_id_foreign` (`course_id`);

--
-- Indices de la tabla `activity_submissions`
--
ALTER TABLE `activity_submissions`
  ADD PRIMARY KEY (`id`),
  ADD KEY `activity_submissions_user_id_foreign` (`user_id`),
  ADD KEY `activity_submissions_activity_id_foreign` (`activity_id`);

--
-- Indices de la tabla `activity_user`
--
ALTER TABLE `activity_user`
  ADD PRIMARY KEY (`id`),
  ADD KEY `activity_user_user_id_foreign` (`user_id`),
  ADD KEY `activity_user_activity_id_foreign` (`activity_id`);

--
-- Indices de la tabla `attendance`
--
ALTER TABLE `attendance`
  ADD PRIMARY KEY (`id`),
  ADD KEY `attendance_user_id_foreign` (`user_id`),
  ADD KEY `attendance_course_id_foreign` (`course_id`);

--
-- Indices de la tabla `cache`
--
ALTER TABLE `cache`
  ADD PRIMARY KEY (`key`);

--
-- Indices de la tabla `cache_locks`
--
ALTER TABLE `cache_locks`
  ADD PRIMARY KEY (`key`);

--
-- Indices de la tabla `certificados`
--
ALTER TABLE `certificados`
  ADD PRIMARY KEY (`id`);

--
-- Indices de la tabla `courses`
--
ALTER TABLE `courses`
  ADD PRIMARY KEY (`id`),
  ADD UNIQUE KEY `courses_course_id_unique` (`course_id`);

--
-- Indices de la tabla `course_user`
--
ALTER TABLE `course_user`
  ADD PRIMARY KEY (`id`),
  ADD KEY `course_user_course_id_foreign` (`course_id`),
  ADD KEY `course_user_user_id_foreign` (`user_id`);

--
-- Indices de la tabla `failed_jobs`
--
ALTER TABLE `failed_jobs`
  ADD PRIMARY KEY (`id`),
  ADD UNIQUE KEY `failed_jobs_uuid_unique` (`uuid`);

--
-- Indices de la tabla `jobs`
--
ALTER TABLE `jobs`
  ADD PRIMARY KEY (`id`),
  ADD KEY `jobs_queue_index` (`queue`);

--
-- Indices de la tabla `job_batches`
--
ALTER TABLE `job_batches`
  ADD PRIMARY KEY (`id`);

--
-- Indices de la tabla `matriculados`
--
ALTER TABLE `matriculados`
  ADD PRIMARY KEY (`id`),
  ADD UNIQUE KEY `matriculados_dni_unique` (`dni`),
  ADD KEY `matriculados_registro_id_foreign` (`registro_id`),
  ADD KEY `matriculados_matricula_id_foreign` (`matricula_id`),
  ADD KEY `matriculados_voucher_validado_id_foreign` (`voucher_validado_id`),
  ADD KEY `matriculados_user_id_foreign` (`user_id`);

--
-- Indices de la tabla `matriculas`
--
ALTER TABLE `matriculas`
  ADD PRIMARY KEY (`id`);

--
-- Indices de la tabla `migrations`
--
ALTER TABLE `migrations`
  ADD PRIMARY KEY (`id`);

--
-- Indices de la tabla `notas`
--
ALTER TABLE `notas`
  ADD PRIMARY KEY (`id`),
  ADD KEY `notas_activity_submission_id_foreign` (`activity_submission_id`);

--
-- Indices de la tabla `organizations`
--
ALTER TABLE `organizations`
  ADD PRIMARY KEY (`id`);

--
-- Indices de la tabla `pagos_s_i_g_g_a_s`
--
ALTER TABLE `pagos_s_i_g_g_a_s`
  ADD PRIMARY KEY (`id`);

--
-- Indices de la tabla `password_reset_tokens`
--
ALTER TABLE `password_reset_tokens`
  ADD PRIMARY KEY (`email`);

--
-- Indices de la tabla `registros`
--
ALTER TABLE `registros`
  ADD PRIMARY KEY (`id`),
  ADD UNIQUE KEY `registros_dni_unique` (`dni`);

--
-- Indices de la tabla `sessions`
--
ALTER TABLE `sessions`
  ADD PRIMARY KEY (`id`),
  ADD KEY `sessions_user_id_index` (`user_id`),
  ADD KEY `sessions_last_activity_index` (`last_activity`);

--
-- Indices de la tabla `students`
--
ALTER TABLE `students`
  ADD PRIMARY KEY (`id`),
  ADD UNIQUE KEY `students_dni_unique` (`dni`),
  ADD KEY `students_user_id_foreign` (`user_id`);

--
-- Indices de la tabla `teachers`
--
ALTER TABLE `teachers`
  ADD PRIMARY KEY (`id`),
  ADD UNIQUE KEY `teachers_dni_unique` (`dni`),
  ADD KEY `teachers_user_id_foreign` (`user_id`);

--
-- Indices de la tabla `users`
--
ALTER TABLE `users`
  ADD PRIMARY KEY (`id`),
  ADD UNIQUE KEY `users_email_unique` (`email`),
  ADD KEY `users_organization_id_foreign` (`organization_id`);

--
-- Indices de la tabla `user_certificados`
--
ALTER TABLE `user_certificados`
  ADD PRIMARY KEY (`id`),
  ADD KEY `user_certificados_user_id_foreign` (`user_id`),
  ADD KEY `user_certificados_certificado_id_foreign` (`certificado_id`);

--
-- Indices de la tabla `vouchers`
--
ALTER TABLE `vouchers`
  ADD PRIMARY KEY (`id`);

--
-- Indices de la tabla `vouchers_validados`
--
ALTER TABLE `vouchers_validados`
  ADD PRIMARY KEY (`id`),
  ADD KEY `vouchers_validados_voucher_id_foreign` (`voucher_id`),
  ADD KEY `vouchers_validados_pagos_siga_id_foreign` (`pagos_siga_id`);

--
-- AUTO_INCREMENT de las tablas volcadas
--

--
-- AUTO_INCREMENT de la tabla `activities`
--
ALTER TABLE `activities`
  MODIFY `id` bigint(20) UNSIGNED NOT NULL AUTO_INCREMENT, AUTO_INCREMENT=16;

--
-- AUTO_INCREMENT de la tabla `activity_submissions`
--
ALTER TABLE `activity_submissions`
  MODIFY `id` bigint(20) UNSIGNED NOT NULL AUTO_INCREMENT, AUTO_INCREMENT=56;

--
-- AUTO_INCREMENT de la tabla `activity_user`
--
ALTER TABLE `activity_user`
  MODIFY `id` bigint(20) UNSIGNED NOT NULL AUTO_INCREMENT;

--
-- AUTO_INCREMENT de la tabla `attendance`
--
ALTER TABLE `attendance`
  MODIFY `id` bigint(20) UNSIGNED NOT NULL AUTO_INCREMENT, AUTO_INCREMENT=3451;

--
-- AUTO_INCREMENT de la tabla `certificados`
--
ALTER TABLE `certificados`
  MODIFY `id` bigint(20) UNSIGNED NOT NULL AUTO_INCREMENT, AUTO_INCREMENT=11;

--
-- AUTO_INCREMENT de la tabla `courses`
--
ALTER TABLE `courses`
  MODIFY `id` bigint(20) UNSIGNED NOT NULL AUTO_INCREMENT, AUTO_INCREMENT=16;

--
-- AUTO_INCREMENT de la tabla `course_user`
--
ALTER TABLE `course_user`
  MODIFY `id` bigint(20) UNSIGNED NOT NULL AUTO_INCREMENT, AUTO_INCREMENT=110;

--
-- AUTO_INCREMENT de la tabla `failed_jobs`
--
ALTER TABLE `failed_jobs`
  MODIFY `id` bigint(20) UNSIGNED NOT NULL AUTO_INCREMENT;

--
-- AUTO_INCREMENT de la tabla `jobs`
--
ALTER TABLE `jobs`
  MODIFY `id` bigint(20) UNSIGNED NOT NULL AUTO_INCREMENT;

--
-- AUTO_INCREMENT de la tabla `matriculados`
--
ALTER TABLE `matriculados`
  MODIFY `id` bigint(20) UNSIGNED NOT NULL AUTO_INCREMENT, AUTO_INCREMENT=16;

--
-- AUTO_INCREMENT de la tabla `matriculas`
--
ALTER TABLE `matriculas`
  MODIFY `id` bigint(20) UNSIGNED NOT NULL AUTO_INCREMENT, AUTO_INCREMENT=7;

--
-- AUTO_INCREMENT de la tabla `migrations`
--
ALTER TABLE `migrations`
  MODIFY `id` int(10) UNSIGNED NOT NULL AUTO_INCREMENT, AUTO_INCREMENT=683;

--
-- AUTO_INCREMENT de la tabla `notas`
--
ALTER TABLE `notas`
  MODIFY `id` bigint(20) UNSIGNED NOT NULL AUTO_INCREMENT, AUTO_INCREMENT=56;

--
-- AUTO_INCREMENT de la tabla `organizations`
--
ALTER TABLE `organizations`
  MODIFY `id` bigint(20) UNSIGNED NOT NULL AUTO_INCREMENT, AUTO_INCREMENT=4;

--
-- AUTO_INCREMENT de la tabla `pagos_s_i_g_g_a_s`
--
ALTER TABLE `pagos_s_i_g_g_a_s`
  MODIFY `id` bigint(20) UNSIGNED NOT NULL AUTO_INCREMENT, AUTO_INCREMENT=51;

--
-- AUTO_INCREMENT de la tabla `registros`
--
ALTER TABLE `registros`
  MODIFY `id` bigint(20) UNSIGNED NOT NULL AUTO_INCREMENT, AUTO_INCREMENT=57;

--
-- AUTO_INCREMENT de la tabla `students`
--
ALTER TABLE `students`
  MODIFY `id` bigint(20) UNSIGNED NOT NULL AUTO_INCREMENT, AUTO_INCREMENT=31;

--
-- AUTO_INCREMENT de la tabla `teachers`
--
ALTER TABLE `teachers`
  MODIFY `id` bigint(20) UNSIGNED NOT NULL AUTO_INCREMENT, AUTO_INCREMENT=3;

--
-- AUTO_INCREMENT de la tabla `users`
--
ALTER TABLE `users`
  MODIFY `id` bigint(20) UNSIGNED NOT NULL AUTO_INCREMENT, AUTO_INCREMENT=36;

--
-- AUTO_INCREMENT de la tabla `user_certificados`
--
ALTER TABLE `user_certificados`
  MODIFY `id` bigint(20) UNSIGNED NOT NULL AUTO_INCREMENT, AUTO_INCREMENT=34;

--
-- AUTO_INCREMENT de la tabla `vouchers`
--
ALTER TABLE `vouchers`
  MODIFY `id` bigint(20) UNSIGNED NOT NULL AUTO_INCREMENT, AUTO_INCREMENT=65;

--
-- AUTO_INCREMENT de la tabla `vouchers_validados`
--
ALTER TABLE `vouchers_validados`
  MODIFY `id` bigint(20) UNSIGNED NOT NULL AUTO_INCREMENT, AUTO_INCREMENT=77;

--
-- Restricciones para tablas volcadas
--

--
-- Filtros para la tabla `activities`
--
ALTER TABLE `activities`
  ADD CONSTRAINT `activities_course_id_foreign` FOREIGN KEY (`course_id`) REFERENCES `courses` (`id`) ON DELETE CASCADE;

--
-- Filtros para la tabla `activity_submissions`
--
ALTER TABLE `activity_submissions`
  ADD CONSTRAINT `activity_submissions_activity_id_foreign` FOREIGN KEY (`activity_id`) REFERENCES `activities` (`id`) ON DELETE CASCADE,
  ADD CONSTRAINT `activity_submissions_user_id_foreign` FOREIGN KEY (`user_id`) REFERENCES `users` (`id`) ON DELETE CASCADE;

--
-- Filtros para la tabla `activity_user`
--
ALTER TABLE `activity_user`
  ADD CONSTRAINT `activity_user_activity_id_foreign` FOREIGN KEY (`activity_id`) REFERENCES `activities` (`id`) ON DELETE CASCADE,
  ADD CONSTRAINT `activity_user_user_id_foreign` FOREIGN KEY (`user_id`) REFERENCES `users` (`id`) ON DELETE CASCADE;

--
-- Filtros para la tabla `attendance`
--
ALTER TABLE `attendance`
  ADD CONSTRAINT `attendance_course_id_foreign` FOREIGN KEY (`course_id`) REFERENCES `courses` (`id`) ON DELETE CASCADE,
  ADD CONSTRAINT `attendance_user_id_foreign` FOREIGN KEY (`user_id`) REFERENCES `users` (`id`) ON DELETE CASCADE;

--
-- Filtros para la tabla `course_user`
--
ALTER TABLE `course_user`
  ADD CONSTRAINT `course_user_course_id_foreign` FOREIGN KEY (`course_id`) REFERENCES `courses` (`id`) ON DELETE CASCADE,
  ADD CONSTRAINT `course_user_user_id_foreign` FOREIGN KEY (`user_id`) REFERENCES `users` (`id`) ON DELETE CASCADE;

--
-- Filtros para la tabla `matriculados`
--
ALTER TABLE `matriculados`
  ADD CONSTRAINT `matriculados_matricula_id_foreign` FOREIGN KEY (`matricula_id`) REFERENCES `matriculas` (`id`) ON DELETE CASCADE,
  ADD CONSTRAINT `matriculados_registro_id_foreign` FOREIGN KEY (`registro_id`) REFERENCES `registros` (`id`) ON DELETE CASCADE,
  ADD CONSTRAINT `matriculados_user_id_foreign` FOREIGN KEY (`user_id`) REFERENCES `users` (`id`) ON DELETE CASCADE,
  ADD CONSTRAINT `matriculados_voucher_validado_id_foreign` FOREIGN KEY (`voucher_validado_id`) REFERENCES `vouchers_validados` (`id`) ON DELETE CASCADE;

--
-- Filtros para la tabla `notas`
--
ALTER TABLE `notas`
  ADD CONSTRAINT `notas_activity_submission_id_foreign` FOREIGN KEY (`activity_submission_id`) REFERENCES `activity_submissions` (`id`) ON DELETE CASCADE;

--
-- Filtros para la tabla `students`
--
ALTER TABLE `students`
  ADD CONSTRAINT `students_user_id_foreign` FOREIGN KEY (`user_id`) REFERENCES `users` (`id`) ON DELETE CASCADE;

--
-- Filtros para la tabla `teachers`
--
ALTER TABLE `teachers`
  ADD CONSTRAINT `teachers_user_id_foreign` FOREIGN KEY (`user_id`) REFERENCES `users` (`id`) ON DELETE CASCADE;

--
-- Filtros para la tabla `users`
--
ALTER TABLE `users`
  ADD CONSTRAINT `users_organization_id_foreign` FOREIGN KEY (`organization_id`) REFERENCES `organizations` (`id`) ON DELETE SET NULL;

--
-- Filtros para la tabla `user_certificados`
--
ALTER TABLE `user_certificados`
  ADD CONSTRAINT `user_certificados_certificado_id_foreign` FOREIGN KEY (`certificado_id`) REFERENCES `certificados` (`id`) ON DELETE CASCADE,
  ADD CONSTRAINT `user_certificados_user_id_foreign` FOREIGN KEY (`user_id`) REFERENCES `users` (`id`) ON DELETE CASCADE;

--
-- Filtros para la tabla `vouchers_validados`
--
ALTER TABLE `vouchers_validados`
  ADD CONSTRAINT `vouchers_validados_pagos_siga_id_foreign` FOREIGN KEY (`pagos_siga_id`) REFERENCES `pagos_s_i_g_g_a_s` (`id`) ON DELETE CASCADE,
  ADD CONSTRAINT `vouchers_validados_voucher_id_foreign` FOREIGN KEY (`voucher_id`) REFERENCES `vouchers` (`id`) ON DELETE CASCADE;
COMMIT;

/*!40101 SET CHARACTER_SET_CLIENT=@OLD_CHARACTER_SET_CLIENT */;
/*!40101 SET CHARACTER_SET_RESULTS=@OLD_CHARACTER_SET_RESULTS */;
/*!40101 SET COLLATION_CONNECTION=@OLD_COLLATION_CONNECTION */;
